source_row_id,original_material_label,candidate_series,response_endpoint_candidate,source_article_section,source_order_mapping_status,series_evidence
302,SCWB-P,pH_pattern,Q_e_at_equilibrium_condition,3.2.1,source_order_candidate_pending_table_or_figure_confirmation,contiguous workbook block order matches the source article section order and expected triplicate counts; source table/figure row IDs are not available in the XML export
303,SCWB-P,pH_pattern,Q_e_at_equilibrium_condition,3.2.1,source_order_candidate_pending_table_or_figure_confirmation,contiguous workbook block order matches the source article section order and expected triplicate counts; source table/figure row IDs are not available in the XML export
304,SCWB-P,pH_pattern,Q_e_at_equilibrium_condition,3.2.1,source_order_candidate_pending_table_or_figure_confirmation,contiguous workbook block order matches the source article section order and expected triplicate counts; source table/figure row IDs are not available in the XML export
305,SCWB-P,pH_pattern,Q_e_at_equilibrium_condition,3.2.1,source_order_candidate_pending_table_or_figure_confirmation,contiguous workbook block order matches the source article section order and expected triplicate counts; source table/figure row IDs are not available in the XML export
306,SCWB-P,pH_pattern,Q_e_at_equilibrium_condition,3.2.1,source_order_candidate_pending_table_or_figure_confirmation,contiguous workbook block order matches the source article section order and expected triplicate counts; source table/figure row IDs are not available in the XML export
307,SCWB-P,pH_pattern,Q_e_at_equilibrium_condition,3.2.1,source_order_candidate_pending_table_or_figure_confirmation,contiguous workbook block order matches the source article section order and expected triplicate counts; source table/figure row IDs are not available in the XML export
308,SCWB-P,pH_pattern,Q_e_at_equilibrium_condition,3.2.1,source_order_candidate_pending_table_or_figure_confirmation,contiguous workbook block order matches the source article section order and expected triplicate counts; source table/figure row IDs are not available in the XML export
309,SCWB-P,pH_pattern,Q_e_at_equilibrium_condition,3.2.1,source_order_candidate_pending_table_or_figure_confirmation,contiguous workbook block order matches the source article section order and expected triplicate counts; source table/figure row IDs are not available in the XML export
310,SCWB-P,pH_pattern,Q_e_at_equilibrium_condition,3.2.1,source_order_candidate_pending_table_or_figure_confirmation,contiguous workbook block order matches the source article section order and expected triplicate counts; source table/figure row IDs are not available in the XML export
311,SCWB-P,pH_pattern,Q_e_at_equilibrium_condition,3.2.1,source_order_candidate_pending_table_or_figure_confirmation,contiguous workbook block order matches the source article section order and expected triplicate counts; source table/figure row IDs are not available in the XML export
312,SCWB-P,pH_pattern,Q_e_at_equilibrium_condition,3.2.1,source_order_candidate_pending_table_or_figure_confirmation,contiguous workbook block order matches the source article section order and expected triplicate counts; source table/figure row IDs are not available in the XML export
313,SCWB-P,pH_pattern,Q_e_at_equilibrium_condition,3.2.1,source_order_candidate_pending_table_or_figure_confirmation,contiguous workbook block order matches the source article section order and expected triplicate counts; source table/figure row IDs are not available in the XML export
314,SCWB-P,pH_pattern,Q_e_at_equilibrium_condition,3.2.1,source_order_candidate_pending_table_or_figure_confirmation,contiguous workbook block order matches the source article section order and expected triplicate counts; source table/figure row IDs are not available in the XML export
315,SCWB-P,pH_pattern,Q_e_at_equilibrium_condition,3.2.1,source_order_candidate_pending_table_or_figure_confirmation,contiguous workbook block order matches the source article section order and expected triplicate counts; source table/figure row IDs are not available in the XML export
316,SCWB-P,pH_pattern,Q_e_at_equilibrium_condition,3.2.1,source_order_candidate_pending_table_or_figure_confirmation,contiguous workbook block order matches the source article section order and expected triplicate counts; source table/figure row IDs are not available in the XML export
317,SCWB-P,pH_pattern,Q_e_at_equilibrium_condition,3.2.1,source_order_candidate_pending_table_or_figure_confirmation,contiguous workbook block order matches the source article section order and expected triplicate counts; source table/figure row IDs are not available in the XML export
318,SCWB-P,pH_pattern,Q_e_at_equilibrium_condition,3.2.1,source_order_candidate_pending_table_or_figure_confirmation,contiguous workbook block order matches the source article section order and expected triplicate counts; source table/figure row IDs are not available in the XML export
319,SCWB-P,pH_pattern,Q_e_at_equilibrium_condition,3.2.1,source_order_candidate_pending_table_or_figure_confirmation,contiguous workbook block order matches the source article section order and expected triplicate counts; source table/figure row IDs are not available in the XML export
320,SCWB-P,pH_pattern,Q_e_at_equilibrium_condition,3.2.1,source_order_candidate_pending_table_or_figure_confirmation,contiguous workbook block order matches the source article section order and expected triplicate counts; source table/figure row IDs are not available in the XML export
321,SCWB-P,pH_pattern,Q_e_at_equilibrium_condition,3.2.1,source_order_candidate_pending_table_or_figure_confirmation,contiguous workbook block order matches the source article section order and expected triplicate counts; source table/figure row IDs are not available in the XML export
322,SCWB-P,pH_pattern,Q_e_at_equilibrium_condition,3.2.1,source_order_candidate_pending_table_or_figure_confirmation,contiguous workbook block order matches the source article section order and expected triplicate counts; source table/figure row IDs are not available in the XML export
323,SCWB-P,pH_pattern,Q_e_at_equilibrium_condition,3.2.1,source_order_candidate_pending_table_or_figure_confirmation,contiguous workbook block order matches the source article section order and expected triplicate counts; source table/figure row IDs are not available in the XML export
324,SCWB-P,pH_pattern,Q_e_at_equilibrium_condition,3.2.1,source_order_candidate_pending_table_or_figure_confirmation,contiguous workbook block order matches the source article section order and expected triplicate counts; source table/figure row IDs are not available in the XML export
325,SCWB-P,pH_pattern,Q_e_at_equilibrium_condition,3.2.1,source_order_candidate_pending_table_or_figure_confirmation,contiguous workbook block order matches the source article section order and expected triplicate counts; source table/figure row IDs are not available in the XML export
326,SCWB-P,pH_pattern,Q_e_at_equilibrium_condition,3.2.1,source_order_candidate_pending_table_or_figure_confirmation,contiguous workbook block order matches the source article section order and expected triplicate counts; source table/figure row IDs are not available in the XML export
327,SCWB-P,pH_pattern,Q_e_at_equilibrium_condition,3.2.1,source_order_candidate_pending_table_or_figure_confirmation,contiguous workbook block order matches the source article section order and expected triplicate counts; source table/figure row IDs are not available in the XML export
328,SCWB-P,pH_pattern,Q_e_at_equilibrium_condition,3.2.1,source_order_candidate_pending_table_or_figure_confirmation,contiguous workbook block order matches the source article section order and expected triplicate counts; source table/figure row IDs are not available in the XML export
329,SCWB-P,pH_pattern,Q_e_at_equilibrium_condition,3.2.1,source_order_candidate_pending_table_or_figure_confirmation,contiguous workbook block order matches the source article section order and expected triplicate counts; source table/figure row IDs are not available in the XML export
330,SCWB-P,pH_pattern,Q_e_at_equilibrium_condition,3.2.1,source_order_candidate_pending_table_or_figure_confirmation,contiguous workbook block order matches the source article section order and expected triplicate counts; source table/figure row IDs are not available in the XML export
331,SCWB-P,pH_pattern,Q_e_at_equilibrium_condition,3.2.1,source_order_candidate_pending_table_or_figure_confirmation,contiguous workbook block order matches the source article section order and expected triplicate counts; source table/figure row IDs are not available in the XML export
332,SCWB-P,pH_pattern,Q_e_at_equilibrium_condition,3.2.1,source_order_candidate_pending_table_or_figure_confirmation,contiguous workbook block order matches the source article section order and expected triplicate counts; source table/figure row IDs are not available in the XML export
333,SCWB-P,pH_pattern,Q_e_at_equilibrium_condition,3.2.1,source_order_candidate_pending_table_or_figure_confirmation,contiguous workbook block order matches the source article section order and expected triplicate counts; source table/figure row IDs are not available in the XML export
334,SCWB-P,pH_pattern,Q_e_at_equilibrium_condition,3.2.1,source_order_candidate_pending_table_or_figure_confirmation,contiguous workbook block order matches the source article section order and expected triplicate counts; source table/figure row IDs are not available in the XML export
335,SCWB-P,pH_pattern,Q_e_at_equilibrium_condition,3.2.1,source_order_candidate_pending_table_or_figure_confirmation,contiguous workbook block order matches the source article section order and expected triplicate counts; source table/figure row IDs are not available in the XML export
336,SCWB-P,pH_pattern,Q_e_at_equilibrium_condition,3.2.1,source_order_candidate_pending_table_or_figure_confirmation,contiguous workbook block order matches the source article section order and expected triplicate counts; source table/figure row IDs are not available in the XML export
337,SCWB-P,pH_pattern,Q_e_at_equilibrium_condition,3.2.1,source_order_candidate_pending_table_or_figure_confirmation,contiguous workbook block order matches the source article section order and expected triplicate counts; source table/figure row IDs are not available in the XML export
338,SCWB-A,pH_pattern,Q_e_at_equilibrium_condition,3.2.1,source_order_candidate_pending_table_or_figure_confirmation,contiguous workbook block order matches the source article section order and expected triplicate counts; source table/figure row IDs are not available in the XML export
339,SCWB-A,pH_pattern,Q_e_at_equilibrium_condition,3.2.1,source_order_candidate_pending_table_or_figure_confirmation,contiguous workbook block order matches the source article section order and expected triplicate counts; source table/figure row IDs are not available in the XML export
340,SCWB-A,pH_pattern,Q_e_at_equilibrium_condition,3.2.1,source_order_candidate_pending_table_or_figure_confirmation,contiguous workbook block order matches the source article section order and expected triplicate counts; source table/figure row IDs are not available in the XML export
341,SCWB-A,pH_pattern,Q_e_at_equilibrium_condition,3.2.1,source_order_candidate_pending_table_or_figure_confirmation,contiguous workbook block order matches the source article section order and expected triplicate counts; source table/figure row IDs are not available in the XML export
342,SCWB-A,pH_pattern,Q_e_at_equilibrium_condition,3.2.1,source_order_candidate_pending_table_or_figure_confirmation,contiguous workbook block order matches the source article section order and expected triplicate counts; source table/figure row IDs are not available in the XML export
343,SCWB-A,pH_pattern,Q_e_at_equilibrium_condition,3.2.1,source_order_candidate_pending_table_or_figure_confirmation,contiguous workbook block order matches the source article section order and expected triplicate counts; source table/figure row IDs are not available in the XML export
344,SCWB-A,pH_pattern,Q_e_at_equilibrium_condition,3.2.1,source_order_candidate_pending_table_or_figure_confirmation,contiguous workbook block order matches the source article section order and expected triplicate counts; source table/figure row IDs are not available in the XML export
345,SCWB-A,pH_pattern,Q_e_at_equilibrium_condition,3.2.1,source_order_candidate_pending_table_or_figure_confirmation,contiguous workbook block order matches the source article section order and expected triplicate counts; source table/figure row IDs are not available in the XML export
346,SCWB-A,pH_pattern,Q_e_at_equilibrium_condition,3.2.1,source_order_candidate_pending_table_or_figure_confirmation,contiguous workbook block order matches the source article section order and expected triplicate counts; source table/figure row IDs are not available in the XML export
347,SCWB-A,pH_pattern,Q_e_at_equilibrium_condition,3.2.1,source_order_candidate_pending_table_or_figure_confirmation,contiguous workbook block order matches the source article section order and expected triplicate counts; source table/figure row IDs are not available in the XML export
348,SCWB-A,pH_pattern,Q_e_at_equilibrium_condition,3.2.1,source_order_candidate_pending_table_or_figure_confirmation,contiguous workbook block order matches the source article section order and expected triplicate counts; source table/figure row IDs are not available in the XML export
349,SCWB-A,pH_pattern,Q_e_at_equilibrium_condition,3.2.1,source_order_candidate_pending_table_or_figure_confirmation,contiguous workbook block order matches the source article section order and expected triplicate counts; source table/figure row IDs are not available in the XML export
350,SCWB-A,pH_pattern,Q_e_at_equilibrium_condition,3.2.1,source_order_candidate_pending_table_or_figure_confirmation,contiguous workbook block order matches the source article section order and expected triplicate counts; source table/figure row IDs are not available in the XML export
351,SCWB-A,pH_pattern,Q_e_at_equilibrium_condition,3.2.1,source_order_candidate_pending_table_or_figure_confirmation,contiguous workbook block order matches the source article section order and expected triplicate counts; source table/figure row IDs are not available in the XML export
352,SCWB-A,pH_pattern,Q_e_at_equilibrium_condition,3.2.1,source_order_candidate_pending_table_or_figure_confirmation,contiguous workbook block order matches the source article section order and expected triplicate counts; source table/figure row IDs are not available in the XML export
353,SCWB-A,pH_pattern,Q_e_at_equilibrium_condition,3.2.1,source_order_candidate_pending_table_or_figure_confirmation,contiguous workbook block order matches the source article section order and expected triplicate counts; source table/figure row IDs are not available in the XML export
354,SCWB-A,pH_pattern,Q_e_at_equilibrium_condition,3.2.1,source_order_candidate_pending_table_or_figure_confirmation,contiguous workbook block order matches the source article section order and expected triplicate counts; source table/figure row IDs are not available in the XML export
355,SCWB-A,pH_pattern,Q_e_at_equilibrium_condition,3.2.1,source_order_candidate_pending_table_or_figure_confirmation,contiguous workbook block order matches the source article section order and expected triplicate counts; source table/figure row IDs are not available in the XML export
356,SCWB-A,pH_pattern,Q_e_at_equilibrium_condition,3.2.1,source_order_candidate_pending_table_or_figure_confirmation,contiguous workbook block order matches the source article section order and expected triplicate counts; source table/figure row IDs are not available in the XML export
357,SCWB-A,pH_pattern,Q_e_at_equilibrium_condition,3.2.1,source_order_candidate_pending_table_or_figure_confirmation,contiguous workbook block order matches the source article section order and expected triplicate counts; source table/figure row IDs are not available in the XML export
358,SCWB-A,pH_pattern,Q_e_at_equilibrium_condition,3.2.1,source_order_candidate_pending_table_or_figure_confirmation,contiguous workbook block order matches the source article section order and expected triplicate counts; source table/figure row IDs are not available in the XML export
359,SCWB-A,pH_pattern,Q_e_at_equilibrium_condition,3.2.1,source_order_candidate_pending_table_or_figure_confirmation,contiguous workbook block order matches the source article section order and expected triplicate counts; source table/figure row IDs are not available in the XML export
360,SCWB-A,pH_pattern,Q_e_at_equilibrium_condition,3.2.1,source_order_candidate_pending_table_or_figure_confirmation,contiguous workbook block order matches the source article section order and expected triplicate counts; source table/figure row IDs are not available in the XML export
361,SCWB-A,pH_pattern,Q_e_at_equilibrium_condition,3.2.1,source_order_candidate_pending_table_or_figure_confirmation,contiguous workbook block order matches the source article section order and expected triplicate counts; source table/figure row IDs are not available in the XML export
362,SCWB-A,pH_pattern,Q_e_at_equilibrium_condition,3.2.1,source_order_candidate_pending_table_or_figure_confirmation,contiguous workbook block order matches the source article section order and expected triplicate counts; source table/figure row IDs are not available in the XML export
363,SCWB-A,pH_pattern,Q_e_at_equilibrium_condition,3.2.1,source_order_candidate_pending_table_or_figure_confirmation,contiguous workbook block order matches the source article section order and expected triplicate counts; source table/figure row IDs are not available in the XML export
364,SCWB-A,pH_pattern,Q_e_at_equilibrium_condition,3.2.1,source_order_candidate_pending_table_or_figure_confirmation,contiguous workbook block order matches the source article section order and expected triplicate counts; source table/figure row IDs are not available in the XML export
365,SCWB-A,pH_pattern,Q_e_at_equilibrium_condition,3.2.1,source_order_candidate_pending_table_or_figure_confirmation,contiguous workbook block order matches the source article section order and expected triplicate counts; source table/figure row IDs are not available in the XML export
366,SCWB-A,pH_pattern,Q_e_at_equilibrium_condition,3.2.1,source_order_candidate_pending_table_or_figure_confirmation,contiguous workbook block order matches the source article section order and expected triplicate counts; source table/figure row IDs are not available in the XML export
367,SCWB-A,pH_pattern,Q_e_at_equilibrium_condition,3.2.1,source_order_candidate_pending_table_or_figure_confirmation,contiguous workbook block order matches the source article section order and expected triplicate counts; source table/figure row IDs are not available in the XML export
368,SCWB-A,pH_pattern,Q_e_at_equilibrium_condition,3.2.1,source_order_candidate_pending_table_or_figure_confirmation,contiguous workbook block order matches the source article section order and expected triplicate counts; source table/figure row IDs are not available in the XML export
369,SCWB-A,pH_pattern,Q_e_at_equilibrium_condition,3.2.1,source_order_candidate_pending_table_or_figure_confirmation,contiguous workbook block order matches the source article section order and expected triplicate counts; source table/figure row IDs are not available in the XML export
370,SCWB-A,pH_pattern,Q_e_at_equilibrium_condition,3.2.1,source_order_candidate_pending_table_or_figure_confirmation,contiguous workbook block order matches the source article section order and expected triplicate counts; source table/figure row IDs are not available in the XML export
371,SCWB-A,pH_pattern,Q_e_at_equilibrium_condition,3.2.1,source_order_candidate_pending_table_or_figure_confirmation,contiguous workbook block order matches the source article section order and expected triplicate counts; source table/figure row IDs are not available in the XML export
372,SCWB-A,pH_pattern,Q_e_at_equilibrium_condition,3.2.1,source_order_candidate_pending_table_or_figure_confirmation,contiguous workbook block order matches the source article section order and expected triplicate counts; source table/figure row IDs are not available in the XML export
373,SCWB-A,pH_pattern,Q_e_at_equilibrium_condition,3.2.1,source_order_candidate_pending_table_or_figure_confirmation,contiguous workbook block order matches the source article section order and expected triplicate counts; source table/figure row IDs are not available in the XML export
374,SCWB-P,dosage_pattern,Q_e_at_equilibrium_condition,3.2.2,source_order_candidate_pending_table_or_figure_confirmation,contiguous workbook block order matches the source article section order and expected triplicate counts; source table/figure row IDs are not available in the XML export
375,SCWB-P,dosage_pattern,Q_e_at_equilibrium_condition,3.2.2,source_order_candidate_pending_table_or_figure_confirmation,contiguous workbook block order matches the source article section order and expected triplicate counts; source table/figure row IDs are not available in the XML export
376,SCWB-P,dosage_pattern,Q_e_at_equilibrium_condition,3.2.2,source_order_candidate_pending_table_or_figure_confirmation,contiguous workbook block order matches the source article section order and expected triplicate counts; source table/figure row IDs are not available in the XML export
377,SCWB-P,dosage_pattern,Q_e_at_equilibrium_condition,3.2.2,source_order_candidate_pending_table_or_figure_confirmation,contiguous workbook block order matches the source article section order and expected triplicate counts; source table/figure row IDs are not available in the XML export
378,SCWB-P,dosage_pattern,Q_e_at_equilibrium_condition,3.2.2,source_order_candidate_pending_table_or_figure_confirmation,contiguous workbook block order matches the source article section order and expected triplicate counts; source table/figure row IDs are not available in the XML export
379,SCWB-P,dosage_pattern,Q_e_at_equilibrium_condition,3.2.2,source_order_candidate_pending_table_or_figure_confirmation,contiguous workbook block order matches the source article section order and expected triplicate counts; source table/figure row IDs are not available in the XML export
380,SCWB-P,dosage_pattern,Q_e_at_equilibrium_condition,3.2.2,source_order_candidate_pending_table_or_figure_confirmation,contiguous workbook block order matches the source article section order and expected triplicate counts; source table/figure row IDs are not available in the XML export
381,SCWB-P,dosage_pattern,Q_e_at_equilibrium_condition,3.2.2,source_order_candidate_pending_table_or_figure_confirmation,contiguous workbook block order matches the source article section order and expected triplicate counts; source table/figure row IDs are not available in the XML export
382,SCWB-P,dosage_pattern,Q_e_at_equilibrium_condition,3.2.2,source_order_candidate_pending_table_or_figure_confirmation,contiguous workbook block order matches the source article section order and expected triplicate counts; source table/figure row IDs are not available in the XML export
383,SCWB-P,dosage_pattern,Q_e_at_equilibrium_condition,3.2.2,source_order_candidate_pending_table_or_figure_confirmation,contiguous workbook block order matches the source article section order and expected triplicate counts; source table/figure row IDs are not available in the XML export
384,SCWB-P,dosage_pattern,Q_e_at_equilibrium_condition,3.2.2,source_order_candidate_pending_table_or_figure_confirmation,contiguous workbook block order matches the source article section order and expected triplicate counts; source table/figure row IDs are not available in the XML export
385,SCWB-P,dosage_pattern,Q_e_at_equilibrium_condition,3.2.2,source_order_candidate_pending_table_or_figure_confirmation,contiguous workbook block order matches the source article section order and expected triplicate counts; source table/figure row IDs are not available in the XML export
386,SCWB-P,dosage_pattern,Q_e_at_equilibrium_condition,3.2.2,source_order_candidate_pending_table_or_figure_confirmation,contiguous workbook block order matches the source article section order and expected triplicate counts; source table/figure row IDs are not available in the XML export
387,SCWB-P,dosage_pattern,Q_e_at_equilibrium_condition,3.2.2,source_order_candidate_pending_table_or_figure_confirmation,contiguous workbook block order matches the source article section order and expected triplicate counts; source table/figure row IDs are not available in the XML export
388,SCWB-P,dosage_pattern,Q_e_at_equilibrium_condition,3.2.2,source_order_candidate_pending_table_or_figure_confirmation,contiguous workbook block order matches the source article section order and expected triplicate counts; source table/figure row IDs are not available in the XML export
389,SCWB-P,dosage_pattern,Q_e_at_equilibrium_condition,3.2.2,source_order_candidate_pending_table_or_figure_confirmation,contiguous workbook block order matches the source article section order and expected triplicate counts; source table/figure row IDs are not available in the XML export
390,SCWB-P,dosage_pattern,Q_e_at_equilibrium_condition,3.2.2,source_order_candidate_pending_table_or_figure_confirmation,contiguous workbook block order matches the source article section order and expected triplicate counts; source table/figure row IDs are not available in the XML export
391,SCWB-P,dosage_pattern,Q_e_at_equilibrium_condition,3.2.2,source_order_candidate_pending_table_or_figure_confirmation,contiguous workbook block order matches the source article section order and expected triplicate counts; source table/figure row IDs are not available in the XML export
392,SCWB-P,dosage_pattern,Q_e_at_equilibrium_condition,3.2.2,source_order_candidate_pending_table_or_figure_confirmation,contiguous workbook block order matches the source article section order and expected triplicate counts; source table/figure row IDs are not available in the XML export
393,SCWB-P,dosage_pattern,Q_e_at_equilibrium_condition,3.2.2,source_order_candidate_pending_table_or_figure_confirmation,contiguous workbook block order matches the source article section order and expected triplicate counts; source table/figure row IDs are not available in the XML export
394,SCWB-P,dosage_pattern,Q_e_at_equilibrium_condition,3.2.2,source_order_candidate_pending_table_or_figure_confirmation,contiguous workbook block order matches the source article section order and expected triplicate counts; source table/figure row IDs are not available in the XML export
395,SCWB-P,dosage_pattern,Q_e_at_equilibrium_condition,3.2.2,source_order_candidate_pending_table_or_figure_confirmation,contiguous workbook block order matches the source article section order and expected triplicate counts; source table/figure row IDs are not available in the XML export
396,SCWB-P,dosage_pattern,Q_e_at_equilibrium_condition,3.2.2,source_order_candidate_pending_table_or_figure_confirmation,contiguous workbook block order matches the source article section order and expected triplicate counts; source table/figure row IDs are not available in the XML export
397,SCWB-P,dosage_pattern,Q_e_at_equilibrium_condition,3.2.2,source_order_candidate_pending_table_or_figure_confirmation,contiguous workbook block order matches the source article section order and expected triplicate counts; source table/figure row IDs are not available in the XML export
398,SCWB-P,dosage_pattern,Q_e_at_equilibrium_condition,3.2.2,source_order_candidate_pending_table_or_figure_confirmation,contiguous workbook block order matches the source article section order and expected triplicate counts; source table/figure row IDs are not available in the XML export
399,SCWB-P,dosage_pattern,Q_e_at_equilibrium_condition,3.2.2,source_order_candidate_pending_table_or_figure_confirmation,contiguous workbook block order matches the source article section order and expected triplicate counts; source table/figure row IDs are not available in the XML export
400,SCWB-P,dosage_pattern,Q_e_at_equilibrium_condition,3.2.2,source_order_candidate_pending_table_or_figure_confirmation,contiguous workbook block order matches the source article section order and expected triplicate counts; source table/figure row IDs are not available in the XML export
401,SCWB-P,dosage_pattern,Q_e_at_equilibrium_condition,3.2.2,source_order_candidate_pending_table_or_figure_confirmation,contiguous workbook block order matches the source article section order and expected triplicate counts; source table/figure row IDs are not available in the XML export
402,SCWB-P,dosage_pattern,Q_e_at_equilibrium_condition,3.2.2,source_order_candidate_pending_table_or_figure_confirmation,contiguous workbook block order matches the source article section order and expected triplicate counts; source table/figure row IDs are not available in the XML export
403,SCWB-P,dosage_pattern,Q_e_at_equilibrium_condition,3.2.2,source_order_candidate_pending_table_or_figure_confirmation,contiguous workbook block order matches the source article section order and expected triplicate counts; source table/figure row IDs are not available in the XML export
404,SCWB-P,dosage_pattern,Q_e_at_equilibrium_condition,3.2.2,source_order_candidate_pending_table_or_figure_confirmation,contiguous workbook block order matches the source article section order and expected triplicate counts; source table/figure row IDs are not available in the XML export
405,SCWB-P,dosage_pattern,Q_e_at_equilibrium_condition,3.2.2,source_order_candidate_pending_table_or_figure_confirmation,contiguous workbook block order matches the source article section order and expected triplicate counts; source table/figure row IDs are not available in the XML export
406,SCWB-P,dosage_pattern,Q_e_at_equilibrium_condition,3.2.2,source_order_candidate_pending_table_or_figure_confirmation,contiguous workbook block order matches the source article section order and expected triplicate counts; source table/figure row IDs are not available in the XML export
407,SCWB-P,dosage_pattern,Q_e_at_equilibrium_condition,3.2.2,source_order_candidate_pending_table_or_figure_confirmation,contiguous workbook block order matches the source article section order and expected triplicate counts; source table/figure row IDs are not available in the XML export
408,SCWB-P,dosage_pattern,Q_e_at_equilibrium_condition,3.2.2,source_order_candidate_pending_table_or_figure_confirmation,contiguous workbook block order matches the source article section order and expected triplicate counts; source table/figure row IDs are not available in the XML export
409,SCWB-P,dosage_pattern,Q_e_at_equilibrium_condition,3.2.2,source_order_candidate_pending_table_or_figure_confirmation,contiguous workbook block order matches the source article section order and expected triplicate counts; source table/figure row IDs are not available in the XML export
410,SCWB-P,dosage_pattern,Q_e_at_equilibrium_condition,3.2.2,source_order_candidate_pending_table_or_figure_confirmation,contiguous workbook block order matches the source article section order and expected triplicate counts; source table/figure row IDs are not available in the XML export
411,SCWB-P,dosage_pattern,Q_e_at_equilibrium_condition,3.2.2,source_order_candidate_pending_table_or_figure_confirmation,contiguous workbook block order matches the source article section order and expected triplicate counts; source table/figure row IDs are not available in the XML export
412,SCWB-P,dosage_pattern,Q_e_at_equilibrium_condition,3.2.2,source_order_candidate_pending_table_or_figure_confirmation,contiguous workbook block order matches the source article section order and expected triplicate counts; source table/figure row IDs are not available in the XML export
413,SCWB-P,dosage_pattern,Q_e_at_equilibrium_condition,3.2.2,source_order_candidate_pending_table_or_figure_confirmation,contiguous workbook block order matches the source article section order and expected triplicate counts; source table/figure row IDs are not available in the XML export
414,SCWB-P,dosage_pattern,Q_e_at_equilibrium_condition,3.2.2,source_order_candidate_pending_table_or_figure_confirmation,contiguous workbook block order matches the source article section order and expected triplicate counts; source table/figure row IDs are not available in the XML export
415,SCWB-P,dosage_pattern,Q_e_at_equilibrium_condition,3.2.2,source_order_candidate_pending_table_or_figure_confirmation,contiguous workbook block order matches the source article section order and expected triplicate counts; source table/figure row IDs are not available in the XML export
416,SCWB-P,dosage_pattern,Q_e_at_equilibrium_condition,3.2.2,source_order_candidate_pending_table_or_figure_confirmation,contiguous workbook block order matches the source article section order and expected triplicate counts; source table/figure row IDs are not available in the XML export
417,SCWB-P,dosage_pattern,Q_e_at_equilibrium_condition,3.2.2,source_order_candidate_pending_table_or_figure_confirmation,contiguous workbook block order matches the source article section order and expected triplicate counts; source table/figure row IDs are not available in the XML export
418,SCWB-P,dosage_pattern,Q_e_at_equilibrium_condition,3.2.2,source_order_candidate_pending_table_or_figure_confirmation,contiguous workbook block order matches the source article section order and expected triplicate counts; source table/figure row IDs are not available in the XML export
419,SCWB-P,dosage_pattern,Q_e_at_equilibrium_condition,3.2.2,source_order_candidate_pending_table_or_figure_confirmation,contiguous workbook block order matches the source article section order and expected triplicate counts; source table/figure row IDs are not available in the XML export
420,SCWB-P,dosage_pattern,Q_e_at_equilibrium_condition,3.2.2,source_order_candidate_pending_table_or_figure_confirmation,contiguous workbook block order matches the source article section order and expected triplicate counts; source table/figure row IDs are not available in the XML export
421,SCWB-P,dosage_pattern,Q_e_at_equilibrium_condition,3.2.2,source_order_candidate_pending_table_or_figure_confirmation,contiguous workbook block order matches the source article section order and expected triplicate counts; source table/figure row IDs are not available in the XML export
422,SCWB-P,dosage_pattern,Q_e_at_equilibrium_condition,3.2.2,source_order_candidate_pending_table_or_figure_confirmation,contiguous workbook block order matches the source article section order and expected triplicate counts; source table/figure row IDs are not available in the XML export
423,SCWB-P,dosage_pattern,Q_e_at_equilibrium_condition,3.2.2,source_order_candidate_pending_table_or_figure_confirmation,contiguous workbook block order matches the source article section order and expected triplicate counts; source table/figure row IDs are not available in the XML export
424,SCWB-P,dosage_pattern,Q_e_at_equilibrium_condition,3.2.2,source_order_candidate_pending_table_or_figure_confirmation,contiguous workbook block order matches the source article section order and expected triplicate counts; source table/figure row IDs are not available in the XML export
425,SCWB-P,dosage_pattern,Q_e_at_equilibrium_condition,3.2.2,source_order_candidate_pending_table_or_figure_confirmation,contiguous workbook block order matches the source article section order and expected triplicate counts; source table/figure row IDs are not available in the XML export
426,SCWB-P,dosage_pattern,Q_e_at_equilibrium_condition,3.2.2,source_order_candidate_pending_table_or_figure_confirmation,contiguous workbook block order matches the source article section order and expected triplicate counts; source table/figure row IDs are not available in the XML export
427,SCWB-P,dosage_pattern,Q_e_at_equilibrium_condition,3.2.2,source_order_candidate_pending_table_or_figure_confirmation,contiguous workbook block order matches the source article section order and expected triplicate counts; source table/figure row IDs are not available in the XML export
428,SCWB-A,dosage_pattern,Q_e_at_equilibrium_condition,3.2.2,source_order_candidate_pending_table_or_figure_confirmation,contiguous workbook block order matches the source article section order and expected triplicate counts; source table/figure row IDs are not available in the XML export
429,SCWB-A,dosage_pattern,Q_e_at_equilibrium_condition,3.2.2,source_order_candidate_pending_table_or_figure_confirmation,contiguous workbook block order matches the source article section order and expected triplicate counts; source table/figure row IDs are not available in the XML export
430,SCWB-A,dosage_pattern,Q_e_at_equilibrium_condition,3.2.2,source_order_candidate_pending_table_or_figure_confirmation,contiguous workbook block order matches the source article section order and expected triplicate counts; source table/figure row IDs are not available in the XML export
431,SCWB-A,dosage_pattern,Q_e_at_equilibrium_condition,3.2.2,source_order_candidate_pending_table_or_figure_confirmation,contiguous workbook block order matches the source article section order and expected triplicate counts; source table/figure row IDs are not available in the XML export
432,SCWB-A,dosage_pattern,Q_e_at_equilibrium_condition,3.2.2,source_order_candidate_pending_table_or_figure_confirmation,contiguous workbook block order matches the source article section order and expected triplicate counts; source table/figure row IDs are not available in the XML export
433,SCWB-A,dosage_pattern,Q_e_at_equilibrium_condition,3.2.2,source_order_candidate_pending_table_or_figure_confirmation,contiguous workbook block order matches the source article section order and expected triplicate counts; source table/figure row IDs are not available in the XML export
434,SCWB-A,dosage_pattern,Q_e_at_equilibrium_condition,3.2.2,source_order_candidate_pending_table_or_figure_confirmation,contiguous workbook block order matches the source article section order and expected triplicate counts; source table/figure row IDs are not available in the XML export
435,SCWB-A,dosage_pattern,Q_e_at_equilibrium_condition,3.2.2,source_order_candidate_pending_table_or_figure_confirmation,contiguous workbook block order matches the source article section order and expected triplicate counts; source table/figure row IDs are not available in the XML export
436,SCWB-A,dosage_pattern,Q_e_at_equilibrium_condition,3.2.2,source_order_candidate_pending_table_or_figure_confirmation,contiguous workbook block order matches the source article section order and expected triplicate counts; source table/figure row IDs are not available in the XML export
437,SCWB-A,dosage_pattern,Q_e_at_equilibrium_condition,3.2.2,source_order_candidate_pending_table_or_figure_confirmation,contiguous workbook block order matches the source article section order and expected triplicate counts; source table/figure row IDs are not available in the XML export
438,SCWB-A,dosage_pattern,Q_e_at_equilibrium_condition,3.2.2,source_order_candidate_pending_table_or_figure_confirmation,contiguous workbook block order matches the source article section order and expected triplicate counts; source table/figure row IDs are not available in the XML export
439,SCWB-A,dosage_pattern,Q_e_at_equilibrium_condition,3.2.2,source_order_candidate_pending_table_or_figure_confirmation,contiguous workbook block order matches the source article section order and expected triplicate counts; source table/figure row IDs are not available in the XML export
440,SCWB-A,dosage_pattern,Q_e_at_equilibrium_condition,3.2.2,source_order_candidate_pending_table_or_figure_confirmation,contiguous workbook block order matches the source article section order and expected triplicate counts; source table/figure row IDs are not available in the XML export
441,SCWB-A,dosage_pattern,Q_e_at_equilibrium_condition,3.2.2,source_order_candidate_pending_table_or_figure_confirmation,contiguous workbook block order matches the source article section order and expected triplicate counts; source table/figure row IDs are not available in the XML export
442,SCWB-A,dosage_pattern,Q_e_at_equilibrium_condition,3.2.2,source_order_candidate_pending_table_or_figure_confirmation,contiguous workbook block order matches the source article section order and expected triplicate counts; source table/figure row IDs are not available in the XML export
443,SCWB-A,dosage_pattern,Q_e_at_equilibrium_condition,3.2.2,source_order_candidate_pending_table_or_figure_confirmation,contiguous workbook block order matches the source article section order and expected triplicate counts; source table/figure row IDs are not available in the XML export
444,SCWB-A,dosage_pattern,Q_e_at_equilibrium_condition,3.2.2,source_order_candidate_pending_table_or_figure_confirmation,contiguous workbook block order matches the source article section order and expected triplicate counts; source table/figure row IDs are not available in the XML export
445,SCWB-A,dosage_pattern,Q_e_at_equilibrium_condition,3.2.2,source_order_candidate_pending_table_or_figure_confirmation,contiguous workbook block order matches the source article section order and expected triplicate counts; source table/figure row IDs are not available in the XML export
446,SCWB-A,dosage_pattern,Q_e_at_equilibrium_condition,3.2.2,source_order_candidate_pending_table_or_figure_confirmation,contiguous workbook block order matches the source article section order and expected triplicate counts; source table/figure row IDs are not available in the XML export
447,SCWB-A,dosage_pattern,Q_e_at_equilibrium_condition,3.2.2,source_order_candidate_pending_table_or_figure_confirmation,contiguous workbook block order matches the source article section order and expected triplicate counts; source table/figure row IDs are not available in the XML export
448,SCWB-A,dosage_pattern,Q_e_at_equilibrium_condition,3.2.2,source_order_candidate_pending_table_or_figure_confirmation,contiguous workbook block order matches the source article section order and expected triplicate counts; source table/figure row IDs are not available in the XML export
449,SCWB-A,dosage_pattern,Q_e_at_equilibrium_condition,3.2.2,source_order_candidate_pending_table_or_figure_confirmation,contiguous workbook block order matches the source article section order and expected triplicate counts; source table/figure row IDs are not available in the XML export
450,SCWB-A,dosage_pattern,Q_e_at_equilibrium_condition,3.2.2,source_order_candidate_pending_table_or_figure_confirmation,contiguous workbook block order matches the source article section order and expected triplicate counts; source table/figure row IDs are not available in the XML export
451,SCWB-A,dosage_pattern,Q_e_at_equilibrium_condition,3.2.2,source_order_candidate_pending_table_or_figure_confirmation,contiguous workbook block order matches the source article section order and expected triplicate counts; source table/figure row IDs are not available in the XML export
452,SCWB-A,dosage_pattern,Q_e_at_equilibrium_condition,3.2.2,source_order_candidate_pending_table_or_figure_confirmation,contiguous workbook block order matches the source article section order and expected triplicate counts; source table/figure row IDs are not available in the XML export
453,SCWB-A,dosage_pattern,Q_e_at_equilibrium_condition,3.2.2,source_order_candidate_pending_table_or_figure_confirmation,contiguous workbook block order matches the source article section order and expected triplicate counts; source table/figure row IDs are not available in the XML export
454,SCWB-A,dosage_pattern,Q_e_at_equilibrium_condition,3.2.2,source_order_candidate_pending_table_or_figure_confirmation,contiguous workbook block order matches the source article section order and expected triplicate counts; source table/figure row IDs are not available in the XML export
455,SCWB-A,dosage_pattern,Q_e_at_equilibrium_condition,3.2.2,source_order_candidate_pending_table_or_figure_confirmation,contiguous workbook block order matches the source article section order and expected triplicate counts; source table/figure row IDs are not available in the XML export
456,SCWB-A,dosage_pattern,Q_e_at_equilibrium_condition,3.2.2,source_order_candidate_pending_table_or_figure_confirmation,contiguous workbook block order matches the source article section order and expected triplicate counts; source table/figure row IDs are not available in the XML export
457,SCWB-A,dosage_pattern,Q_e_at_equilibrium_condition,3.2.2,source_order_candidate_pending_table_or_figure_confirmation,contiguous workbook block order matches the source article section order and expected triplicate counts; source table/figure row IDs are not available in the XML export
458,SCWB-A,dosage_pattern,Q_e_at_equilibrium_condition,3.2.2,source_order_candidate_pending_table_or_figure_confirmation,contiguous workbook block order matches the source article section order and expected triplicate counts; source table/figure row IDs are not available in the XML export
459,SCWB-A,dosage_pattern,Q_e_at_equilibrium_condition,3.2.2,source_order_candidate_pending_table_or_figure_confirmation,contiguous workbook block order matches the source article section order and expected triplicate counts; source table/figure row IDs are not available in the XML export
460,SCWB-A,dosage_pattern,Q_e_at_equilibrium_condition,3.2.2,source_order_candidate_pending_table_or_figure_confirmation,contiguous workbook block order matches the source article section order and expected triplicate counts; source table/figure row IDs are not available in the XML export
461,SCWB-A,dosage_pattern,Q_e_at_equilibrium_condition,3.2.2,source_order_candidate_pending_table_or_figure_confirmation,contiguous workbook block order matches the source article section order and expected triplicate counts; source table/figure row IDs are not available in the XML export
462,SCWB-A,dosage_pattern,Q_e_at_equilibrium_condition,3.2.2,source_order_candidate_pending_table_or_figure_confirmation,contiguous workbook block order matches the source article section order and expected triplicate counts; source table/figure row IDs are not available in the XML export
463,SCWB-A,dosage_pattern,Q_e_at_equilibrium_condition,3.2.2,source_order_candidate_pending_table_or_figure_confirmation,contiguous workbook block order matches the source article section order and expected triplicate counts; source table/figure row IDs are not available in the XML export
464,SCWB-A,dosage_pattern,Q_e_at_equilibrium_condition,3.2.2,source_order_candidate_pending_table_or_figure_confirmation,contiguous workbook block order matches the source article section order and expected triplicate counts; source table/figure row IDs are not available in the XML export
465,SCWB-A,dosage_pattern,Q_e_at_equilibrium_condition,3.2.2,source_order_candidate_pending_table_or_figure_confirmation,contiguous workbook block order matches the source article section order and expected triplicate counts; source table/figure row IDs are not available in the XML export
466,SCWB-A,dosage_pattern,Q_e_at_equilibrium_condition,3.2.2,source_order_candidate_pending_table_or_figure_confirmation,contiguous workbook block order matches the source article section order and expected triplicate counts; source table/figure row IDs are not available in the XML export
467,SCWB-A,dosage_pattern,Q_e_at_equilibrium_condition,3.2.2,source_order_candidate_pending_table_or_figure_confirmation,contiguous workbook block order matches the source article section order and expected triplicate counts; source table/figure row IDs are not available in the XML export
468,SCWB-A,dosage_pattern,Q_e_at_equilibrium_condition,3.2.2,source_order_candidate_pending_table_or_figure_confirmation,contiguous workbook block order matches the source article section order and expected triplicate counts; source table/figure row IDs are not available in the XML export
469,SCWB-A,dosage_pattern,Q_e_at_equilibrium_condition,3.2.2,source_order_candidate_pending_table_or_figure_confirmation,contiguous workbook block order matches the source article section order and expected triplicate counts; source table/figure row IDs are not available in the XML export
470,SCWB-A,dosage_pattern,Q_e_at_equilibrium_condition,3.2.2,source_order_candidate_pending_table_or_figure_confirmation,contiguous workbook block order matches the source article section order and expected triplicate counts; source table/figure row IDs are not available in the XML export
471,SCWB-A,dosage_pattern,Q_e_at_equilibrium_condition,3.2.2,source_order_candidate_pending_table_or_figure_confirmation,contiguous workbook block order matches the source article section order and expected triplicate counts; source table/figure row IDs are not available in the XML export
472,SCWB-A,dosage_pattern,Q_e_at_equilibrium_condition,3.2.2,source_order_candidate_pending_table_or_figure_confirmation,contiguous workbook block order matches the source article section order and expected triplicate counts; source table/figure row IDs are not available in the XML export
473,SCWB-A,dosage_pattern,Q_e_at_equilibrium_condition,3.2.2,source_order_candidate_pending_table_or_figure_confirmation,contiguous workbook block order matches the source article section order and expected triplicate counts; source table/figure row IDs are not available in the XML export
474,SCWB-A,dosage_pattern,Q_e_at_equilibrium_condition,3.2.2,source_order_candidate_pending_table_or_figure_confirmation,contiguous workbook block order matches the source article section order and expected triplicate counts; source table/figure row IDs are not available in the XML export
475,SCWB-A,dosage_pattern,Q_e_at_equilibrium_condition,3.2.2,source_order_candidate_pending_table_or_figure_confirmation,contiguous workbook block order matches the source article section order and expected triplicate counts; source table/figure row IDs are not available in the XML export
476,SCWB-A,dosage_pattern,Q_e_at_equilibrium_condition,3.2.2,source_order_candidate_pending_table_or_figure_confirmation,contiguous workbook block order matches the source article section order and expected triplicate counts; source table/figure row IDs are not available in the XML export
477,SCWB-A,dosage_pattern,Q_e_at_equilibrium_condition,3.2.2,source_order_candidate_pending_table_or_figure_confirmation,contiguous workbook block order matches the source article section order and expected triplicate counts; source table/figure row IDs are not available in the XML export
478,SCWB-A,dosage_pattern,Q_e_at_equilibrium_condition,3.2.2,source_order_candidate_pending_table_or_figure_confirmation,contiguous workbook block order matches the source article section order and expected triplicate counts; source table/figure row IDs are not available in the XML export
479,SCWB-A,dosage_pattern,Q_e_at_equilibrium_condition,3.2.2,source_order_candidate_pending_table_or_figure_confirmation,contiguous workbook block order matches the source article section order and expected triplicate counts; source table/figure row IDs are not available in the XML export
480,SCWB-A,dosage_pattern,Q_e_at_equilibrium_condition,3.2.2,source_order_candidate_pending_table_or_figure_confirmation,contiguous workbook block order matches the source article section order and expected triplicate counts; source table/figure row IDs are not available in the XML export
481,SCWB-A,dosage_pattern,Q_e_at_equilibrium_condition,3.2.2,source_order_candidate_pending_table_or_figure_confirmation,contiguous workbook block order matches the source article section order and expected triplicate counts; source table/figure row IDs are not available in the XML export
482,SCWB-P,kinetics_pattern,Q_t_at_recorded_contact_time,3.2.3,source_order_candidate_pending_table_or_figure_confirmation,contiguous workbook block order matches the source article section order and expected triplicate counts; source table/figure row IDs are not available in the XML export
483,SCWB-P,kinetics_pattern,Q_t_at_recorded_contact_time,3.2.3,source_order_candidate_pending_table_or_figure_confirmation,contiguous workbook block order matches the source article section order and expected triplicate counts; source table/figure row IDs are not available in the XML export
484,SCWB-P,kinetics_pattern,Q_t_at_recorded_contact_time,3.2.3,source_order_candidate_pending_table_or_figure_confirmation,contiguous workbook block order matches the source article section order and expected triplicate counts; source table/figure row IDs are not available in the XML export
485,SCWB-P,kinetics_pattern,Q_t_at_recorded_contact_time,3.2.3,source_order_candidate_pending_table_or_figure_confirmation,contiguous workbook block order matches the source article section order and expected triplicate counts; source table/figure row IDs are not available in the XML export
486,SCWB-P,kinetics_pattern,Q_t_at_recorded_contact_time,3.2.3,source_order_candidate_pending_table_or_figure_confirmation,contiguous workbook block order matches the source article section order and expected triplicate counts; source table/figure row IDs are not available in the XML export
487,SCWB-P,kinetics_pattern,Q_t_at_recorded_contact_time,3.2.3,source_order_candidate_pending_table_or_figure_confirmation,contiguous workbook block order matches the source article section order and expected triplicate counts; source table/figure row IDs are not available in the XML export
488,SCWB-P,kinetics_pattern,Q_t_at_recorded_contact_time,3.2.3,source_order_candidate_pending_table_or_figure_confirmation,contiguous workbook block order matches the source article section order and expected triplicate counts; source table/figure row IDs are not available in the XML export
489,SCWB-P,kinetics_pattern,Q_t_at_recorded_contact_time,3.2.3,source_order_candidate_pending_table_or_figure_confirmation,contiguous workbook block order matches the source article section order and expected triplicate counts; source table/figure row IDs are not available in the XML export
490,SCWB-P,kinetics_pattern,Q_t_at_recorded_contact_time,3.2.3,source_order_candidate_pending_table_or_figure_confirmation,contiguous workbook block order matches the source article section order and expected triplicate counts; source table/figure row IDs are not available in the XML export
491,SCWB-P,kinetics_pattern,Q_t_at_recorded_contact_time,3.2.3,source_order_candidate_pending_table_or_figure_confirmation,contiguous workbook block order matches the source article section order and expected triplicate counts; source table/figure row IDs are not available in the XML export
492,SCWB-P,kinetics_pattern,Q_t_at_recorded_contact_time,3.2.3,source_order_candidate_pending_table_or_figure_confirmation,contiguous workbook block order matches the source article section order and expected triplicate counts; source table/figure row IDs are not available in the XML export
493,SCWB-P,kinetics_pattern,Q_t_at_recorded_contact_time,3.2.3,source_order_candidate_pending_table_or_figure_confirmation,contiguous workbook block order matches the source article section order and expected triplicate counts; source table/figure row IDs are not available in the XML export
494,SCWB-P,kinetics_pattern,Q_t_at_recorded_contact_time,3.2.3,source_order_candidate_pending_table_or_figure_confirmation,contiguous workbook block order matches the source article section order and expected triplicate counts; source table/figure row IDs are not available in the XML export
495,SCWB-P,kinetics_pattern,Q_t_at_recorded_contact_time,3.2.3,source_order_candidate_pending_table_or_figure_confirmation,contiguous workbook block order matches the source article section order and expected triplicate counts; source table/figure row IDs are not available in the XML export
496,SCWB-P,kinetics_pattern,Q_t_at_recorded_contact_time,3.2.3,source_order_candidate_pending_table_or_figure_confirmation,contiguous workbook block order matches the source article section order and expected triplicate counts; source table/figure row IDs are not available in the XML export
497,SCWB-P,kinetics_pattern,Q_t_at_recorded_contact_time,3.2.3,source_order_candidate_pending_table_or_figure_confirmation,contiguous workbook block order matches the source article section order and expected triplicate counts; source table/figure row IDs are not available in the XML export
498,SCWB-P,kinetics_pattern,Q_t_at_recorded_contact_time,3.2.3,source_order_candidate_pending_table_or_figure_confirmation,contiguous workbook block order matches the source article section order and expected triplicate counts; source table/figure row IDs are not available in the XML export
499,SCWB-P,kinetics_pattern,Q_t_at_recorded_contact_time,3.2.3,source_order_candidate_pending_table_or_figure_confirmation,contiguous workbook block order matches the source article section order and expected triplicate counts; source table/figure row IDs are not available in the XML export
500,SCWB-P,kinetics_pattern,Q_t_at_recorded_contact_time,3.2.3,source_order_candidate_pending_table_or_figure_confirmation,contiguous workbook block order matches the source article section order and expected triplicate counts; source table/figure row IDs are not available in the XML export
501,SCWB-P,kinetics_pattern,Q_t_at_recorded_contact_time,3.2.3,source_order_candidate_pending_table_or_figure_confirmation,contiguous workbook block order matches the source article section order and expected triplicate counts; source table/figure row IDs are not available in the XML export
502,SCWB-P,kinetics_pattern,Q_t_at_recorded_contact_time,3.2.3,source_order_candidate_pending_table_or_figure_confirmation,contiguous workbook block order matches the source article section order and expected triplicate counts; source table/figure row IDs are not available in the XML export
503,SCWB-P,kinetics_pattern,Q_t_at_recorded_contact_time,3.2.3,source_order_candidate_pending_table_or_figure_confirmation,contiguous workbook block order matches the source article section order and expected triplicate counts; source table/figure row IDs are not available in the XML export
504,SCWB-P,kinetics_pattern,Q_t_at_recorded_contact_time,3.2.3,source_order_candidate_pending_table_or_figure_confirmation,contiguous workbook block order matches the source article section order and expected triplicate counts; source table/figure row IDs are not available in the XML export
505,SCWB-P,kinetics_pattern,Q_t_at_recorded_contact_time,3.2.3,source_order_candidate_pending_table_or_figure_confirmation,contiguous workbook block order matches the source article section order and expected triplicate counts; source table/figure row IDs are not available in the XML export
506,SCWB-P,kinetics_pattern,Q_t_at_recorded_contact_time,3.2.3,source_order_candidate_pending_table_or_figure_confirmation,contiguous workbook block order matches the source article section order and expected triplicate counts; source table/figure row IDs are not available in the XML export
507,SCWB-P,kinetics_pattern,Q_t_at_recorded_contact_time,3.2.3,source_order_candidate_pending_table_or_figure_confirmation,contiguous workbook block order matches the source article section order and expected triplicate counts; source table/figure row IDs are not available in the XML export
508,SCWB-P,kinetics_pattern,Q_t_at_recorded_contact_time,3.2.3,source_order_candidate_pending_table_or_figure_confirmation,contiguous workbook block order matches the source article section order and expected triplicate counts; source table/figure row IDs are not available in the XML export
509,SCWB-P,kinetics_pattern,Q_t_at_recorded_contact_time,3.2.3,source_order_candidate_pending_table_or_figure_confirmation,contiguous workbook block order matches the source article section order and expected triplicate counts; source table/figure row IDs are not available in the XML export
510,SCWB-P,kinetics_pattern,Q_t_at_recorded_contact_time,3.2.3,source_order_candidate_pending_table_or_figure_confirmation,contiguous workbook block order matches the source article section order and expected triplicate counts; source table/figure row IDs are not available in the XML export
511,SCWB-P,kinetics_pattern,Q_t_at_recorded_contact_time,3.2.3,source_order_candidate_pending_table_or_figure_confirmation,contiguous workbook block order matches the source article section order and expected triplicate counts; source table/figure row IDs are not available in the XML export
512,SCWB-P,kinetics_pattern,Q_t_at_recorded_contact_time,3.2.3,source_order_candidate_pending_table_or_figure_confirmation,contiguous workbook block order matches the source article section order and expected triplicate counts; source table/figure row IDs are not available in the XML export
513,SCWB-P,kinetics_pattern,Q_t_at_recorded_contact_time,3.2.3,source_order_candidate_pending_table_or_figure_confirmation,contiguous workbook block order matches the source article section order and expected triplicate counts; source table/figure row IDs are not available in the XML export
514,SCWB-P,kinetics_pattern,Q_t_at_recorded_contact_time,3.2.3,source_order_candidate_pending_table_or_figure_confirmation,contiguous workbook block order matches the source article section order and expected triplicate counts; source table/figure row IDs are not available in the XML export
515,SCWB-P,kinetics_pattern,Q_t_at_recorded_contact_time,3.2.3,source_order_candidate_pending_table_or_figure_confirmation,contiguous workbook block order matches the source article section order and expected triplicate counts; source table/figure row IDs are not available in the XML export
516,SCWB-P,kinetics_pattern,Q_t_at_recorded_contact_time,3.2.3,source_order_candidate_pending_table_or_figure_confirmation,contiguous workbook block order matches the source article section order and expected triplicate counts; source table/figure row IDs are not available in the XML export
517,SCWB-P,kinetics_pattern,Q_t_at_recorded_contact_time,3.2.3,source_order_candidate_pending_table_or_figure_confirmation,contiguous workbook block order matches the source article section order and expected triplicate counts; source table/figure row IDs are not available in the XML export
518,SCWB-P,kinetics_pattern,Q_t_at_recorded_contact_time,3.2.3,source_order_candidate_pending_table_or_figure_confirmation,contiguous workbook block order matches the source article section order and expected triplicate counts; source table/figure row IDs are not available in the XML export
519,SCWB-P,kinetics_pattern,Q_t_at_recorded_contact_time,3.2.3,source_order_candidate_pending_table_or_figure_confirmation,contiguous workbook block order matches the source article section order and expected triplicate counts; source table/figure row IDs are not available in the XML export
520,SCWB-P,kinetics_pattern,Q_t_at_recorded_contact_time,3.2.3,source_order_candidate_pending_table_or_figure_confirmation,contiguous workbook block order matches the source article section order and expected triplicate counts; source table/figure row IDs are not available in the XML export
521,SCWB-P,kinetics_pattern,Q_t_at_recorded_contact_time,3.2.3,source_order_candidate_pending_table_or_figure_confirmation,contiguous workbook block order matches the source article section order and expected triplicate counts; source table/figure row IDs are not available in the XML export
522,SCWB-P,kinetics_pattern,Q_t_at_recorded_contact_time,3.2.3,source_order_candidate_pending_table_or_figure_confirmation,contiguous workbook block order matches the source article section order and expected triplicate counts; source table/figure row IDs are not available in the XML export
523,SCWB-P,kinetics_pattern,Q_t_at_recorded_contact_time,3.2.3,source_order_candidate_pending_table_or_figure_confirmation,contiguous workbook block order matches the source article section order and expected triplicate counts; source table/figure row IDs are not available in the XML export
524,SCWB-P,kinetics_pattern,Q_t_at_recorded_contact_time,3.2.3,source_order_candidate_pending_table_or_figure_confirmation,contiguous workbook block order matches the source article section order and expected triplicate counts; source table/figure row IDs are not available in the XML export
525,SCWB-P,kinetics_pattern,Q_t_at_recorded_contact_time,3.2.3,source_order_candidate_pending_table_or_figure_confirmation,contiguous workbook block order matches the source article section order and expected triplicate counts; source table/figure row IDs are not available in the XML export
526,SCWB-P,kinetics_pattern,Q_t_at_recorded_contact_time,3.2.3,source_order_candidate_pending_table_or_figure_confirmation,contiguous workbook block order matches the source article section order and expected triplicate counts; source table/figure row IDs are not available in the XML export
527,SCWB-P,kinetics_pattern,Q_t_at_recorded_contact_time,3.2.3,source_order_candidate_pending_table_or_figure_confirmation,contiguous workbook block order matches the source article section order and expected triplicate counts; source table/figure row IDs are not available in the XML export
528,SCWB-P,kinetics_pattern,Q_t_at_recorded_contact_time,3.2.3,source_order_candidate_pending_table_or_figure_confirmation,contiguous workbook block order matches the source article section order and expected triplicate counts; source table/figure row IDs are not available in the XML export
529,SCWB-P,kinetics_pattern,Q_t_at_recorded_contact_time,3.2.3,source_order_candidate_pending_table_or_figure_confirmation,contiguous workbook block order matches the source article section order and expected triplicate counts; source table/figure row IDs are not available in the XML export
530,SCWB-P,kinetics_pattern,Q_t_at_recorded_contact_time,3.2.3,source_order_candidate_pending_table_or_figure_confirmation,contiguous workbook block order matches the source article section order and expected triplicate counts; source table/figure row IDs are not available in the XML export
531,SCWB-P,kinetics_pattern,Q_t_at_recorded_contact_time,3.2.3,source_order_candidate_pending_table_or_figure_confirmation,contiguous workbook block order matches the source article section order and expected triplicate counts; source table/figure row IDs are not available in the XML export
532,SCWB-P,kinetics_pattern,Q_t_at_recorded_contact_time,3.2.3,source_order_candidate_pending_table_or_figure_confirmation,contiguous workbook block order matches the source article section order and expected triplicate counts; source table/figure row IDs are not available in the XML export
533,SCWB-P,kinetics_pattern,Q_t_at_recorded_contact_time,3.2.3,source_order_candidate_pending_table_or_figure_confirmation,contiguous workbook block order matches the source article section order and expected triplicate counts; source table/figure row IDs are not available in the XML export
534,SCWB-P,kinetics_pattern,Q_t_at_recorded_contact_time,3.2.3,source_order_candidate_pending_table_or_figure_confirmation,contiguous workbook block order matches the source article section order and expected triplicate counts; source table/figure row IDs are not available in the XML export
535,SCWB-P,kinetics_pattern,Q_t_at_recorded_contact_time,3.2.3,source_order_candidate_pending_table_or_figure_confirmation,contiguous workbook block order matches the source article section order and expected triplicate counts; source table/figure row IDs are not available in the XML export
536,SCWB-P,kinetics_pattern,Q_t_at_recorded_contact_time,3.2.3,source_order_candidate_pending_table_or_figure_confirmation,contiguous workbook block order matches the source article section order and expected triplicate counts; source table/figure row IDs are not available in the XML export
537,SCWB-P,kinetics_pattern,Q_t_at_recorded_contact_time,3.2.3,source_order_candidate_pending_table_or_figure_confirmation,contiguous workbook block order matches the source article section order and expected triplicate counts; source table/figure row IDs are not available in the XML export
538,SCWB-P,kinetics_pattern,Q_t_at_recorded_contact_time,3.2.3,source_order_candidate_pending_table_or_figure_confirmation,contiguous workbook block order matches the source article section order and expected triplicate counts; source table/figure row IDs are not available in the XML export
539,SCWB-P,kinetics_pattern,Q_t_at_recorded_contact_time,3.2.3,source_order_candidate_pending_table_or_figure_confirmation,contiguous workbook block order matches the source article section order and expected triplicate counts; source table/figure row IDs are not available in the XML export
540,SCWB-P,kinetics_pattern,Q_t_at_recorded_contact_time,3.2.3,source_order_candidate_pending_table_or_figure_confirmation,contiguous workbook block order matches the source article section order and expected triplicate counts; source table/figure row IDs are not available in the XML export
541,SCWB-P,kinetics_pattern,Q_t_at_recorded_contact_time,3.2.3,source_order_candidate_pending_table_or_figure_confirmation,contiguous workbook block order matches the source article section order and expected triplicate counts; source table/figure row IDs are not available in the XML export
542,SCWB-P,kinetics_pattern,Q_t_at_recorded_contact_time,3.2.3,source_order_candidate_pending_table_or_figure_confirmation,contiguous workbook block order matches the source article section order and expected triplicate counts; source table/figure row IDs are not available in the XML export
543,SCWB-P,kinetics_pattern,Q_t_at_recorded_contact_time,3.2.3,source_order_candidate_pending_table_or_figure_confirmation,contiguous workbook block order matches the source article section order and expected triplicate counts; source table/figure row IDs are not available in the XML export
544,SCWB-P,kinetics_pattern,Q_t_at_recorded_contact_time,3.2.3,source_order_candidate_pending_table_or_figure_confirmation,contiguous workbook block order matches the source article section order and expected triplicate counts; source table/figure row IDs are not available in the XML export
545,SCWB-P,kinetics_pattern,Q_t_at_recorded_contact_time,3.2.3,source_order_candidate_pending_table_or_figure_confirmation,contiguous workbook block order matches the source article section order and expected triplicate counts; source table/figure row IDs are not available in the XML export
546,SCWB-P,kinetics_pattern,Q_t_at_recorded_contact_time,3.2.3,source_order_candidate_pending_table_or_figure_confirmation,contiguous workbook block order matches the source article section order and expected triplicate counts; source table/figure row IDs are not available in the XML export
547,SCWB-P,kinetics_pattern,Q_t_at_recorded_contact_time,3.2.3,source_order_candidate_pending_table_or_figure_confirmation,contiguous workbook block order matches the source article section order and expected triplicate counts; source table/figure row IDs are not available in the XML export
548,SCWB-P,kinetics_pattern,Q_t_at_recorded_contact_time,3.2.3,source_order_candidate_pending_table_or_figure_confirmation,contiguous workbook block order matches the source article section order and expected triplicate counts; source table/figure row IDs are not available in the XML export
549,SCWB-P,kinetics_pattern,Q_t_at_recorded_contact_time,3.2.3,source_order_candidate_pending_table_or_figure_confirmation,contiguous workbook block order matches the source article section order and expected triplicate counts; source table/figure row IDs are not available in the XML export
550,SCWB-P,kinetics_pattern,Q_t_at_recorded_contact_time,3.2.3,source_order_candidate_pending_table_or_figure_confirmation,contiguous workbook block order matches the source article section order and expected triplicate counts; source table/figure row IDs are not available in the XML export
551,SCWB-P,kinetics_pattern,Q_t_at_recorded_contact_time,3.2.3,source_order_candidate_pending_table_or_figure_confirmation,contiguous workbook block order matches the source article section order and expected triplicate counts; source table/figure row IDs are not available in the XML export
552,SCWB-P,kinetics_pattern,Q_t_at_recorded_contact_time,3.2.3,source_order_candidate_pending_table_or_figure_confirmation,contiguous workbook block order matches the source article section order and expected triplicate counts; source table/figure row IDs are not available in the XML export
553,SCWB-P,kinetics_pattern,Q_t_at_recorded_contact_time,3.2.3,source_order_candidate_pending_table_or_figure_confirmation,contiguous workbook block order matches the source article section order and expected triplicate counts; source table/figure row IDs are not available in the XML export
554,SCWB-A,kinetics_pattern,Q_t_at_recorded_contact_time,3.2.3,source_order_candidate_pending_table_or_figure_confirmation,contiguous workbook block order matches the source article section order and expected triplicate counts; source table/figure row IDs are not available in the XML export
555,SCWB-A,kinetics_pattern,Q_t_at_recorded_contact_time,3.2.3,source_order_candidate_pending_table_or_figure_confirmation,contiguous workbook block order matches the source article section order and expected triplicate counts; source table/figure row IDs are not available in the XML export
556,SCWB-A,kinetics_pattern,Q_t_at_recorded_contact_time,3.2.3,source_order_candidate_pending_table_or_figure_confirmation,contiguous workbook block order matches the source article section order and expected triplicate counts; source table/figure row IDs are not available in the XML export
557,SCWB-A,kinetics_pattern,Q_t_at_recorded_contact_time,3.2.3,source_order_candidate_pending_table_or_figure_confirmation,contiguous workbook block order matches the source article section order and expected triplicate counts; source table/figure row IDs are not available in the XML export
558,SCWB-A,kinetics_pattern,Q_t_at_recorded_contact_time,3.2.3,source_order_candidate_pending_table_or_figure_confirmation,contiguous workbook block order matches the source article section order and expected triplicate counts; source table/figure row IDs are not available in the XML export
559,SCWB-A,kinetics_pattern,Q_t_at_recorded_contact_time,3.2.3,source_order_candidate_pending_table_or_figure_confirmation,contiguous workbook block order matches the source article section order and expected triplicate counts; source table/figure row IDs are not available in the XML export
560,SCWB-A,kinetics_pattern,Q_t_at_recorded_contact_time,3.2.3,source_order_candidate_pending_table_or_figure_confirmation,contiguous workbook block order matches the source article section order and expected triplicate counts; source table/figure row IDs are not available in the XML export
561,SCWB-A,kinetics_pattern,Q_t_at_recorded_contact_time,3.2.3,source_order_candidate_pending_table_or_figure_confirmation,contiguous workbook block order matches the source article section order and expected triplicate counts; source table/figure row IDs are not available in the XML export
562,SCWB-A,kinetics_pattern,Q_t_at_recorded_contact_time,3.2.3,source_order_candidate_pending_table_or_figure_confirmation,contiguous workbook block order matches the source article section order and expected triplicate counts; source table/figure row IDs are not available in the XML export
563,SCWB-A,kinetics_pattern,Q_t_at_recorded_contact_time,3.2.3,source_order_candidate_pending_table_or_figure_confirmation,contiguous workbook block order matches the source article section order and expected triplicate counts; source table/figure row IDs are not available in the XML export
564,SCWB-A,kinetics_pattern,Q_t_at_recorded_contact_time,3.2.3,source_order_candidate_pending_table_or_figure_confirmation,contiguous workbook block order matches the source article section order and expected triplicate counts; source table/figure row IDs are not available in the XML export
565,SCWB-A,kinetics_pattern,Q_t_at_recorded_contact_time,3.2.3,source_order_candidate_pending_table_or_figure_confirmation,contiguous workbook block order matches the source article section order and expected triplicate counts; source table/figure row IDs are not available in the XML export
566,SCWB-A,kinetics_pattern,Q_t_at_recorded_contact_time,3.2.3,source_order_candidate_pending_table_or_figure_confirmation,contiguous workbook block order matches the source article section order and expected triplicate counts; source table/figure row IDs are not available in the XML export
567,SCWB-A,kinetics_pattern,Q_t_at_recorded_contact_time,3.2.3,source_order_candidate_pending_table_or_figure_confirmation,contiguous workbook block order matches the source article section order and expected triplicate counts; source table/figure row IDs are not available in the XML export
568,SCWB-A,kinetics_pattern,Q_t_at_recorded_contact_time,3.2.3,source_order_candidate_pending_table_or_figure_confirmation,contiguous workbook block order matches the source article section order and expected triplicate counts; source table/figure row IDs are not available in the XML export
569,SCWB-A,kinetics_pattern,Q_t_at_recorded_contact_time,3.2.3,source_order_candidate_pending_table_or_figure_confirmation,contiguous workbook block order matches the source article section order and expected triplicate counts; source table/figure row IDs are not available in the XML export
570,SCWB-A,kinetics_pattern,Q_t_at_recorded_contact_time,3.2.3,source_order_candidate_pending_table_or_figure_confirmation,contiguous workbook block order matches the source article section order and expected triplicate counts; source table/figure row IDs are not available in the XML export
571,SCWB-A,kinetics_pattern,Q_t_at_recorded_contact_time,3.2.3,source_order_candidate_pending_table_or_figure_confirmation,contiguous workbook block order matches the source article section order and expected triplicate counts; source table/figure row IDs are not available in the XML export
572,SCWB-A,kinetics_pattern,Q_t_at_recorded_contact_time,3.2.3,source_order_candidate_pending_table_or_figure_confirmation,contiguous workbook block order matches the source article section order and expected triplicate counts; source table/figure row IDs are not available in the XML export
573,SCWB-A,kinetics_pattern,Q_t_at_recorded_contact_time,3.2.3,source_order_candidate_pending_table_or_figure_confirmation,contiguous workbook block order matches the source article section order and expected triplicate counts; source table/figure row IDs are not available in the XML export
574,SCWB-A,kinetics_pattern,Q_t_at_recorded_contact_time,3.2.3,source_order_candidate_pending_table_or_figure_confirmation,contiguous workbook block order matches the source article section order and expected triplicate counts; source table/figure row IDs are not available in the XML export
575,SCWB-A,kinetics_pattern,Q_t_at_recorded_contact_time,3.2.3,source_order_candidate_pending_table_or_figure_confirmation,contiguous workbook block order matches the source article section order and expected triplicate counts; source table/figure row IDs are not available in the XML export
576,SCWB-A,kinetics_pattern,Q_t_at_recorded_contact_time,3.2.3,source_order_candidate_pending_table_or_figure_confirmation,contiguous workbook block order matches the source article section order and expected triplicate counts; source table/figure row IDs are not available in the XML export
577,SCWB-A,kinetics_pattern,Q_t_at_recorded_contact_time,3.2.3,source_order_candidate_pending_table_or_figure_confirmation,contiguous workbook block order matches the source article section order and expected triplicate counts; source table/figure row IDs are not available in the XML export
578,SCWB-A,kinetics_pattern,Q_t_at_recorded_contact_time,3.2.3,source_order_candidate_pending_table_or_figure_confirmation,contiguous workbook block order matches the source article section order and expected triplicate counts; source table/figure row IDs are not available in the XML export
579,SCWB-A,kinetics_pattern,Q_t_at_recorded_contact_time,3.2.3,source_order_candidate_pending_table_or_figure_confirmation,contiguous workbook block order matches the source article section order and expected triplicate counts; source table/figure row IDs are not available in the XML export
580,SCWB-A,kinetics_pattern,Q_t_at_recorded_contact_time,3.2.3,source_order_candidate_pending_table_or_figure_confirmation,contiguous workbook block order matches the source article section order and expected triplicate counts; source table/figure row IDs are not available in the XML export
581,SCWB-A,kinetics_pattern,Q_t_at_recorded_contact_time,3.2.3,source_order_candidate_pending_table_or_figure_confirmation,contiguous workbook block order matches the source article section order and expected triplicate counts; source table/figure row IDs are not available in the XML export
582,SCWB-A,kinetics_pattern,Q_t_at_recorded_contact_time,3.2.3,source_order_candidate_pending_table_or_figure_confirmation,contiguous workbook block order matches the source article section order and expected triplicate counts; source table/figure row IDs are not available in the XML export
583,SCWB-A,kinetics_pattern,Q_t_at_recorded_contact_time,3.2.3,source_order_candidate_pending_table_or_figure_confirmation,contiguous workbook block order matches the source article section order and expected triplicate counts; source table/figure row IDs are not available in the XML export
584,SCWB-A,kinetics_pattern,Q_t_at_recorded_contact_time,3.2.3,source_order_candidate_pending_table_or_figure_confirmation,contiguous workbook block order matches the source article section order and expected triplicate counts; source table/figure row IDs are not available in the XML export
585,SCWB-A,kinetics_pattern,Q_t_at_recorded_contact_time,3.2.3,source_order_candidate_pending_table_or_figure_confirmation,contiguous workbook block order matches the source article section order and expected triplicate counts; source table/figure row IDs are not available in the XML export
586,SCWB-A,kinetics_pattern,Q_t_at_recorded_contact_time,3.2.3,source_order_candidate_pending_table_or_figure_confirmation,contiguous workbook block order matches the source article section order and expected triplicate counts; source table/figure row IDs are not available in the XML export
587,SCWB-A,kinetics_pattern,Q_t_at_recorded_contact_time,3.2.3,source_order_candidate_pending_table_or_figure_confirmation,contiguous workbook block order matches the source article section order and expected triplicate counts; source table/figure row IDs are not available in the XML export
588,SCWB-A,kinetics_pattern,Q_t_at_recorded_contact_time,3.2.3,source_order_candidate_pending_table_or_figure_confirmation,contiguous workbook block order matches the source article section order and expected triplicate counts; source table/figure row IDs are not available in the XML export
589,SCWB-A,kinetics_pattern,Q_t_at_recorded_contact_time,3.2.3,source_order_candidate_pending_table_or_figure_confirmation,contiguous workbook block order matches the source article section order and expected triplicate counts; source table/figure row IDs are not available in the XML export
590,SCWB-A,kinetics_pattern,Q_t_at_recorded_contact_time,3.2.3,source_order_candidate_pending_table_or_figure_confirmation,contiguous workbook block order matches the source article section order and expected triplicate counts; source table/figure row IDs are not available in the XML export
591,SCWB-A,kinetics_pattern,Q_t_at_recorded_contact_time,3.2.3,source_order_candidate_pending_table_or_figure_confirmation,contiguous workbook block order matches the source article section order and expected triplicate counts; source table/figure row IDs are not available in the XML export
592,SCWB-A,kinetics_pattern,Q_t_at_recorded_contact_time,3.2.3,source_order_candidate_pending_table_or_figure_confirmation,contiguous workbook block order matches the source article section order and expected triplicate counts; source table/figure row IDs are not available in the XML export
593,SCWB-A,kinetics_pattern,Q_t_at_recorded_contact_time,3.2.3,source_order_candidate_pending_table_or_figure_confirmation,contiguous workbook block order matches the source article section order and expected triplicate counts; source table/figure row IDs are not available in the XML export
594,SCWB-A,kinetics_pattern,Q_t_at_recorded_contact_time,3.2.3,source_order_candidate_pending_table_or_figure_confirmation,contiguous workbook block order matches the source article section order and expected triplicate counts; source table/figure row IDs are not available in the XML export
595,SCWB-A,kinetics_pattern,Q_t_at_recorded_contact_time,3.2.3,source_order_candidate_pending_table_or_figure_confirmation,contiguous workbook block order matches the source article section order and expected triplicate counts; source table/figure row IDs are not available in the XML export
596,SCWB-A,kinetics_pattern,Q_t_at_recorded_contact_time,3.2.3,source_order_candidate_pending_table_or_figure_confirmation,contiguous workbook block order matches the source article section order and expected triplicate counts; source table/figure row IDs are not available in the XML export
597,SCWB-A,kinetics_pattern,Q_t_at_recorded_contact_time,3.2.3,source_order_candidate_pending_table_or_figure_confirmation,contiguous workbook block order matches the source article section order and expected triplicate counts; source table/figure row IDs are not available in the XML export
598,SCWB-A,kinetics_pattern,Q_t_at_recorded_contact_time,3.2.3,source_order_candidate_pending_table_or_figure_confirmation,contiguous workbook block order matches the source article section order and expected triplicate counts; source table/figure row IDs are not available in the XML export
599,SCWB-A,kinetics_pattern,Q_t_at_recorded_contact_time,3.2.3,source_order_candidate_pending_table_or_figure_confirmation,contiguous workbook block order matches the source article section order and expected triplicate counts; source table/figure row IDs are not available in the XML export
600,SCWB-A,kinetics_pattern,Q_t_at_recorded_contact_time,3.2.3,source_order_candidate_pending_table_or_figure_confirmation,contiguous workbook block order matches the source article section order and expected triplicate counts; source table/figure row IDs are not available in the XML export
601,SCWB-A,kinetics_pattern,Q_t_at_recorded_contact_time,3.2.3,source_order_candidate_pending_table_or_figure_confirmation,contiguous workbook block order matches the source article section order and expected triplicate counts; source table/figure row IDs are not available in the XML export
602,SCWB-A,kinetics_pattern,Q_t_at_recorded_contact_time,3.2.3,source_order_candidate_pending_table_or_figure_confirmation,contiguous workbook block order matches the source article section order and expected triplicate counts; source table/figure row IDs are not available in the XML export
603,SCWB-A,kinetics_pattern,Q_t_at_recorded_contact_time,3.2.3,source_order_candidate_pending_table_or_figure_confirmation,contiguous workbook block order matches the source article section order and expected triplicate counts; source table/figure row IDs are not available in the XML export
604,SCWB-A,kinetics_pattern,Q_t_at_recorded_contact_time,3.2.3,source_order_candidate_pending_table_or_figure_confirmation,contiguous workbook block order matches the source article section order and expected triplicate counts; source table/figure row IDs are not available in the XML export
605,SCWB-A,kinetics_pattern,Q_t_at_recorded_contact_time,3.2.3,source_order_candidate_pending_table_or_figure_confirmation,contiguous workbook block order matches the source article section order and expected triplicate counts; source table/figure row IDs are not available in the XML export
606,SCWB-A,kinetics_pattern,Q_t_at_recorded_contact_time,3.2.3,source_order_candidate_pending_table_or_figure_confirmation,contiguous workbook block order matches the source article section order and expected triplicate counts; source table/figure row IDs are not available in the XML export
607,SCWB-A,kinetics_pattern,Q_t_at_recorded_contact_time,3.2.3,source_order_candidate_pending_table_or_figure_confirmation,contiguous workbook block order matches the source article section order and expected triplicate counts; source table/figure row IDs are not available in the XML export
608,SCWB-A,kinetics_pattern,Q_t_at_recorded_contact_time,3.2.3,source_order_candidate_pending_table_or_figure_confirmation,contiguous workbook block order matches the source article section order and expected triplicate counts; source table/figure row IDs are not available in the XML export
609,SCWB-A,kinetics_pattern,Q_t_at_recorded_contact_time,3.2.3,source_order_candidate_pending_table_or_figure_confirmation,contiguous workbook block order matches the source article section order and expected triplicate counts; source table/figure row IDs are not available in the XML export
610,SCWB-A,kinetics_pattern,Q_t_at_recorded_contact_time,3.2.3,source_order_candidate_pending_table_or_figure_confirmation,contiguous workbook block order matches the source article section order and expected triplicate counts; source table/figure row IDs are not available in the XML export
611,SCWB-A,kinetics_pattern,Q_t_at_recorded_contact_time,3.2.3,source_order_candidate_pending_table_or_figure_confirmation,contiguous workbook block order matches the source article section order and expected triplicate counts; source table/figure row IDs are not available in the XML export
612,SCWB-A,kinetics_pattern,Q_t_at_recorded_contact_time,3.2.3,source_order_candidate_pending_table_or_figure_confirmation,contiguous workbook block order matches the source article section order and expected triplicate counts; source table/figure row IDs are not available in the XML export
613,SCWB-A,kinetics_pattern,Q_t_at_recorded_contact_time,3.2.3,source_order_candidate_pending_table_or_figure_confirmation,contiguous workbook block order matches the source article section order and expected triplicate counts; source table/figure row IDs are not available in the XML export
614,SCWB-A,kinetics_pattern,Q_t_at_recorded_contact_time,3.2.3,source_order_candidate_pending_table_or_figure_confirmation,contiguous workbook block order matches the source article section order and expected triplicate counts; source table/figure row IDs are not available in the XML export
615,SCWB-A,kinetics_pattern,Q_t_at_recorded_contact_time,3.2.3,source_order_candidate_pending_table_or_figure_confirmation,contiguous workbook block order matches the source article section order and expected triplicate counts; source table/figure row IDs are not available in the XML export
616,SCWB-A,kinetics_pattern,Q_t_at_recorded_contact_time,3.2.3,source_order_candidate_pending_table_or_figure_confirmation,contiguous workbook block order matches the source article section order and expected triplicate counts; source table/figure row IDs are not available in the XML export
617,SCWB-A,kinetics_pattern,Q_t_at_recorded_contact_time,3.2.3,source_order_candidate_pending_table_or_figure_confirmation,contiguous workbook block order matches the source article section order and expected triplicate counts; source table/figure row IDs are not available in the XML export
618,SCWB-A,kinetics_pattern,Q_t_at_recorded_contact_time,3.2.3,source_order_candidate_pending_table_or_figure_confirmation,contiguous workbook block order matches the source article section order and expected triplicate counts; source table/figure row IDs are not available in the XML export
619,SCWB-A,kinetics_pattern,Q_t_at_recorded_contact_time,3.2.3,source_order_candidate_pending_table_or_figure_confirmation,contiguous workbook block order matches the source article section order and expected triplicate counts; source table/figure row IDs are not available in the XML export
620,SCWB-A,kinetics_pattern,Q_t_at_recorded_contact_time,3.2.3,source_order_candidate_pending_table_or_figure_confirmation,contiguous workbook block order matches the source article section order and expected triplicate counts; source table/figure row IDs are not available in the XML export
621,SCWB-A,kinetics_pattern,Q_t_at_recorded_contact_time,3.2.3,source_order_candidate_pending_table_or_figure_confirmation,contiguous workbook block order matches the source article section order and expected triplicate counts; source table/figure row IDs are not available in the XML export
622,SCWB-A,kinetics_pattern,Q_t_at_recorded_contact_time,3.2.3,source_order_candidate_pending_table_or_figure_confirmation,contiguous workbook block order matches the source article section order and expected triplicate counts; source table/figure row IDs are not available in the XML export
623,SCWB-A,kinetics_pattern,Q_t_at_recorded_contact_time,3.2.3,source_order_candidate_pending_table_or_figure_confirmation,contiguous workbook block order matches the source article section order and expected triplicate counts; source table/figure row IDs are not available in the XML export
624,SCWB-A,kinetics_pattern,Q_t_at_recorded_contact_time,3.2.3,source_order_candidate_pending_table_or_figure_confirmation,contiguous workbook block order matches the source article section order and expected triplicate counts; source table/figure row IDs are not available in the XML export
625,SCWB-A,kinetics_pattern,Q_t_at_recorded_contact_time,3.2.3,source_order_candidate_pending_table_or_figure_confirmation,contiguous workbook block order matches the source article section order and expected triplicate counts; source table/figure row IDs are not available in the XML export
626,SCWB-P,isotherm_pattern,Q_e_at_equilibrium_condition,3.2.4,source_order_candidate_pending_table_or_figure_confirmation,contiguous workbook block order matches the source article section order and expected triplicate counts; source table/figure row IDs are not available in the XML export
627,SCWB-P,isotherm_pattern,Q_e_at_equilibrium_condition,3.2.4,source_order_candidate_pending_table_or_figure_confirmation,contiguous workbook block order matches the source article section order and expected triplicate counts; source table/figure row IDs are not available in the XML export
628,SCWB-P,isotherm_pattern,Q_e_at_equilibrium_condition,3.2.4,source_order_candidate_pending_table_or_figure_confirmation,contiguous workbook block order matches the source article section order and expected triplicate counts; source table/figure row IDs are not available in the XML export
629,SCWB-P,isotherm_pattern,Q_e_at_equilibrium_condition,3.2.4,source_order_candidate_pending_table_or_figure_confirmation,contiguous workbook block order matches the source article section order and expected triplicate counts; source table/figure row IDs are not available in the XML export
630,SCWB-P,isotherm_pattern,Q_e_at_equilibrium_condition,3.2.4,source_order_candidate_pending_table_or_figure_confirmation,contiguous workbook block order matches the source article section order and expected triplicate counts; source table/figure row IDs are not available in the XML export
631,SCWB-P,isotherm_pattern,Q_e_at_equilibrium_condition,3.2.4,source_order_candidate_pending_table_or_figure_confirmation,contiguous workbook block order matches the source article section order and expected triplicate counts; source table/figure row IDs are not available in the XML export
632,SCWB-P,isotherm_pattern,Q_e_at_equilibrium_condition,3.2.4,source_order_candidate_pending_table_or_figure_confirmation,contiguous workbook block order matches the source article section order and expected triplicate counts; source table/figure row IDs are not available in the XML export
633,SCWB-P,isotherm_pattern,Q_e_at_equilibrium_condition,3.2.4,source_order_candidate_pending_table_or_figure_confirmation,contiguous workbook block order matches the source article section order and expected triplicate counts; source table/figure row IDs are not available in the XML export
634,SCWB-P,isotherm_pattern,Q_e_at_equilibrium_condition,3.2.4,source_order_candidate_pending_table_or_figure_confirmation,contiguous workbook block order matches the source article section order and expected triplicate counts; source table/figure row IDs are not available in the XML export
635,SCWB-P,isotherm_pattern,Q_e_at_equilibrium_condition,3.2.4,source_order_candidate_pending_table_or_figure_confirmation,contiguous workbook block order matches the source article section order and expected triplicate counts; source table/figure row IDs are not available in the XML export
636,SCWB-P,isotherm_pattern,Q_e_at_equilibrium_condition,3.2.4,source_order_candidate_pending_table_or_figure_confirmation,contiguous workbook block order matches the source article section order and expected triplicate counts; source table/figure row IDs are not available in the XML export
637,SCWB-P,isotherm_pattern,Q_e_at_equilibrium_condition,3.2.4,source_order_candidate_pending_table_or_figure_confirmation,contiguous workbook block order matches the source article section order and expected triplicate counts; source table/figure row IDs are not available in the XML export
638,SCWB-P,isotherm_pattern,Q_e_at_equilibrium_condition,3.2.4,source_order_candidate_pending_table_or_figure_confirmation,contiguous workbook block order matches the source article section order and expected triplicate counts; source table/figure row IDs are not available in the XML export
639,SCWB-P,isotherm_pattern,Q_e_at_equilibrium_condition,3.2.4,source_order_candidate_pending_table_or_figure_confirmation,contiguous workbook block order matches the source article section order and expected triplicate counts; source table/figure row IDs are not available in the XML export
640,SCWB-P,isotherm_pattern,Q_e_at_equilibrium_condition,3.2.4,source_order_candidate_pending_table_or_figure_confirmation,contiguous workbook block order matches the source article section order and expected triplicate counts; source table/figure row IDs are not available in the XML export
641,SCWB-P,isotherm_pattern,Q_e_at_equilibrium_condition,3.2.4,source_order_candidate_pending_table_or_figure_confirmation,contiguous workbook block order matches the source article section order and expected triplicate counts; source table/figure row IDs are not available in the XML export
642,SCWB-P,isotherm_pattern,Q_e_at_equilibrium_condition,3.2.4,source_order_candidate_pending_table_or_figure_confirmation,contiguous workbook block order matches the source article section order and expected triplicate counts; source table/figure row IDs are not available in the XML export
643,SCWB-P,isotherm_pattern,Q_e_at_equilibrium_condition,3.2.4,source_order_candidate_pending_table_or_figure_confirmation,contiguous workbook block order matches the source article section order and expected triplicate counts; source table/figure row IDs are not available in the XML export
644,SCWB-P,isotherm_pattern,Q_e_at_equilibrium_condition,3.2.4,source_order_candidate_pending_table_or_figure_confirmation,contiguous workbook block order matches the source article section order and expected triplicate counts; source table/figure row IDs are not available in the XML export
645,SCWB-P,isotherm_pattern,Q_e_at_equilibrium_condition,3.2.4,source_order_candidate_pending_table_or_figure_confirmation,contiguous workbook block order matches the source article section order and expected triplicate counts; source table/figure row IDs are not available in the XML export
646,SCWB-P,isotherm_pattern,Q_e_at_equilibrium_condition,3.2.4,source_order_candidate_pending_table_or_figure_confirmation,contiguous workbook block order matches the source article section order and expected triplicate counts; source table/figure row IDs are not available in the XML export
647,SCWB-P,isotherm_pattern,Q_e_at_equilibrium_condition,3.2.4,source_order_candidate_pending_table_or_figure_confirmation,contiguous workbook block order matches the source article section order and expected triplicate counts; source table/figure row IDs are not available in the XML export
648,SCWB-P,isotherm_pattern,Q_e_at_equilibrium_condition,3.2.4,source_order_candidate_pending_table_or_figure_confirmation,contiguous workbook block order matches the source article section order and expected triplicate counts; source table/figure row IDs are not available in the XML export
649,SCWB-P,isotherm_pattern,Q_e_at_equilibrium_condition,3.2.4,source_order_candidate_pending_table_or_figure_confirmation,contiguous workbook block order matches the source article section order and expected triplicate counts; source table/figure row IDs are not available in the XML export
650,SCWB-P,isotherm_pattern,Q_e_at_equilibrium_condition,3.2.4,source_order_candidate_pending_table_or_figure_confirmation,contiguous workbook block order matches the source article section order and expected triplicate counts; source table/figure row IDs are not available in the XML export
651,SCWB-P,isotherm_pattern,Q_e_at_equilibrium_condition,3.2.4,source_order_candidate_pending_table_or_figure_confirmation,contiguous workbook block order matches the source article section order and expected triplicate counts; source table/figure row IDs are not available in the XML export
652,SCWB-P,isotherm_pattern,Q_e_at_equilibrium_condition,3.2.4,source_order_candidate_pending_table_or_figure_confirmation,contiguous workbook block order matches the source article section order and expected triplicate counts; source table/figure row IDs are not available in the XML export
653,SCWB-P,isotherm_pattern,Q_e_at_equilibrium_condition,3.2.4,source_order_candidate_pending_table_or_figure_confirmation,contiguous workbook block order matches the source article section order and expected triplicate counts; source table/figure row IDs are not available in the XML export
654,SCWB-P,isotherm_pattern,Q_e_at_equilibrium_condition,3.2.4,source_order_candidate_pending_table_or_figure_confirmation,contiguous workbook block order matches the source article section order and expected triplicate counts; source table/figure row IDs are not available in the XML export
655,SCWB-P,isotherm_pattern,Q_e_at_equilibrium_condition,3.2.4,source_order_candidate_pending_table_or_figure_confirmation,contiguous workbook block order matches the source article section order and expected triplicate counts; source table/figure row IDs are not available in the XML export
656,SCWB-P,isotherm_pattern,Q_e_at_equilibrium_condition,3.2.4,source_order_candidate_pending_table_or_figure_confirmation,contiguous workbook block order matches the source article section order and expected triplicate counts; source table/figure row IDs are not available in the XML export
657,SCWB-P,isotherm_pattern,Q_e_at_equilibrium_condition,3.2.4,source_order_candidate_pending_table_or_figure_confirmation,contiguous workbook block order matches the source article section order and expected triplicate counts; source table/figure row IDs are not available in the XML export
658,SCWB-P,isotherm_pattern,Q_e_at_equilibrium_condition,3.2.4,source_order_candidate_pending_table_or_figure_confirmation,contiguous workbook block order matches the source article section order and expected triplicate counts; source table/figure row IDs are not available in the XML export
659,SCWB-P,isotherm_pattern,Q_e_at_equilibrium_condition,3.2.4,source_order_candidate_pending_table_or_figure_confirmation,contiguous workbook block order matches the source article section order and expected triplicate counts; source table/figure row IDs are not available in the XML export
660,SCWB-P,isotherm_pattern,Q_e_at_equilibrium_condition,3.2.4,source_order_candidate_pending_table_or_figure_confirmation,contiguous workbook block order matches the source article section order and expected triplicate counts; source table/figure row IDs are not available in the XML export
661,SCWB-P,isotherm_pattern,Q_e_at_equilibrium_condition,3.2.4,source_order_candidate_pending_table_or_figure_confirmation,contiguous workbook block order matches the source article section order and expected triplicate counts; source table/figure row IDs are not available in the XML export
662,SCWB-P,isotherm_pattern,Q_e_at_equilibrium_condition,3.2.4,source_order_candidate_pending_table_or_figure_confirmation,contiguous workbook block order matches the source article section order and expected triplicate counts; source table/figure row IDs are not available in the XML export
663,SCWB-P,isotherm_pattern,Q_e_at_equilibrium_condition,3.2.4,source_order_candidate_pending_table_or_figure_confirmation,contiguous workbook block order matches the source article section order and expected triplicate counts; source table/figure row IDs are not available in the XML export
664,SCWB-P,isotherm_pattern,Q_e_at_equilibrium_condition,3.2.4,source_order_candidate_pending_table_or_figure_confirmation,contiguous workbook block order matches the source article section order and expected triplicate counts; source table/figure row IDs are not available in the XML export
665,SCWB-P,isotherm_pattern,Q_e_at_equilibrium_condition,3.2.4,source_order_candidate_pending_table_or_figure_confirmation,contiguous workbook block order matches the source article section order and expected triplicate counts; source table/figure row IDs are not available in the XML export
666,SCWB-P,isotherm_pattern,Q_e_at_equilibrium_condition,3.2.4,source_order_candidate_pending_table_or_figure_confirmation,contiguous workbook block order matches the source article section order and expected triplicate counts; source table/figure row IDs are not available in the XML export
667,SCWB-P,isotherm_pattern,Q_e_at_equilibrium_condition,3.2.4,source_order_candidate_pending_table_or_figure_confirmation,contiguous workbook block order matches the source article section order and expected triplicate counts; source table/figure row IDs are not available in the XML export
668,SCWB-P,isotherm_pattern,Q_e_at_equilibrium_condition,3.2.4,source_order_candidate_pending_table_or_figure_confirmation,contiguous workbook block order matches the source article section order and expected triplicate counts; source table/figure row IDs are not available in the XML export
669,SCWB-P,isotherm_pattern,Q_e_at_equilibrium_condition,3.2.4,source_order_candidate_pending_table_or_figure_confirmation,contiguous workbook block order matches the source article section order and expected triplicate counts; source table/figure row IDs are not available in the XML export
670,SCWB-P,isotherm_pattern,Q_e_at_equilibrium_condition,3.2.4,source_order_candidate_pending_table_or_figure_confirmation,contiguous workbook block order matches the source article section order and expected triplicate counts; source table/figure row IDs are not available in the XML export
671,SCWB-A,isotherm_pattern,Q_e_at_equilibrium_condition,3.2.4,source_order_candidate_pending_table_or_figure_confirmation,contiguous workbook block order matches the source article section order and expected triplicate counts; source table/figure row IDs are not available in the XML export
672,SCWB-A,isotherm_pattern,Q_e_at_equilibrium_condition,3.2.4,source_order_candidate_pending_table_or_figure_confirmation,contiguous workbook block order matches the source article section order and expected triplicate counts; source table/figure row IDs are not available in the XML export
673,SCWB-A,isotherm_pattern,Q_e_at_equilibrium_condition,3.2.4,source_order_candidate_pending_table_or_figure_confirmation,contiguous workbook block order matches the source article section order and expected triplicate counts; source table/figure row IDs are not available in the XML export
674,SCWB-A,isotherm_pattern,Q_e_at_equilibrium_condition,3.2.4,source_order_candidate_pending_table_or_figure_confirmation,contiguous workbook block order matches the source article section order and expected triplicate counts; source table/figure row IDs are not available in the XML export
675,SCWB-A,isotherm_pattern,Q_e_at_equilibrium_condition,3.2.4,source_order_candidate_pending_table_or_figure_confirmation,contiguous workbook block order matches the source article section order and expected triplicate counts; source table/figure row IDs are not available in the XML export
676,SCWB-A,isotherm_pattern,Q_e_at_equilibrium_condition,3.2.4,source_order_candidate_pending_table_or_figure_confirmation,contiguous workbook block order matches the source article section order and expected triplicate counts; source table/figure row IDs are not available in the XML export
677,SCWB-A,isotherm_pattern,Q_e_at_equilibrium_condition,3.2.4,source_order_candidate_pending_table_or_figure_confirmation,contiguous workbook block order matches the source article section order and expected triplicate counts; source table/figure row IDs are not available in the XML export
678,SCWB-A,isotherm_pattern,Q_e_at_equilibrium_condition,3.2.4,source_order_candidate_pending_table_or_figure_confirmation,contiguous workbook block order matches the source article section order and expected triplicate counts; source table/figure row IDs are not available in the XML export
679,SCWB-A,isotherm_pattern,Q_e_at_equilibrium_condition,3.2.4,source_order_candidate_pending_table_or_figure_confirmation,contiguous workbook block order matches the source article section order and expected triplicate counts; source table/figure row IDs are not available in the XML export
680,SCWB-A,isotherm_pattern,Q_e_at_equilibrium_condition,3.2.4,source_order_candidate_pending_table_or_figure_confirmation,contiguous workbook block order matches the source article section order and expected triplicate counts; source table/figure row IDs are not available in the XML export
681,SCWB-A,isotherm_pattern,Q_e_at_equilibrium_condition,3.2.4,source_order_candidate_pending_table_or_figure_confirmation,contiguous workbook block order matches the source article section order and expected triplicate counts; source table/figure row IDs are not available in the XML export
682,SCWB-A,isotherm_pattern,Q_e_at_equilibrium_condition,3.2.4,source_order_candidate_pending_table_or_figure_confirmation,contiguous workbook block order matches the source article section order and expected triplicate counts; source table/figure row IDs are not available in the XML export
683,SCWB-A,isotherm_pattern,Q_e_at_equilibrium_condition,3.2.4,source_order_candidate_pending_table_or_figure_confirmation,contiguous workbook block order matches the source article section order and expected triplicate counts; source table/figure row IDs are not available in the XML export
684,SCWB-A,isotherm_pattern,Q_e_at_equilibrium_condition,3.2.4,source_order_candidate_pending_table_or_figure_confirmation,contiguous workbook block order matches the source article section order and expected triplicate counts; source table/figure row IDs are not available in the XML export
685,SCWB-A,isotherm_pattern,Q_e_at_equilibrium_condition,3.2.4,source_order_candidate_pending_table_or_figure_confirmation,contiguous workbook block order matches the source article section order and expected triplicate counts; source table/figure row IDs are not available in the XML export
686,SCWB-A,isotherm_pattern,Q_e_at_equilibrium_condition,3.2.4,source_order_candidate_pending_table_or_figure_confirmation,contiguous workbook block order matches the source article section order and expected triplicate counts; source table/figure row IDs are not available in the XML export
687,SCWB-A,isotherm_pattern,Q_e_at_equilibrium_condition,3.2.4,source_order_candidate_pending_table_or_figure_confirmation,contiguous workbook block order matches the source article section order and expected triplicate counts; source table/figure row IDs are not available in the XML export
688,SCWB-A,isotherm_pattern,Q_e_at_equilibrium_condition,3.2.4,source_order_candidate_pending_table_or_figure_confirmation,contiguous workbook block order matches the source article section order and expected triplicate counts; source table/figure row IDs are not available in the XML export
689,SCWB-A,isotherm_pattern,Q_e_at_equilibrium_condition,3.2.4,source_order_candidate_pending_table_or_figure_confirmation,contiguous workbook block order matches the source article section order and expected triplicate counts; source table/figure row IDs are not available in the XML export
690,SCWB-A,isotherm_pattern,Q_e_at_equilibrium_condition,3.2.4,source_order_candidate_pending_table_or_figure_confirmation,contiguous workbook block order matches the source article section order and expected triplicate counts; source table/figure row IDs are not available in the XML export
691,SCWB-A,isotherm_pattern,Q_e_at_equilibrium_condition,3.2.4,source_order_candidate_pending_table_or_figure_confirmation,contiguous workbook block order matches the source article section order and expected triplicate counts; source table/figure row IDs are not available in the XML export
692,SCWB-A,isotherm_pattern,Q_e_at_equilibrium_condition,3.2.4,source_order_candidate_pending_table_or_figure_confirmation,contiguous workbook block order matches the source article section order and expected triplicate counts; source table/figure row IDs are not available in the XML export
693,SCWB-A,isotherm_pattern,Q_e_at_equilibrium_condition,3.2.4,source_order_candidate_pending_table_or_figure_confirmation,contiguous workbook block order matches the source article section order and expected triplicate counts; source table/figure row IDs are not available in the XML export
694,SCWB-A,isotherm_pattern,Q_e_at_equilibrium_condition,3.2.4,source_order_candidate_pending_table_or_figure_confirmation,contiguous workbook block order matches the source article section order and expected triplicate counts; source table/figure row IDs are not available in the XML export
695,SCWB-A,isotherm_pattern,Q_e_at_equilibrium_condition,3.2.4,source_order_candidate_pending_table_or_figure_confirmation,contiguous workbook block order matches the source article section order and expected triplicate counts; source table/figure row IDs are not available in the XML export
696,SCWB-A,isotherm_pattern,Q_e_at_equilibrium_condition,3.2.4,source_order_candidate_pending_table_or_figure_confirmation,contiguous workbook block order matches the source article section order and expected triplicate counts; source table/figure row IDs are not available in the XML export
697,SCWB-A,isotherm_pattern,Q_e_at_equilibrium_condition,3.2.4,source_order_candidate_pending_table_or_figure_confirmation,contiguous workbook block order matches the source article section order and expected triplicate counts; source table/figure row IDs are not available in the XML export
698,SCWB-A,isotherm_pattern,Q_e_at_equilibrium_condition,3.2.4,source_order_candidate_pending_table_or_figure_confirmation,contiguous workbook block order matches the source article section order and expected triplicate counts; source table/figure row IDs are not available in the XML export
699,SCWB-A,isotherm_pattern,Q_e_at_equilibrium_condition,3.2.4,source_order_candidate_pending_table_or_figure_confirmation,contiguous workbook block order matches the source article section order and expected triplicate counts; source table/figure row IDs are not available in the XML export
700,SCWB-A,isotherm_pattern,Q_e_at_equilibrium_condition,3.2.4,source_order_candidate_pending_table_or_figure_confirmation,contiguous workbook block order matches the source article section order and expected triplicate counts; source table/figure row IDs are not available in the XML export
701,SCWB-A,isotherm_pattern,Q_e_at_equilibrium_condition,3.2.4,source_order_candidate_pending_table_or_figure_confirmation,contiguous workbook block order matches the source article section order and expected triplicate counts; source table/figure row IDs are not available in the XML export
702,SCWB-A,isotherm_pattern,Q_e_at_equilibrium_condition,3.2.4,source_order_candidate_pending_table_or_figure_confirmation,contiguous workbook block order matches the source article section order and expected triplicate counts; source table/figure row IDs are not available in the XML export
703,SCWB-A,isotherm_pattern,Q_e_at_equilibrium_condition,3.2.4,source_order_candidate_pending_table_or_figure_confirmation,contiguous workbook block order matches the source article section order and expected triplicate counts; source table/figure row IDs are not available in the XML export
704,SCWB-A,isotherm_pattern,Q_e_at_equilibrium_condition,3.2.4,source_order_candidate_pending_table_or_figure_confirmation,contiguous workbook block order matches the source article section order and expected triplicate counts; source table/figure row IDs are not available in the XML export
705,SCWB-A,isotherm_pattern,Q_e_at_equilibrium_condition,3.2.4,source_order_candidate_pending_table_or_figure_confirmation,contiguous workbook block order matches the source article section order and expected triplicate counts; source table/figure row IDs are not available in the XML export
706,SCWB-A,isotherm_pattern,Q_e_at_equilibrium_condition,3.2.4,source_order_candidate_pending_table_or_figure_confirmation,contiguous workbook block order matches the source article section order and expected triplicate counts; source table/figure row IDs are not available in the XML export
707,SCWB-A,isotherm_pattern,Q_e_at_equilibrium_condition,3.2.4,source_order_candidate_pending_table_or_figure_confirmation,contiguous workbook block order matches the source article section order and expected triplicate counts; source table/figure row IDs are not available in the XML export
708,SCWB-A,isotherm_pattern,Q_e_at_equilibrium_condition,3.2.4,source_order_candidate_pending_table_or_figure_confirmation,contiguous workbook block order matches the source article section order and expected triplicate counts; source table/figure row IDs are not available in the XML export
709,SCWB-A,isotherm_pattern,Q_e_at_equilibrium_condition,3.2.4,source_order_candidate_pending_table_or_figure_confirmation,contiguous workbook block order matches the source article section order and expected triplicate counts; source table/figure row IDs are not available in the XML export
710,SCWB-A,isotherm_pattern,Q_e_at_equilibrium_condition,3.2.4,source_order_candidate_pending_table_or_figure_confirmation,contiguous workbook block order matches the source article section order and expected triplicate counts; source table/figure row IDs are not available in the XML export
711,SCWB-A,isotherm_pattern,Q_e_at_equilibrium_condition,3.2.4,source_order_candidate_pending_table_or_figure_confirmation,contiguous workbook block order matches the source article section order and expected triplicate counts; source table/figure row IDs are not available in the XML export
712,SCWB-A,isotherm_pattern,Q_e_at_equilibrium_condition,3.2.4,source_order_candidate_pending_table_or_figure_confirmation,contiguous workbook block order matches the source article section order and expected triplicate counts; source table/figure row IDs are not available in the XML export
713,SCWB-A,isotherm_pattern,Q_e_at_equilibrium_condition,3.2.4,source_order_candidate_pending_table_or_figure_confirmation,contiguous workbook block order matches the source article section order and expected triplicate counts; source table/figure row IDs are not available in the XML export
714,SCWB-A,isotherm_pattern,Q_e_at_equilibrium_condition,3.2.4,source_order_candidate_pending_table_or_figure_confirmation,contiguous workbook block order matches the source article section order and expected triplicate counts; source table/figure row IDs are not available in the XML export
715,SCWB-A,isotherm_pattern,Q_e_at_equilibrium_condition,3.2.4,source_order_candidate_pending_table_or_figure_confirmation,contiguous workbook block order matches the source article section order and expected triplicate counts; source table/figure row IDs are not available in the XML export
716,SCWB-P,temperature_pattern,Q_e_at_equilibrium_condition,3.2.5,source_order_candidate_pending_table_or_figure_confirmation,contiguous workbook block order matches the source article section order and expected triplicate counts; source table/figure row IDs are not available in the XML export
717,SCWB-P,temperature_pattern,Q_e_at_equilibrium_condition,3.2.5,source_order_candidate_pending_table_or_figure_confirmation,contiguous workbook block order matches the source article section order and expected triplicate counts; source table/figure row IDs are not available in the XML export
718,SCWB-P,temperature_pattern,Q_e_at_equilibrium_condition,3.2.5,source_order_candidate_pending_table_or_figure_confirmation,contiguous workbook block order matches the source article section order and expected triplicate counts; source table/figure row IDs are not available in the XML export
719,SCWB-P,temperature_pattern,Q_e_at_equilibrium_condition,3.2.5,source_order_candidate_pending_table_or_figure_confirmation,contiguous workbook block order matches the source article section order and expected triplicate counts; source table/figure row IDs are not available in the XML export
720,SCWB-P,temperature_pattern,Q_e_at_equilibrium_condition,3.2.5,source_order_candidate_pending_table_or_figure_confirmation,contiguous workbook block order matches the source article section order and expected triplicate counts; source table/figure row IDs are not available in the XML export
721,SCWB-P,temperature_pattern,Q_e_at_equilibrium_condition,3.2.5,source_order_candidate_pending_table_or_figure_confirmation,contiguous workbook block order matches the source article section order and expected triplicate counts; source table/figure row IDs are not available in the XML export
722,SCWB-P,temperature_pattern,Q_e_at_equilibrium_condition,3.2.5,source_order_candidate_pending_table_or_figure_confirmation,contiguous workbook block order matches the source article section order and expected triplicate counts; source table/figure row IDs are not available in the XML export
723,SCWB-P,temperature_pattern,Q_e_at_equilibrium_condition,3.2.5,source_order_candidate_pending_table_or_figure_confirmation,contiguous workbook block order matches the source article section order and expected triplicate counts; source table/figure row IDs are not available in the XML export
724,SCWB-P,temperature_pattern,Q_e_at_equilibrium_condition,3.2.5,source_order_candidate_pending_table_or_figure_confirmation,contiguous workbook block order matches the source article section order and expected triplicate counts; source table/figure row IDs are not available in the XML export
725,SCWB-P,temperature_pattern,Q_e_at_equilibrium_condition,3.2.5,source_order_candidate_pending_table_or_figure_confirmation,contiguous workbook block order matches the source article section order and expected triplicate counts; source table/figure row IDs are not available in the XML export
726,SCWB-P,temperature_pattern,Q_e_at_equilibrium_condition,3.2.5,source_order_candidate_pending_table_or_figure_confirmation,contiguous workbook block order matches the source article section order and expected triplicate counts; source table/figure row IDs are not available in the XML export
727,SCWB-P,temperature_pattern,Q_e_at_equilibrium_condition,3.2.5,source_order_candidate_pending_table_or_figure_confirmation,contiguous workbook block order matches the source article section order and expected triplicate counts; source table/figure row IDs are not available in the XML export
728,SCWB-P,temperature_pattern,Q_e_at_equilibrium_condition,3.2.5,source_order_candidate_pending_table_or_figure_confirmation,contiguous workbook block order matches the source article section order and expected triplicate counts; source table/figure row IDs are not available in the XML export
729,SCWB-P,temperature_pattern,Q_e_at_equilibrium_condition,3.2.5,source_order_candidate_pending_table_or_figure_confirmation,contiguous workbook block order matches the source article section order and expected triplicate counts; source table/figure row IDs are not available in the XML export
730,SCWB-P,temperature_pattern,Q_e_at_equilibrium_condition,3.2.5,source_order_candidate_pending_table_or_figure_confirmation,contiguous workbook block order matches the source article section order and expected triplicate counts; source table/figure row IDs are not available in the XML export
731,SCWB-P,temperature_pattern,Q_e_at_equilibrium_condition,3.2.5,source_order_candidate_pending_table_or_figure_confirmation,contiguous workbook block order matches the source article section order and expected triplicate counts; source table/figure row IDs are not available in the XML export
732,SCWB-P,temperature_pattern,Q_e_at_equilibrium_condition,3.2.5,source_order_candidate_pending_table_or_figure_confirmation,contiguous workbook block order matches the source article section order and expected triplicate counts; source table/figure row IDs are not available in the XML export
733,SCWB-P,temperature_pattern,Q_e_at_equilibrium_condition,3.2.5,source_order_candidate_pending_table_or_figure_confirmation,contiguous workbook block order matches the source article section order and expected triplicate counts; source table/figure row IDs are not available in the XML export
734,SCWB-P,temperature_pattern,Q_e_at_equilibrium_condition,3.2.5,source_order_candidate_pending_table_or_figure_confirmation,contiguous workbook block order matches the source article section order and expected triplicate counts; source table/figure row IDs are not available in the XML export
735,SCWB-P,temperature_pattern,Q_e_at_equilibrium_condition,3.2.5,source_order_candidate_pending_table_or_figure_confirmation,contiguous workbook block order matches the source article section order and expected triplicate counts; source table/figure row IDs are not available in the XML export
736,SCWB-P,temperature_pattern,Q_e_at_equilibrium_condition,3.2.5,source_order_candidate_pending_table_or_figure_confirmation,contiguous workbook block order matches the source article section order and expected triplicate counts; source table/figure row IDs are not available in the XML export
737,SCWB-P,temperature_pattern,Q_e_at_equilibrium_condition,3.2.5,source_order_candidate_pending_table_or_figure_confirmation,contiguous workbook block order matches the source article section order and expected triplicate counts; source table/figure row IDs are not available in the XML export
738,SCWB-P,temperature_pattern,Q_e_at_equilibrium_condition,3.2.5,source_order_candidate_pending_table_or_figure_confirmation,contiguous workbook block order matches the source article section order and expected triplicate counts; source table/figure row IDs are not available in the XML export
739,SCWB-P,temperature_pattern,Q_e_at_equilibrium_condition,3.2.5,source_order_candidate_pending_table_or_figure_confirmation,contiguous workbook block order matches the source article section order and expected triplicate counts; source table/figure row IDs are not available in the XML export
740,SCWB-P,temperature_pattern,Q_e_at_equilibrium_condition,3.2.5,source_order_candidate_pending_table_or_figure_confirmation,contiguous workbook block order matches the source article section order and expected triplicate counts; source table/figure row IDs are not available in the XML export
741,SCWB-P,temperature_pattern,Q_e_at_equilibrium_condition,3.2.5,source_order_candidate_pending_table_or_figure_confirmation,contiguous workbook block order matches the source article section order and expected triplicate counts; source table/figure row IDs are not available in the XML export
742,SCWB-P,temperature_pattern,Q_e_at_equilibrium_condition,3.2.5,source_order_candidate_pending_table_or_figure_confirmation,contiguous workbook block order matches the source article section order and expected triplicate counts; source table/figure row IDs are not available in the XML export
743,SCWB-A,temperature_pattern,Q_e_at_equilibrium_condition,3.2.5,source_order_candidate_pending_table_or_figure_confirmation,contiguous workbook block order matches the source article section order and expected triplicate counts; source table/figure row IDs are not available in the XML export
744,SCWB-A,temperature_pattern,Q_e_at_equilibrium_condition,3.2.5,source_order_candidate_pending_table_or_figure_confirmation,contiguous workbook block order matches the source article section order and expected triplicate counts; source table/figure row IDs are not available in the XML export
745,SCWB-A,temperature_pattern,Q_e_at_equilibrium_condition,3.2.5,source_order_candidate_pending_table_or_figure_confirmation,contiguous workbook block order matches the source article section order and expected triplicate counts; source table/figure row IDs are not available in the XML export
746,SCWB-A,temperature_pattern,Q_e_at_equilibrium_condition,3.2.5,source_order_candidate_pending_table_or_figure_confirmation,contiguous workbook block order matches the source article section order and expected triplicate counts; source table/figure row IDs are not available in the XML export
747,SCWB-A,temperature_pattern,Q_e_at_equilibrium_condition,3.2.5,source_order_candidate_pending_table_or_figure_confirmation,contiguous workbook block order matches the source article section order and expected triplicate counts; source table/figure row IDs are not available in the XML export
748,SCWB-A,temperature_pattern,Q_e_at_equilibrium_condition,3.2.5,source_order_candidate_pending_table_or_figure_confirmation,contiguous workbook block order matches the source article section order and expected triplicate counts; source table/figure row IDs are not available in the XML export
749,SCWB-A,temperature_pattern,Q_e_at_equilibrium_condition,3.2.5,source_order_candidate_pending_table_or_figure_confirmation,contiguous workbook block order matches the source article section order and expected triplicate counts; source table/figure row IDs are not available in the XML export
750,SCWB-A,temperature_pattern,Q_e_at_equilibrium_condition,3.2.5,source_order_candidate_pending_table_or_figure_confirmation,contiguous workbook block order matches the source article section order and expected triplicate counts; source table/figure row IDs are not available in the XML export
751,SCWB-A,temperature_pattern,Q_e_at_equilibrium_condition,3.2.5,source_order_candidate_pending_table_or_figure_confirmation,contiguous workbook block order matches the source article section order and expected triplicate counts; source table/figure row IDs are not available in the XML export
752,SCWB-A,temperature_pattern,Q_e_at_equilibrium_condition,3.2.5,source_order_candidate_pending_table_or_figure_confirmation,contiguous workbook block order matches the source article section order and expected triplicate counts; source table/figure row IDs are not available in the XML export
753,SCWB-A,temperature_pattern,Q_e_at_equilibrium_condition,3.2.5,source_order_candidate_pending_table_or_figure_confirmation,contiguous workbook block order matches the source article section order and expected triplicate counts; source table/figure row IDs are not available in the XML export
754,SCWB-A,temperature_pattern,Q_e_at_equilibrium_condition,3.2.5,source_order_candidate_pending_table_or_figure_confirmation,contiguous workbook block order matches the source article section order and expected triplicate counts; source table/figure row IDs are not available in the XML export
755,SCWB-A,temperature_pattern,Q_e_at_equilibrium_condition,3.2.5,source_order_candidate_pending_table_or_figure_confirmation,contiguous workbook block order matches the source article section order and expected triplicate counts; source table/figure row IDs are not available in the XML export
756,SCWB-A,temperature_pattern,Q_e_at_equilibrium_condition,3.2.5,source_order_candidate_pending_table_or_figure_confirmation,contiguous workbook block order matches the source article section order and expected triplicate counts; source table/figure row IDs are not available in the XML export
757,SCWB-A,temperature_pattern,Q_e_at_equilibrium_condition,3.2.5,source_order_candidate_pending_table_or_figure_confirmation,contiguous workbook block order matches the source article section order and expected triplicate counts; source table/figure row IDs are not available in the XML export
758,SCWB-A,temperature_pattern,Q_e_at_equilibrium_condition,3.2.5,source_order_candidate_pending_table_or_figure_confirmation,contiguous workbook block order matches the source article section order and expected triplicate counts; source table/figure row IDs are not available in the XML export
759,SCWB-A,temperature_pattern,Q_e_at_equilibrium_condition,3.2.5,source_order_candidate_pending_table_or_figure_confirmation,contiguous workbook block order matches the source article section order and expected triplicate counts; source table/figure row IDs are not available in the XML export
760,SCWB-A,temperature_pattern,Q_e_at_equilibrium_condition,3.2.5,source_order_candidate_pending_table_or_figure_confirmation,contiguous workbook block order matches the source article section order and expected triplicate counts; source table/figure row IDs are not available in the XML export
761,SCWB-A,temperature_pattern,Q_e_at_equilibrium_condition,3.2.5,source_order_candidate_pending_table_or_figure_confirmation,contiguous workbook block order matches the source article section order and expected triplicate counts; source table/figure row IDs are not available in the XML export
762,SCWB-A,temperature_pattern,Q_e_at_equilibrium_condition,3.2.5,source_order_candidate_pending_table_or_figure_confirmation,contiguous workbook block order matches the source article section order and expected triplicate counts; source table/figure row IDs are not available in the XML export
763,SCWB-A,temperature_pattern,Q_e_at_equilibrium_condition,3.2.5,source_order_candidate_pending_table_or_figure_confirmation,contiguous workbook block order matches the source article section order and expected triplicate counts; source table/figure row IDs are not available in the XML export
764,SCWB-A,temperature_pattern,Q_e_at_equilibrium_condition,3.2.5,source_order_candidate_pending_table_or_figure_confirmation,contiguous workbook block order matches the source article section order and expected triplicate counts; source table/figure row IDs are not available in the XML export
765,SCWB-A,temperature_pattern,Q_e_at_equilibrium_condition,3.2.5,source_order_candidate_pending_table_or_figure_confirmation,contiguous workbook block order matches the source article section order and expected triplicate counts; source table/figure row IDs are not available in the XML export
766,SCWB-A,temperature_pattern,Q_e_at_equilibrium_condition,3.2.5,source_order_candidate_pending_table_or_figure_confirmation,contiguous workbook block order matches the source article section order and expected triplicate counts; source table/figure row IDs are not available in the XML export
767,SCWB-A,temperature_pattern,Q_e_at_equilibrium_condition,3.2.5,source_order_candidate_pending_table_or_figure_confirmation,contiguous workbook block order matches the source article section order and expected triplicate counts; source table/figure row IDs are not available in the XML export
768,SCWB-A,temperature_pattern,Q_e_at_equilibrium_condition,3.2.5,source_order_candidate_pending_table_or_figure_confirmation,contiguous workbook block order matches the source article section order and expected triplicate counts; source table/figure row IDs are not available in the XML export
769,SCWB-A,temperature_pattern,Q_e_at_equilibrium_condition,3.2.5,source_order_candidate_pending_table_or_figure_confirmation,contiguous workbook block order matches the source article section order and expected triplicate counts; source table/figure row IDs are not available in the XML export
