source_row_id,original_material_label,candidate_series,response_endpoint_candidate,analysis_adsorption_type,adsorption_type_mapping_status,dom_status,response_quality_status,source_article_section,source_order_mapping_status,series_evidence
1548,Pristine SCG biochar,isotherm_pattern,Q_e_at_equilibrium_condition,Single,raw_label_retained,observed_zero_DOM_only_source_also_reports_5_mg_L,nonnegative_capacity,2.4_isotherm,source_order_candidate_pending_table_or_figure_confirmation,source methods and contiguous workbook block order; source table/figure row IDs are not available in the XML export
1549,Pristine SCG biochar,isotherm_pattern,Q_e_at_equilibrium_condition,Single,raw_label_retained,observed_zero_DOM_only_source_also_reports_5_mg_L,nonnegative_capacity,2.4_isotherm,source_order_candidate_pending_table_or_figure_confirmation,source methods and contiguous workbook block order; source table/figure row IDs are not available in the XML export
1550,Pristine SCG biochar,isotherm_pattern,Q_e_at_equilibrium_condition,Single,raw_label_retained,observed_zero_DOM_only_source_also_reports_5_mg_L,nonnegative_capacity,2.4_isotherm,source_order_candidate_pending_table_or_figure_confirmation,source methods and contiguous workbook block order; source table/figure row IDs are not available in the XML export
1551,Pristine SCG biochar,isotherm_pattern,Q_e_at_equilibrium_condition,Single,raw_label_retained,observed_zero_DOM_only_source_also_reports_5_mg_L,nonnegative_capacity,2.4_isotherm,source_order_candidate_pending_table_or_figure_confirmation,source methods and contiguous workbook block order; source table/figure row IDs are not available in the XML export
1552,Pristine SCG biochar,isotherm_pattern,Q_e_at_equilibrium_condition,Single,raw_label_retained,observed_zero_DOM_only_source_also_reports_5_mg_L,nonnegative_capacity,2.4_isotherm,source_order_candidate_pending_table_or_figure_confirmation,source methods and contiguous workbook block order; source table/figure row IDs are not available in the XML export
1553,Pristine SCG biochar,isotherm_pattern,Q_e_at_equilibrium_condition,Single,raw_label_retained,observed_zero_DOM_only_source_also_reports_5_mg_L,nonnegative_capacity,2.4_isotherm,source_order_candidate_pending_table_or_figure_confirmation,source methods and contiguous workbook block order; source table/figure row IDs are not available in the XML export
1554,Pristine SCG biochar,isotherm_pattern,Q_e_at_equilibrium_condition,Single,raw_label_retained,observed_zero_DOM_only_source_also_reports_5_mg_L,nonnegative_capacity,2.4_isotherm,source_order_candidate_pending_table_or_figure_confirmation,source methods and contiguous workbook block order; source table/figure row IDs are not available in the XML export
1555,Pristine SCG biochar,isotherm_pattern,Q_e_at_equilibrium_condition,Single,raw_label_retained,observed_zero_DOM_only_source_also_reports_5_mg_L,nonnegative_capacity,2.4_isotherm,source_order_candidate_pending_table_or_figure_confirmation,source methods and contiguous workbook block order; source table/figure row IDs are not available in the XML export
1556,Pristine SCG biochar,isotherm_pattern,Q_e_at_equilibrium_condition,Single,raw_label_retained,observed_zero_DOM_only_source_also_reports_5_mg_L,nonnegative_capacity,2.4_isotherm,source_order_candidate_pending_table_or_figure_confirmation,source methods and contiguous workbook block order; source table/figure row IDs are not available in the XML export
1557,Pristine SCG biochar,isotherm_pattern,Q_e_at_equilibrium_condition,Single,raw_label_retained,observed_zero_DOM_only_source_also_reports_5_mg_L,nonnegative_capacity,2.4_isotherm,source_order_candidate_pending_table_or_figure_confirmation,source methods and contiguous workbook block order; source table/figure row IDs are not available in the XML export
1558,Pristine SCG biochar,isotherm_pattern,Q_e_at_equilibrium_condition,Single,raw_label_retained,observed_zero_DOM_only_source_also_reports_5_mg_L,nonnegative_capacity,2.4_isotherm,source_order_candidate_pending_table_or_figure_confirmation,source methods and contiguous workbook block order; source table/figure row IDs are not available in the XML export
1559,Pristine SCG biochar,isotherm_pattern,Q_e_at_equilibrium_condition,Single,raw_label_retained,observed_zero_DOM_only_source_also_reports_5_mg_L,nonnegative_capacity,2.4_isotherm,source_order_candidate_pending_table_or_figure_confirmation,source methods and contiguous workbook block order; source table/figure row IDs are not available in the XML export
1560,Pristine SCG biochar,isotherm_pattern,Q_e_at_equilibrium_condition,Single,raw_label_retained,observed_zero_DOM_only_source_also_reports_5_mg_L,nonnegative_capacity,2.4_isotherm,source_order_candidate_pending_table_or_figure_confirmation,source methods and contiguous workbook block order; source table/figure row IDs are not available in the XML export
1561,Pristine SCG biochar,isotherm_pattern,Q_e_at_equilibrium_condition,Single,raw_label_retained,observed_zero_DOM_only_source_also_reports_5_mg_L,nonnegative_capacity,2.4_isotherm,source_order_candidate_pending_table_or_figure_confirmation,source methods and contiguous workbook block order; source table/figure row IDs are not available in the XML export
1562,Pristine SCG biochar,isotherm_pattern,Q_e_at_equilibrium_condition,Single,raw_label_retained,observed_zero_DOM_only_source_also_reports_5_mg_L,nonnegative_capacity,2.4_isotherm,source_order_candidate_pending_table_or_figure_confirmation,source methods and contiguous workbook block order; source table/figure row IDs are not available in the XML export
1563,Pristine SCG biochar,isotherm_pattern,Q_e_at_equilibrium_condition,Single,raw_label_retained,observed_zero_DOM_only_source_also_reports_5_mg_L,nonnegative_capacity,2.4_isotherm,source_order_candidate_pending_table_or_figure_confirmation,source methods and contiguous workbook block order; source table/figure row IDs are not available in the XML export
1564,Pristine SCG biochar,isotherm_pattern,Q_e_at_equilibrium_condition,Single,raw_label_retained,observed_zero_DOM_only_source_also_reports_5_mg_L,nonnegative_capacity,2.4_isotherm,source_order_candidate_pending_table_or_figure_confirmation,source methods and contiguous workbook block order; source table/figure row IDs are not available in the XML export
1565,Pristine SCG biochar,isotherm_pattern,Q_e_at_equilibrium_condition,Single,raw_label_retained,observed_zero_DOM_only_source_also_reports_5_mg_L,nonnegative_capacity,2.4_isotherm,source_order_candidate_pending_table_or_figure_confirmation,source methods and contiguous workbook block order; source table/figure row IDs are not available in the XML export
1566,Pristine SCG biochar,isotherm_pattern,Q_e_at_equilibrium_condition,Single,raw_label_retained,observed_zero_DOM_only_source_also_reports_5_mg_L,nonnegative_capacity,2.4_isotherm,source_order_candidate_pending_table_or_figure_confirmation,source methods and contiguous workbook block order; source table/figure row IDs are not available in the XML export
1567,Pristine SCG biochar,isotherm_pattern,Q_e_at_equilibrium_condition,Single,raw_label_retained,observed_zero_DOM_only_source_also_reports_5_mg_L,nonnegative_capacity,2.4_isotherm,source_order_candidate_pending_table_or_figure_confirmation,source methods and contiguous workbook block order; source table/figure row IDs are not available in the XML export
1568,Pristine SCG biochar,isotherm_pattern,Q_e_at_equilibrium_condition,Single,raw_label_retained,observed_zero_DOM_only_source_also_reports_5_mg_L,nonnegative_capacity,2.4_isotherm,source_order_candidate_pending_table_or_figure_confirmation,source methods and contiguous workbook block order; source table/figure row IDs are not available in the XML export
1569,Pristine SCG biochar,isotherm_pattern,Q_e_at_equilibrium_condition,Single,raw_label_retained,observed_zero_DOM_only_source_also_reports_5_mg_L,nonnegative_capacity,2.4_isotherm,source_order_candidate_pending_table_or_figure_confirmation,source methods and contiguous workbook block order; source table/figure row IDs are not available in the XML export
1570,Pristine SCG biochar,isotherm_pattern,Q_e_at_equilibrium_condition,Single,raw_label_retained,observed_zero_DOM_only_source_also_reports_5_mg_L,nonnegative_capacity,2.4_isotherm,source_order_candidate_pending_table_or_figure_confirmation,source methods and contiguous workbook block order; source table/figure row IDs are not available in the XML export
1571,Pristine SCG biochar,isotherm_pattern,Q_e_at_equilibrium_condition,Single,raw_label_retained,observed_zero_DOM_only_source_also_reports_5_mg_L,nonnegative_capacity,2.4_isotherm,source_order_candidate_pending_table_or_figure_confirmation,source methods and contiguous workbook block order; source table/figure row IDs are not available in the XML export
1572,Pristine SCG biochar,isotherm_pattern,Q_e_at_equilibrium_condition,Single,raw_label_retained,observed_zero_DOM_only_source_also_reports_5_mg_L,nonnegative_capacity,2.4_isotherm,source_order_candidate_pending_table_or_figure_confirmation,source methods and contiguous workbook block order; source table/figure row IDs are not available in the XML export
1573,Pristine SCG biochar,isotherm_pattern,Q_e_at_equilibrium_condition,Single,raw_label_retained,observed_zero_DOM_only_source_also_reports_5_mg_L,nonnegative_capacity,2.4_isotherm,source_order_candidate_pending_table_or_figure_confirmation,source methods and contiguous workbook block order; source table/figure row IDs are not available in the XML export
1574,Pristine SCG biochar,isotherm_pattern,Q_e_at_equilibrium_condition,Single,raw_label_retained,observed_zero_DOM_only_source_also_reports_5_mg_L,nonnegative_capacity,2.4_isotherm,source_order_candidate_pending_table_or_figure_confirmation,source methods and contiguous workbook block order; source table/figure row IDs are not available in the XML export
1575,Pristine SCG biochar,isotherm_pattern,Q_e_at_equilibrium_condition,Single,raw_label_retained,observed_zero_DOM_only_source_also_reports_5_mg_L,nonnegative_capacity,2.4_isotherm,source_order_candidate_pending_table_or_figure_confirmation,source methods and contiguous workbook block order; source table/figure row IDs are not available in the XML export
1576,Pristine SCG biochar,isotherm_pattern,Q_e_at_equilibrium_condition,Single,raw_label_retained,observed_zero_DOM_only_source_also_reports_5_mg_L,nonnegative_capacity,2.4_isotherm,source_order_candidate_pending_table_or_figure_confirmation,source methods and contiguous workbook block order; source table/figure row IDs are not available in the XML export
1577,Pristine SCG biochar,isotherm_pattern,Q_e_at_equilibrium_condition,Single,raw_label_retained,observed_zero_DOM_only_source_also_reports_5_mg_L,nonnegative_capacity,2.4_isotherm,source_order_candidate_pending_table_or_figure_confirmation,source methods and contiguous workbook block order; source table/figure row IDs are not available in the XML export
1578,Pristine SCG biochar,isotherm_pattern,Q_e_at_equilibrium_condition,Single,raw_label_retained,observed_zero_DOM_only_source_also_reports_5_mg_L,nonnegative_capacity,2.4_isotherm,source_order_candidate_pending_table_or_figure_confirmation,source methods and contiguous workbook block order; source table/figure row IDs are not available in the XML export
1579,Pristine SCG biochar,isotherm_pattern,Q_e_at_equilibrium_condition,Single,raw_label_retained,observed_zero_DOM_only_source_also_reports_5_mg_L,nonnegative_capacity,2.4_isotherm,source_order_candidate_pending_table_or_figure_confirmation,source methods and contiguous workbook block order; source table/figure row IDs are not available in the XML export
1580,Pristine SCG biochar,isotherm_pattern,Q_e_at_equilibrium_condition,Single,raw_label_retained,observed_zero_DOM_only_source_also_reports_5_mg_L,nonnegative_capacity,2.4_isotherm,source_order_candidate_pending_table_or_figure_confirmation,source methods and contiguous workbook block order; source table/figure row IDs are not available in the XML export
1581,Pristine SCG biochar,isotherm_pattern,Q_e_at_equilibrium_condition,Single,raw_label_retained,observed_zero_DOM_only_source_also_reports_5_mg_L,nonnegative_capacity,2.4_isotherm,source_order_candidate_pending_table_or_figure_confirmation,source methods and contiguous workbook block order; source table/figure row IDs are not available in the XML export
1582,Pristine SCG biochar,isotherm_pattern,Q_e_at_equilibrium_condition,Single,raw_label_retained,observed_zero_DOM_only_source_also_reports_5_mg_L,nonnegative_capacity,2.4_isotherm,source_order_candidate_pending_table_or_figure_confirmation,source methods and contiguous workbook block order; source table/figure row IDs are not available in the XML export
1583,Pristine SCG biochar,isotherm_pattern,Q_e_at_equilibrium_condition,Single,raw_label_retained,observed_zero_DOM_only_source_also_reports_5_mg_L,nonnegative_capacity,2.4_isotherm,source_order_candidate_pending_table_or_figure_confirmation,source methods and contiguous workbook block order; source table/figure row IDs are not available in the XML export
1584,Pristine SCG biochar,isotherm_pattern,Q_e_at_equilibrium_condition,Single,raw_label_retained,observed_zero_DOM_only_source_also_reports_5_mg_L,nonnegative_capacity,2.4_isotherm,source_order_candidate_pending_table_or_figure_confirmation,source methods and contiguous workbook block order; source table/figure row IDs are not available in the XML export
1585,Pristine SCG biochar,isotherm_pattern,Q_e_at_equilibrium_condition,Single,raw_label_retained,observed_zero_DOM_only_source_also_reports_5_mg_L,nonnegative_capacity,2.4_isotherm,source_order_candidate_pending_table_or_figure_confirmation,source methods and contiguous workbook block order; source table/figure row IDs are not available in the XML export
1586,Pristine SCG biochar,isotherm_pattern,Q_e_at_equilibrium_condition,Single,raw_label_retained,observed_zero_DOM_only_source_also_reports_5_mg_L,nonnegative_capacity,2.4_isotherm,source_order_candidate_pending_table_or_figure_confirmation,source methods and contiguous workbook block order; source table/figure row IDs are not available in the XML export
1587,Pristine SCG biochar,isotherm_pattern,Q_e_at_equilibrium_condition,Single,raw_label_retained,observed_zero_DOM_only_source_also_reports_5_mg_L,nonnegative_capacity,2.4_isotherm,source_order_candidate_pending_table_or_figure_confirmation,source methods and contiguous workbook block order; source table/figure row IDs are not available in the XML export
1588,Pristine SCG biochar,isotherm_pattern,Q_e_at_equilibrium_condition,Single,raw_label_retained,observed_zero_DOM_only_source_also_reports_5_mg_L,nonnegative_capacity,2.4_isotherm,source_order_candidate_pending_table_or_figure_confirmation,source methods and contiguous workbook block order; source table/figure row IDs are not available in the XML export
1589,Pristine SCG biochar,isotherm_pattern,Q_e_at_equilibrium_condition,Single,raw_label_retained,observed_zero_DOM_only_source_also_reports_5_mg_L,nonnegative_capacity,2.4_isotherm,source_order_candidate_pending_table_or_figure_confirmation,source methods and contiguous workbook block order; source table/figure row IDs are not available in the XML export
1590,Pristine SCG biochar,isotherm_pattern,Q_e_at_equilibrium_condition,Single,raw_label_retained,observed_zero_DOM_only_source_also_reports_5_mg_L,nonnegative_capacity,2.4_isotherm,source_order_candidate_pending_table_or_figure_confirmation,source methods and contiguous workbook block order; source table/figure row IDs are not available in the XML export
1591,Pristine SCG biochar,isotherm_pattern,Q_e_at_equilibrium_condition,Single,raw_label_retained,observed_zero_DOM_only_source_also_reports_5_mg_L,nonnegative_capacity,2.4_isotherm,source_order_candidate_pending_table_or_figure_confirmation,source methods and contiguous workbook block order; source table/figure row IDs are not available in the XML export
1592,Pristine SCG biochar,isotherm_pattern,Q_e_at_equilibrium_condition,Single,raw_label_retained,observed_zero_DOM_only_source_also_reports_5_mg_L,nonnegative_capacity,2.4_isotherm,source_order_candidate_pending_table_or_figure_confirmation,source methods and contiguous workbook block order; source table/figure row IDs are not available in the XML export
1593,Pristine SCG biochar,isotherm_pattern,Q_e_at_equilibrium_condition,Single,raw_label_retained,observed_zero_DOM_only_source_also_reports_5_mg_L,nonnegative_capacity,2.4_isotherm,source_order_candidate_pending_table_or_figure_confirmation,source methods and contiguous workbook block order; source table/figure row IDs are not available in the XML export
1594,Pristine SCG biochar,isotherm_pattern,Q_e_at_equilibrium_condition,Single,raw_label_retained,observed_zero_DOM_only_source_also_reports_5_mg_L,nonnegative_capacity,2.4_isotherm,source_order_candidate_pending_table_or_figure_confirmation,source methods and contiguous workbook block order; source table/figure row IDs are not available in the XML export
1595,Pristine SCG biochar,isotherm_pattern,Q_e_at_equilibrium_condition,Single,raw_label_retained,observed_zero_DOM_only_source_also_reports_5_mg_L,nonnegative_capacity,2.4_isotherm,source_order_candidate_pending_table_or_figure_confirmation,source methods and contiguous workbook block order; source table/figure row IDs are not available in the XML export
1596,Pristine SCG biochar,isotherm_pattern,Q_e_at_equilibrium_condition,Single,raw_label_retained,observed_zero_DOM_only_source_also_reports_5_mg_L,nonnegative_capacity,2.4_isotherm,source_order_candidate_pending_table_or_figure_confirmation,source methods and contiguous workbook block order; source table/figure row IDs are not available in the XML export
1597,Pristine SCG biochar,isotherm_pattern,Q_e_at_equilibrium_condition,Single,raw_label_retained,observed_zero_DOM_only_source_also_reports_5_mg_L,nonnegative_capacity,2.4_isotherm,source_order_candidate_pending_table_or_figure_confirmation,source methods and contiguous workbook block order; source table/figure row IDs are not available in the XML export
1598,Pristine SCG biochar,isotherm_pattern,Q_e_at_equilibrium_condition,Single,raw_label_retained,observed_zero_DOM_only_source_also_reports_5_mg_L,nonnegative_capacity,2.4_isotherm,source_order_candidate_pending_table_or_figure_confirmation,source methods and contiguous workbook block order; source table/figure row IDs are not available in the XML export
1599,Pristine SCG biochar,isotherm_pattern,Q_e_at_equilibrium_condition,Single,raw_label_retained,observed_zero_DOM_only_source_also_reports_5_mg_L,nonnegative_capacity,2.4_isotherm,source_order_candidate_pending_table_or_figure_confirmation,source methods and contiguous workbook block order; source table/figure row IDs are not available in the XML export
1600,Pristine SCG biochar,isotherm_pattern,Q_e_at_equilibrium_condition,Single,raw_label_retained,observed_zero_DOM_only_source_also_reports_5_mg_L,nonnegative_capacity,2.4_isotherm,source_order_candidate_pending_table_or_figure_confirmation,source methods and contiguous workbook block order; source table/figure row IDs are not available in the XML export
1601,Pristine SCG biochar,isotherm_pattern,Q_e_at_equilibrium_condition,Single,raw_label_retained,observed_zero_DOM_only_source_also_reports_5_mg_L,nonnegative_capacity,2.4_isotherm,source_order_candidate_pending_table_or_figure_confirmation,source methods and contiguous workbook block order; source table/figure row IDs are not available in the XML export
1602,Pristine SCG biochar,isotherm_pattern,Q_e_at_equilibrium_condition,Competitive,analysis_copy_candidate_Competative_to_Competitive,observed_zero_DOM_only_source_also_reports_5_mg_L,nonnegative_capacity,2.4_isotherm,source_order_candidate_pending_table_or_figure_confirmation,source methods and contiguous workbook block order; source table/figure row IDs are not available in the XML export
1603,Pristine SCG biochar,isotherm_pattern,Q_e_at_equilibrium_condition,Competitive,analysis_copy_candidate_Competative_to_Competitive,observed_zero_DOM_only_source_also_reports_5_mg_L,nonnegative_capacity,2.4_isotherm,source_order_candidate_pending_table_or_figure_confirmation,source methods and contiguous workbook block order; source table/figure row IDs are not available in the XML export
1604,Pristine SCG biochar,isotherm_pattern,Q_e_at_equilibrium_condition,Competitive,analysis_copy_candidate_Competative_to_Competitive,observed_zero_DOM_only_source_also_reports_5_mg_L,nonnegative_capacity,2.4_isotherm,source_order_candidate_pending_table_or_figure_confirmation,source methods and contiguous workbook block order; source table/figure row IDs are not available in the XML export
1605,Pristine SCG biochar,isotherm_pattern,Q_e_at_equilibrium_condition,Competitive,analysis_copy_candidate_Competative_to_Competitive,observed_zero_DOM_only_source_also_reports_5_mg_L,nonnegative_capacity,2.4_isotherm,source_order_candidate_pending_table_or_figure_confirmation,source methods and contiguous workbook block order; source table/figure row IDs are not available in the XML export
1606,Pristine SCG biochar,isotherm_pattern,Q_e_at_equilibrium_condition,Competitive,analysis_copy_candidate_Competative_to_Competitive,observed_zero_DOM_only_source_also_reports_5_mg_L,nonnegative_capacity,2.4_isotherm,source_order_candidate_pending_table_or_figure_confirmation,source methods and contiguous workbook block order; source table/figure row IDs are not available in the XML export
1607,Pristine SCG biochar,isotherm_pattern,Q_e_at_equilibrium_condition,Competitive,analysis_copy_candidate_Competative_to_Competitive,observed_zero_DOM_only_source_also_reports_5_mg_L,nonnegative_capacity,2.4_isotherm,source_order_candidate_pending_table_or_figure_confirmation,source methods and contiguous workbook block order; source table/figure row IDs are not available in the XML export
1608,Pristine SCG biochar,isotherm_pattern,Q_e_at_equilibrium_condition,Competitive,analysis_copy_candidate_Competative_to_Competitive,observed_zero_DOM_only_source_also_reports_5_mg_L,nonnegative_capacity,2.4_isotherm,source_order_candidate_pending_table_or_figure_confirmation,source methods and contiguous workbook block order; source table/figure row IDs are not available in the XML export
1609,Pristine SCG biochar,isotherm_pattern,Q_e_at_equilibrium_condition,Competitive,analysis_copy_candidate_Competative_to_Competitive,observed_zero_DOM_only_source_also_reports_5_mg_L,nonnegative_capacity,2.4_isotherm,source_order_candidate_pending_table_or_figure_confirmation,source methods and contiguous workbook block order; source table/figure row IDs are not available in the XML export
1610,Pristine SCG biochar,isotherm_pattern,Q_e_at_equilibrium_condition,Competitive,analysis_copy_candidate_Competative_to_Competitive,observed_zero_DOM_only_source_also_reports_5_mg_L,nonnegative_capacity,2.4_isotherm,source_order_candidate_pending_table_or_figure_confirmation,source methods and contiguous workbook block order; source table/figure row IDs are not available in the XML export
1611,Pristine SCG biochar,isotherm_pattern,Q_e_at_equilibrium_condition,Competitive,analysis_copy_candidate_Competative_to_Competitive,observed_zero_DOM_only_source_also_reports_5_mg_L,nonnegative_capacity,2.4_isotherm,source_order_candidate_pending_table_or_figure_confirmation,source methods and contiguous workbook block order; source table/figure row IDs are not available in the XML export
1612,Pristine SCG biochar,isotherm_pattern,Q_e_at_equilibrium_condition,Competitive,analysis_copy_candidate_Competative_to_Competitive,observed_zero_DOM_only_source_also_reports_5_mg_L,nonnegative_capacity,2.4_isotherm,source_order_candidate_pending_table_or_figure_confirmation,source methods and contiguous workbook block order; source table/figure row IDs are not available in the XML export
1613,Pristine SCG biochar,isotherm_pattern,Q_e_at_equilibrium_condition,Competitive,analysis_copy_candidate_Competative_to_Competitive,observed_zero_DOM_only_source_also_reports_5_mg_L,nonnegative_capacity,2.4_isotherm,source_order_candidate_pending_table_or_figure_confirmation,source methods and contiguous workbook block order; source table/figure row IDs are not available in the XML export
1614,Pristine SCG biochar,isotherm_pattern,Q_e_at_equilibrium_condition,Competitive,analysis_copy_candidate_Competative_to_Competitive,observed_zero_DOM_only_source_also_reports_5_mg_L,nonnegative_capacity,2.4_isotherm,source_order_candidate_pending_table_or_figure_confirmation,source methods and contiguous workbook block order; source table/figure row IDs are not available in the XML export
1615,Pristine SCG biochar,isotherm_pattern,Q_e_at_equilibrium_condition,Competitive,analysis_copy_candidate_Competative_to_Competitive,observed_zero_DOM_only_source_also_reports_5_mg_L,nonnegative_capacity,2.4_isotherm,source_order_candidate_pending_table_or_figure_confirmation,source methods and contiguous workbook block order; source table/figure row IDs are not available in the XML export
1616,Pristine SCG biochar,isotherm_pattern,Q_e_at_equilibrium_condition,Competitive,analysis_copy_candidate_Competative_to_Competitive,observed_zero_DOM_only_source_also_reports_5_mg_L,nonnegative_capacity,2.4_isotherm,source_order_candidate_pending_table_or_figure_confirmation,source methods and contiguous workbook block order; source table/figure row IDs are not available in the XML export
1617,Pristine SCG biochar,isotherm_pattern,Q_e_at_equilibrium_condition,Competitive,analysis_copy_candidate_Competative_to_Competitive,observed_zero_DOM_only_source_also_reports_5_mg_L,nonnegative_capacity,2.4_isotherm,source_order_candidate_pending_table_or_figure_confirmation,source methods and contiguous workbook block order; source table/figure row IDs are not available in the XML export
1618,Pristine SCG biochar,isotherm_pattern,Q_e_at_equilibrium_condition,Competitive,analysis_copy_candidate_Competative_to_Competitive,observed_zero_DOM_only_source_also_reports_5_mg_L,nonnegative_capacity,2.4_isotherm,source_order_candidate_pending_table_or_figure_confirmation,source methods and contiguous workbook block order; source table/figure row IDs are not available in the XML export
1619,Pristine SCG biochar,isotherm_pattern,Q_e_at_equilibrium_condition,Competitive,analysis_copy_candidate_Competative_to_Competitive,observed_zero_DOM_only_source_also_reports_5_mg_L,nonnegative_capacity,2.4_isotherm,source_order_candidate_pending_table_or_figure_confirmation,source methods and contiguous workbook block order; source table/figure row IDs are not available in the XML export
1620,Pristine SCG biochar,isotherm_pattern,Q_e_at_equilibrium_condition,Competitive,analysis_copy_candidate_Competative_to_Competitive,observed_zero_DOM_only_source_also_reports_5_mg_L,nonnegative_capacity,2.4_isotherm,source_order_candidate_pending_table_or_figure_confirmation,source methods and contiguous workbook block order; source table/figure row IDs are not available in the XML export
1621,Pristine SCG biochar,isotherm_pattern,Q_e_at_equilibrium_condition,Competitive,analysis_copy_candidate_Competative_to_Competitive,observed_zero_DOM_only_source_also_reports_5_mg_L,nonnegative_capacity,2.4_isotherm,source_order_candidate_pending_table_or_figure_confirmation,source methods and contiguous workbook block order; source table/figure row IDs are not available in the XML export
1622,Pristine SCG biochar,isotherm_pattern,Q_e_at_equilibrium_condition,Competitive,analysis_copy_candidate_Competative_to_Competitive,observed_zero_DOM_only_source_also_reports_5_mg_L,nonnegative_capacity,2.4_isotherm,source_order_candidate_pending_table_or_figure_confirmation,source methods and contiguous workbook block order; source table/figure row IDs are not available in the XML export
1623,Pristine SCG biochar,isotherm_pattern,Q_e_at_equilibrium_condition,Competitive,analysis_copy_candidate_Competative_to_Competitive,observed_zero_DOM_only_source_also_reports_5_mg_L,nonnegative_capacity,2.4_isotherm,source_order_candidate_pending_table_or_figure_confirmation,source methods and contiguous workbook block order; source table/figure row IDs are not available in the XML export
1624,Pristine SCG biochar,isotherm_pattern,Q_e_at_equilibrium_condition,Competitive,analysis_copy_candidate_Competative_to_Competitive,observed_zero_DOM_only_source_also_reports_5_mg_L,nonnegative_capacity,2.4_isotherm,source_order_candidate_pending_table_or_figure_confirmation,source methods and contiguous workbook block order; source table/figure row IDs are not available in the XML export
1625,Pristine SCG biochar,isotherm_pattern,Q_e_at_equilibrium_condition,Competitive,analysis_copy_candidate_Competative_to_Competitive,observed_zero_DOM_only_source_also_reports_5_mg_L,nonnegative_capacity,2.4_isotherm,source_order_candidate_pending_table_or_figure_confirmation,source methods and contiguous workbook block order; source table/figure row IDs are not available in the XML export
1626,Pristine SCG biochar,isotherm_pattern,Q_e_at_equilibrium_condition,Competitive,analysis_copy_candidate_Competative_to_Competitive,observed_zero_DOM_only_source_also_reports_5_mg_L,nonnegative_capacity,2.4_isotherm,source_order_candidate_pending_table_or_figure_confirmation,source methods and contiguous workbook block order; source table/figure row IDs are not available in the XML export
1627,Pristine SCG biochar,isotherm_pattern,Q_e_at_equilibrium_condition,Competitive,analysis_copy_candidate_Competative_to_Competitive,observed_zero_DOM_only_source_also_reports_5_mg_L,nonnegative_capacity,2.4_isotherm,source_order_candidate_pending_table_or_figure_confirmation,source methods and contiguous workbook block order; source table/figure row IDs are not available in the XML export
1628,Pristine SCG biochar,isotherm_pattern,Q_e_at_equilibrium_condition,Competitive,analysis_copy_candidate_Competative_to_Competitive,observed_zero_DOM_only_source_also_reports_5_mg_L,nonnegative_capacity,2.4_isotherm,source_order_candidate_pending_table_or_figure_confirmation,source methods and contiguous workbook block order; source table/figure row IDs are not available in the XML export
1629,Pristine SCG biochar,isotherm_pattern,Q_e_at_equilibrium_condition,Competitive,analysis_copy_candidate_Competative_to_Competitive,observed_zero_DOM_only_source_also_reports_5_mg_L,nonnegative_capacity,2.4_isotherm,source_order_candidate_pending_table_or_figure_confirmation,source methods and contiguous workbook block order; source table/figure row IDs are not available in the XML export
1630,Pristine SCG biochar,isotherm_pattern,Q_e_at_equilibrium_condition,Competitive,analysis_copy_candidate_Competative_to_Competitive,observed_zero_DOM_only_source_also_reports_5_mg_L,nonnegative_capacity,2.4_isotherm,source_order_candidate_pending_table_or_figure_confirmation,source methods and contiguous workbook block order; source table/figure row IDs are not available in the XML export
1631,Pristine SCG biochar,isotherm_pattern,Q_e_at_equilibrium_condition,Competitive,analysis_copy_candidate_Competative_to_Competitive,observed_zero_DOM_only_source_also_reports_5_mg_L,nonnegative_capacity,2.4_isotherm,source_order_candidate_pending_table_or_figure_confirmation,source methods and contiguous workbook block order; source table/figure row IDs are not available in the XML export
1632,Pristine SCG biochar,isotherm_pattern,Q_e_at_equilibrium_condition,Competitive,analysis_copy_candidate_Competative_to_Competitive,observed_zero_DOM_only_source_also_reports_5_mg_L,nonnegative_capacity,2.4_isotherm,source_order_candidate_pending_table_or_figure_confirmation,source methods and contiguous workbook block order; source table/figure row IDs are not available in the XML export
1633,Pristine SCG biochar,isotherm_pattern,Q_e_at_equilibrium_condition,Competitive,analysis_copy_candidate_Competative_to_Competitive,observed_zero_DOM_only_source_also_reports_5_mg_L,nonnegative_capacity,2.4_isotherm,source_order_candidate_pending_table_or_figure_confirmation,source methods and contiguous workbook block order; source table/figure row IDs are not available in the XML export
1634,Pristine SCG biochar,isotherm_pattern,Q_e_at_equilibrium_condition,Competitive,analysis_copy_candidate_Competative_to_Competitive,observed_zero_DOM_only_source_also_reports_5_mg_L,nonnegative_capacity,2.4_isotherm,source_order_candidate_pending_table_or_figure_confirmation,source methods and contiguous workbook block order; source table/figure row IDs are not available in the XML export
1635,Pristine SCG biochar,isotherm_pattern,Q_e_at_equilibrium_condition,Competitive,analysis_copy_candidate_Competative_to_Competitive,observed_zero_DOM_only_source_also_reports_5_mg_L,nonnegative_capacity,2.4_isotherm,source_order_candidate_pending_table_or_figure_confirmation,source methods and contiguous workbook block order; source table/figure row IDs are not available in the XML export
1636,Pristine SCG biochar,isotherm_pattern,Q_e_at_equilibrium_condition,Competitive,analysis_copy_candidate_Competative_to_Competitive,observed_zero_DOM_only_source_also_reports_5_mg_L,nonnegative_capacity,2.4_isotherm,source_order_candidate_pending_table_or_figure_confirmation,source methods and contiguous workbook block order; source table/figure row IDs are not available in the XML export
1637,Pristine SCG biochar,isotherm_pattern,Q_e_at_equilibrium_condition,Competitive,analysis_copy_candidate_Competative_to_Competitive,observed_zero_DOM_only_source_also_reports_5_mg_L,nonnegative_capacity,2.4_isotherm,source_order_candidate_pending_table_or_figure_confirmation,source methods and contiguous workbook block order; source table/figure row IDs are not available in the XML export
1638,Pristine SCG biochar,isotherm_pattern,Q_e_at_equilibrium_condition,Competitive,analysis_copy_candidate_Competative_to_Competitive,observed_zero_DOM_only_source_also_reports_5_mg_L,nonnegative_capacity,2.4_isotherm,source_order_candidate_pending_table_or_figure_confirmation,source methods and contiguous workbook block order; source table/figure row IDs are not available in the XML export
1639,Pristine SCG biochar,isotherm_pattern,Q_e_at_equilibrium_condition,Competitive,analysis_copy_candidate_Competative_to_Competitive,observed_zero_DOM_only_source_also_reports_5_mg_L,nonnegative_capacity,2.4_isotherm,source_order_candidate_pending_table_or_figure_confirmation,source methods and contiguous workbook block order; source table/figure row IDs are not available in the XML export
1640,Pristine SCG biochar,isotherm_pattern,Q_e_at_equilibrium_condition,Competitive,analysis_copy_candidate_Competative_to_Competitive,observed_zero_DOM_only_source_also_reports_5_mg_L,nonnegative_capacity,2.4_isotherm,source_order_candidate_pending_table_or_figure_confirmation,source methods and contiguous workbook block order; source table/figure row IDs are not available in the XML export
1641,Pristine SCG biochar,isotherm_pattern,Q_e_at_equilibrium_condition,Competitive,analysis_copy_candidate_Competative_to_Competitive,observed_zero_DOM_only_source_also_reports_5_mg_L,nonnegative_capacity,2.4_isotherm,source_order_candidate_pending_table_or_figure_confirmation,source methods and contiguous workbook block order; source table/figure row IDs are not available in the XML export
1642,Pristine SCG biochar,isotherm_pattern,Q_e_at_equilibrium_condition,Competitive,analysis_copy_candidate_Competative_to_Competitive,observed_zero_DOM_only_source_also_reports_5_mg_L,negative_capacity_requires_source_response_review,2.4_isotherm,source_order_candidate_pending_table_or_figure_confirmation,source methods and contiguous workbook block order; source table/figure row IDs are not available in the XML export
1643,Pristine SCG biochar,isotherm_pattern,Q_e_at_equilibrium_condition,Competitive,analysis_copy_candidate_Competative_to_Competitive,observed_zero_DOM_only_source_also_reports_5_mg_L,nonnegative_capacity,2.4_isotherm,source_order_candidate_pending_table_or_figure_confirmation,source methods and contiguous workbook block order; source table/figure row IDs are not available in the XML export
1644,Pristine SCG biochar,isotherm_pattern,Q_e_at_equilibrium_condition,Competitive,analysis_copy_candidate_Competative_to_Competitive,observed_zero_DOM_only_source_also_reports_5_mg_L,nonnegative_capacity,2.4_isotherm,source_order_candidate_pending_table_or_figure_confirmation,source methods and contiguous workbook block order; source table/figure row IDs are not available in the XML export
1645,Pristine SCG biochar,isotherm_pattern,Q_e_at_equilibrium_condition,Competitive,analysis_copy_candidate_Competative_to_Competitive,observed_zero_DOM_only_source_also_reports_5_mg_L,nonnegative_capacity,2.4_isotherm,source_order_candidate_pending_table_or_figure_confirmation,source methods and contiguous workbook block order; source table/figure row IDs are not available in the XML export
1646,Pristine SCG biochar,isotherm_pattern,Q_e_at_equilibrium_condition,Competitive,analysis_copy_candidate_Competative_to_Competitive,observed_zero_DOM_only_source_also_reports_5_mg_L,nonnegative_capacity,2.4_isotherm,source_order_candidate_pending_table_or_figure_confirmation,source methods and contiguous workbook block order; source table/figure row IDs are not available in the XML export
1647,Pristine SCG biochar,isotherm_pattern,Q_e_at_equilibrium_condition,Competitive,analysis_copy_candidate_Competative_to_Competitive,observed_zero_DOM_only_source_also_reports_5_mg_L,nonnegative_capacity,2.4_isotherm,source_order_candidate_pending_table_or_figure_confirmation,source methods and contiguous workbook block order; source table/figure row IDs are not available in the XML export
1648,Pristine SCG biochar,isotherm_pattern,Q_e_at_equilibrium_condition,Competitive,analysis_copy_candidate_Competative_to_Competitive,observed_zero_DOM_only_source_also_reports_5_mg_L,nonnegative_capacity,2.4_isotherm,source_order_candidate_pending_table_or_figure_confirmation,source methods and contiguous workbook block order; source table/figure row IDs are not available in the XML export
1649,Pristine SCG biochar,isotherm_pattern,Q_e_at_equilibrium_condition,Competitive,analysis_copy_candidate_Competative_to_Competitive,observed_zero_DOM_only_source_also_reports_5_mg_L,nonnegative_capacity,2.4_isotherm,source_order_candidate_pending_table_or_figure_confirmation,source methods and contiguous workbook block order; source table/figure row IDs are not available in the XML export
1650,Pristine SCG biochar,isotherm_pattern,Q_e_at_equilibrium_condition,Competitive,analysis_copy_candidate_Competative_to_Competitive,observed_zero_DOM_only_source_also_reports_5_mg_L,nonnegative_capacity,2.4_isotherm,source_order_candidate_pending_table_or_figure_confirmation,source methods and contiguous workbook block order; source table/figure row IDs are not available in the XML export
1651,Pristine SCG biochar,isotherm_pattern,Q_e_at_equilibrium_condition,Competitive,analysis_copy_candidate_Competative_to_Competitive,observed_zero_DOM_only_source_also_reports_5_mg_L,nonnegative_capacity,2.4_isotherm,source_order_candidate_pending_table_or_figure_confirmation,source methods and contiguous workbook block order; source table/figure row IDs are not available in the XML export
1652,Pristine SCG biochar,isotherm_pattern,Q_e_at_equilibrium_condition,Competitive,analysis_copy_candidate_Competative_to_Competitive,observed_zero_DOM_only_source_also_reports_5_mg_L,nonnegative_capacity,2.4_isotherm,source_order_candidate_pending_table_or_figure_confirmation,source methods and contiguous workbook block order; source table/figure row IDs are not available in the XML export
1653,Pristine SCG biochar,isotherm_pattern,Q_e_at_equilibrium_condition,Competitive,analysis_copy_candidate_Competative_to_Competitive,observed_zero_DOM_only_source_also_reports_5_mg_L,nonnegative_capacity,2.4_isotherm,source_order_candidate_pending_table_or_figure_confirmation,source methods and contiguous workbook block order; source table/figure row IDs are not available in the XML export
1654,Pristine SCG biochar,isotherm_pattern,Q_e_at_equilibrium_condition,Competitive,analysis_copy_candidate_Competative_to_Competitive,observed_zero_DOM_only_source_also_reports_5_mg_L,nonnegative_capacity,2.4_isotherm,source_order_candidate_pending_table_or_figure_confirmation,source methods and contiguous workbook block order; source table/figure row IDs are not available in the XML export
1655,Pristine SCG biochar,isotherm_pattern,Q_e_at_equilibrium_condition,Competitive,analysis_copy_candidate_Competative_to_Competitive,observed_zero_DOM_only_source_also_reports_5_mg_L,nonnegative_capacity,2.4_isotherm,source_order_candidate_pending_table_or_figure_confirmation,source methods and contiguous workbook block order; source table/figure row IDs are not available in the XML export
1656,Pristine SCG biochar,kinetics_pattern,Q_t_at_recorded_contact_time,Single,raw_label_retained,observed_zero_DOM_only_source_also_reports_5_mg_L,nonnegative_capacity,2.4_kinetics,source_order_candidate_pending_table_or_figure_confirmation,source methods and contiguous workbook block order; source table/figure row IDs are not available in the XML export
1657,Pristine SCG biochar,kinetics_pattern,Q_t_at_recorded_contact_time,Single,raw_label_retained,observed_zero_DOM_only_source_also_reports_5_mg_L,nonnegative_capacity,2.4_kinetics,source_order_candidate_pending_table_or_figure_confirmation,source methods and contiguous workbook block order; source table/figure row IDs are not available in the XML export
1658,Pristine SCG biochar,kinetics_pattern,Q_t_at_recorded_contact_time,Single,raw_label_retained,observed_zero_DOM_only_source_also_reports_5_mg_L,nonnegative_capacity,2.4_kinetics,source_order_candidate_pending_table_or_figure_confirmation,source methods and contiguous workbook block order; source table/figure row IDs are not available in the XML export
1659,Pristine SCG biochar,kinetics_pattern,Q_t_at_recorded_contact_time,Single,raw_label_retained,observed_zero_DOM_only_source_also_reports_5_mg_L,nonnegative_capacity,2.4_kinetics,source_order_candidate_pending_table_or_figure_confirmation,source methods and contiguous workbook block order; source table/figure row IDs are not available in the XML export
1660,Pristine SCG biochar,kinetics_pattern,Q_t_at_recorded_contact_time,Single,raw_label_retained,observed_zero_DOM_only_source_also_reports_5_mg_L,nonnegative_capacity,2.4_kinetics,source_order_candidate_pending_table_or_figure_confirmation,source methods and contiguous workbook block order; source table/figure row IDs are not available in the XML export
1661,Pristine SCG biochar,kinetics_pattern,Q_t_at_recorded_contact_time,Single,raw_label_retained,observed_zero_DOM_only_source_also_reports_5_mg_L,nonnegative_capacity,2.4_kinetics,source_order_candidate_pending_table_or_figure_confirmation,source methods and contiguous workbook block order; source table/figure row IDs are not available in the XML export
1662,Pristine SCG biochar,kinetics_pattern,Q_t_at_recorded_contact_time,Single,raw_label_retained,observed_zero_DOM_only_source_also_reports_5_mg_L,nonnegative_capacity,2.4_kinetics,source_order_candidate_pending_table_or_figure_confirmation,source methods and contiguous workbook block order; source table/figure row IDs are not available in the XML export
1663,Pristine SCG biochar,kinetics_pattern,Q_t_at_recorded_contact_time,Single,raw_label_retained,observed_zero_DOM_only_source_also_reports_5_mg_L,nonnegative_capacity,2.4_kinetics,source_order_candidate_pending_table_or_figure_confirmation,source methods and contiguous workbook block order; source table/figure row IDs are not available in the XML export
1664,Pristine SCG biochar,kinetics_pattern,Q_t_at_recorded_contact_time,Single,raw_label_retained,observed_zero_DOM_only_source_also_reports_5_mg_L,nonnegative_capacity,2.4_kinetics,source_order_candidate_pending_table_or_figure_confirmation,source methods and contiguous workbook block order; source table/figure row IDs are not available in the XML export
1665,Pristine SCG biochar,kinetics_pattern,Q_t_at_recorded_contact_time,Single,raw_label_retained,observed_zero_DOM_only_source_also_reports_5_mg_L,nonnegative_capacity,2.4_kinetics,source_order_candidate_pending_table_or_figure_confirmation,source methods and contiguous workbook block order; source table/figure row IDs are not available in the XML export
1666,Pristine SCG biochar,kinetics_pattern,Q_t_at_recorded_contact_time,Single,raw_label_retained,observed_zero_DOM_only_source_also_reports_5_mg_L,nonnegative_capacity,2.4_kinetics,source_order_candidate_pending_table_or_figure_confirmation,source methods and contiguous workbook block order; source table/figure row IDs are not available in the XML export
1667,Pristine SCG biochar,kinetics_pattern,Q_t_at_recorded_contact_time,Single,raw_label_retained,observed_zero_DOM_only_source_also_reports_5_mg_L,nonnegative_capacity,2.4_kinetics,source_order_candidate_pending_table_or_figure_confirmation,source methods and contiguous workbook block order; source table/figure row IDs are not available in the XML export
1668,Pristine SCG biochar,kinetics_pattern,Q_t_at_recorded_contact_time,Single,raw_label_retained,observed_zero_DOM_only_source_also_reports_5_mg_L,nonnegative_capacity,2.4_kinetics,source_order_candidate_pending_table_or_figure_confirmation,source methods and contiguous workbook block order; source table/figure row IDs are not available in the XML export
1669,Pristine SCG biochar,kinetics_pattern,Q_t_at_recorded_contact_time,Single,raw_label_retained,observed_zero_DOM_only_source_also_reports_5_mg_L,nonnegative_capacity,2.4_kinetics,source_order_candidate_pending_table_or_figure_confirmation,source methods and contiguous workbook block order; source table/figure row IDs are not available in the XML export
1670,Pristine SCG biochar,kinetics_pattern,Q_t_at_recorded_contact_time,Single,raw_label_retained,observed_zero_DOM_only_source_also_reports_5_mg_L,nonnegative_capacity,2.4_kinetics,source_order_candidate_pending_table_or_figure_confirmation,source methods and contiguous workbook block order; source table/figure row IDs are not available in the XML export
1671,Pristine SCG biochar,kinetics_pattern,Q_t_at_recorded_contact_time,Single,raw_label_retained,observed_zero_DOM_only_source_also_reports_5_mg_L,nonnegative_capacity,2.4_kinetics,source_order_candidate_pending_table_or_figure_confirmation,source methods and contiguous workbook block order; source table/figure row IDs are not available in the XML export
1672,Pristine SCG biochar,kinetics_pattern,Q_t_at_recorded_contact_time,Single,raw_label_retained,observed_zero_DOM_only_source_also_reports_5_mg_L,nonnegative_capacity,2.4_kinetics,source_order_candidate_pending_table_or_figure_confirmation,source methods and contiguous workbook block order; source table/figure row IDs are not available in the XML export
1673,Pristine SCG biochar,kinetics_pattern,Q_t_at_recorded_contact_time,Single,raw_label_retained,observed_zero_DOM_only_source_also_reports_5_mg_L,nonnegative_capacity,2.4_kinetics,source_order_candidate_pending_table_or_figure_confirmation,source methods and contiguous workbook block order; source table/figure row IDs are not available in the XML export
1674,Pristine SCG biochar,kinetics_pattern,Q_t_at_recorded_contact_time,Single,raw_label_retained,observed_zero_DOM_only_source_also_reports_5_mg_L,nonnegative_capacity,2.4_kinetics,source_order_candidate_pending_table_or_figure_confirmation,source methods and contiguous workbook block order; source table/figure row IDs are not available in the XML export
1675,Pristine SCG biochar,kinetics_pattern,Q_t_at_recorded_contact_time,Single,raw_label_retained,observed_zero_DOM_only_source_also_reports_5_mg_L,nonnegative_capacity,2.4_kinetics,source_order_candidate_pending_table_or_figure_confirmation,source methods and contiguous workbook block order; source table/figure row IDs are not available in the XML export
1676,Pristine SCG biochar,kinetics_pattern,Q_t_at_recorded_contact_time,Single,raw_label_retained,observed_zero_DOM_only_source_also_reports_5_mg_L,nonnegative_capacity,2.4_kinetics,source_order_candidate_pending_table_or_figure_confirmation,source methods and contiguous workbook block order; source table/figure row IDs are not available in the XML export
1677,Pristine SCG biochar,kinetics_pattern,Q_t_at_recorded_contact_time,Single,raw_label_retained,observed_zero_DOM_only_source_also_reports_5_mg_L,nonnegative_capacity,2.4_kinetics,source_order_candidate_pending_table_or_figure_confirmation,source methods and contiguous workbook block order; source table/figure row IDs are not available in the XML export
1678,Pristine SCG biochar,kinetics_pattern,Q_t_at_recorded_contact_time,Single,raw_label_retained,observed_zero_DOM_only_source_also_reports_5_mg_L,nonnegative_capacity,2.4_kinetics,source_order_candidate_pending_table_or_figure_confirmation,source methods and contiguous workbook block order; source table/figure row IDs are not available in the XML export
1679,Pristine SCG biochar,kinetics_pattern,Q_t_at_recorded_contact_time,Single,raw_label_retained,observed_zero_DOM_only_source_also_reports_5_mg_L,nonnegative_capacity,2.4_kinetics,source_order_candidate_pending_table_or_figure_confirmation,source methods and contiguous workbook block order; source table/figure row IDs are not available in the XML export
1680,Pristine SCG biochar,kinetics_pattern,Q_t_at_recorded_contact_time,Single,raw_label_retained,observed_zero_DOM_only_source_also_reports_5_mg_L,nonnegative_capacity,2.4_kinetics,source_order_candidate_pending_table_or_figure_confirmation,source methods and contiguous workbook block order; source table/figure row IDs are not available in the XML export
1681,Pristine SCG biochar,kinetics_pattern,Q_t_at_recorded_contact_time,Single,raw_label_retained,observed_zero_DOM_only_source_also_reports_5_mg_L,nonnegative_capacity,2.4_kinetics,source_order_candidate_pending_table_or_figure_confirmation,source methods and contiguous workbook block order; source table/figure row IDs are not available in the XML export
1682,Pristine SCG biochar,kinetics_pattern,Q_t_at_recorded_contact_time,Single,raw_label_retained,observed_zero_DOM_only_source_also_reports_5_mg_L,nonnegative_capacity,2.4_kinetics,source_order_candidate_pending_table_or_figure_confirmation,source methods and contiguous workbook block order; source table/figure row IDs are not available in the XML export
1683,Pristine SCG biochar,kinetics_pattern,Q_t_at_recorded_contact_time,Single,raw_label_retained,observed_zero_DOM_only_source_also_reports_5_mg_L,nonnegative_capacity,2.4_kinetics,source_order_candidate_pending_table_or_figure_confirmation,source methods and contiguous workbook block order; source table/figure row IDs are not available in the XML export
1684,Pristine SCG biochar,kinetics_pattern,Q_t_at_recorded_contact_time,Single,raw_label_retained,observed_zero_DOM_only_source_also_reports_5_mg_L,nonnegative_capacity,2.4_kinetics,source_order_candidate_pending_table_or_figure_confirmation,source methods and contiguous workbook block order; source table/figure row IDs are not available in the XML export
1685,Pristine SCG biochar,kinetics_pattern,Q_t_at_recorded_contact_time,Single,raw_label_retained,observed_zero_DOM_only_source_also_reports_5_mg_L,nonnegative_capacity,2.4_kinetics,source_order_candidate_pending_table_or_figure_confirmation,source methods and contiguous workbook block order; source table/figure row IDs are not available in the XML export
1686,Pristine SCG biochar,kinetics_pattern,Q_t_at_recorded_contact_time,Single,raw_label_retained,observed_zero_DOM_only_source_also_reports_5_mg_L,nonnegative_capacity,2.4_kinetics,source_order_candidate_pending_table_or_figure_confirmation,source methods and contiguous workbook block order; source table/figure row IDs are not available in the XML export
1687,Pristine SCG biochar,kinetics_pattern,Q_t_at_recorded_contact_time,Single,raw_label_retained,observed_zero_DOM_only_source_also_reports_5_mg_L,nonnegative_capacity,2.4_kinetics,source_order_candidate_pending_table_or_figure_confirmation,source methods and contiguous workbook block order; source table/figure row IDs are not available in the XML export
1688,Pristine SCG biochar,kinetics_pattern,Q_t_at_recorded_contact_time,Single,raw_label_retained,observed_zero_DOM_only_source_also_reports_5_mg_L,nonnegative_capacity,2.4_kinetics,source_order_candidate_pending_table_or_figure_confirmation,source methods and contiguous workbook block order; source table/figure row IDs are not available in the XML export
1689,Pristine SCG biochar,kinetics_pattern,Q_t_at_recorded_contact_time,Single,raw_label_retained,observed_zero_DOM_only_source_also_reports_5_mg_L,nonnegative_capacity,2.4_kinetics,source_order_candidate_pending_table_or_figure_confirmation,source methods and contiguous workbook block order; source table/figure row IDs are not available in the XML export
1690,Pristine SCG biochar,kinetics_pattern,Q_t_at_recorded_contact_time,Single,raw_label_retained,observed_zero_DOM_only_source_also_reports_5_mg_L,nonnegative_capacity,2.4_kinetics,source_order_candidate_pending_table_or_figure_confirmation,source methods and contiguous workbook block order; source table/figure row IDs are not available in the XML export
1691,Pristine SCG biochar,kinetics_pattern,Q_t_at_recorded_contact_time,Single,raw_label_retained,observed_zero_DOM_only_source_also_reports_5_mg_L,nonnegative_capacity,2.4_kinetics,source_order_candidate_pending_table_or_figure_confirmation,source methods and contiguous workbook block order; source table/figure row IDs are not available in the XML export
1692,Pristine SCG biochar,kinetics_pattern,Q_t_at_recorded_contact_time,Single,raw_label_retained,observed_zero_DOM_only_source_also_reports_5_mg_L,nonnegative_capacity,2.4_kinetics,source_order_candidate_pending_table_or_figure_confirmation,source methods and contiguous workbook block order; source table/figure row IDs are not available in the XML export
1693,Pristine SCG biochar,kinetics_pattern,Q_t_at_recorded_contact_time,Single,raw_label_retained,observed_zero_DOM_only_source_also_reports_5_mg_L,nonnegative_capacity,2.4_kinetics,source_order_candidate_pending_table_or_figure_confirmation,source methods and contiguous workbook block order; source table/figure row IDs are not available in the XML export
1694,Pristine SCG biochar,kinetics_pattern,Q_t_at_recorded_contact_time,Single,raw_label_retained,observed_zero_DOM_only_source_also_reports_5_mg_L,nonnegative_capacity,2.4_kinetics,source_order_candidate_pending_table_or_figure_confirmation,source methods and contiguous workbook block order; source table/figure row IDs are not available in the XML export
1695,Pristine SCG biochar,kinetics_pattern,Q_t_at_recorded_contact_time,Single,raw_label_retained,observed_zero_DOM_only_source_also_reports_5_mg_L,nonnegative_capacity,2.4_kinetics,source_order_candidate_pending_table_or_figure_confirmation,source methods and contiguous workbook block order; source table/figure row IDs are not available in the XML export
1696,Pristine SCG biochar,kinetics_pattern,Q_t_at_recorded_contact_time,Single,raw_label_retained,observed_zero_DOM_only_source_also_reports_5_mg_L,nonnegative_capacity,2.4_kinetics,source_order_candidate_pending_table_or_figure_confirmation,source methods and contiguous workbook block order; source table/figure row IDs are not available in the XML export
1697,Pristine SCG biochar,kinetics_pattern,Q_t_at_recorded_contact_time,Single,raw_label_retained,observed_zero_DOM_only_source_also_reports_5_mg_L,nonnegative_capacity,2.4_kinetics,source_order_candidate_pending_table_or_figure_confirmation,source methods and contiguous workbook block order; source table/figure row IDs are not available in the XML export
1698,Pristine SCG biochar,kinetics_pattern,Q_t_at_recorded_contact_time,Single,raw_label_retained,observed_zero_DOM_only_source_also_reports_5_mg_L,nonnegative_capacity,2.4_kinetics,source_order_candidate_pending_table_or_figure_confirmation,source methods and contiguous workbook block order; source table/figure row IDs are not available in the XML export
1699,Pristine SCG biochar,kinetics_pattern,Q_t_at_recorded_contact_time,Single,raw_label_retained,observed_zero_DOM_only_source_also_reports_5_mg_L,nonnegative_capacity,2.4_kinetics,source_order_candidate_pending_table_or_figure_confirmation,source methods and contiguous workbook block order; source table/figure row IDs are not available in the XML export
1700,Pristine SCG biochar,kinetics_pattern,Q_t_at_recorded_contact_time,Single,raw_label_retained,observed_zero_DOM_only_source_also_reports_5_mg_L,nonnegative_capacity,2.4_kinetics,source_order_candidate_pending_table_or_figure_confirmation,source methods and contiguous workbook block order; source table/figure row IDs are not available in the XML export
1701,Pristine SCG biochar,kinetics_pattern,Q_t_at_recorded_contact_time,Single,raw_label_retained,observed_zero_DOM_only_source_also_reports_5_mg_L,nonnegative_capacity,2.4_kinetics,source_order_candidate_pending_table_or_figure_confirmation,source methods and contiguous workbook block order; source table/figure row IDs are not available in the XML export
1702,Pristine SCG biochar,kinetics_pattern,Q_t_at_recorded_contact_time,Single,raw_label_retained,observed_zero_DOM_only_source_also_reports_5_mg_L,nonnegative_capacity,2.4_kinetics,source_order_candidate_pending_table_or_figure_confirmation,source methods and contiguous workbook block order; source table/figure row IDs are not available in the XML export
1703,Pristine SCG biochar,kinetics_pattern,Q_t_at_recorded_contact_time,Single,raw_label_retained,observed_zero_DOM_only_source_also_reports_5_mg_L,nonnegative_capacity,2.4_kinetics,source_order_candidate_pending_table_or_figure_confirmation,source methods and contiguous workbook block order; source table/figure row IDs are not available in the XML export
1704,Pristine SCG biochar,kinetics_pattern,Q_t_at_recorded_contact_time,Single,raw_label_retained,observed_zero_DOM_only_source_also_reports_5_mg_L,nonnegative_capacity,2.4_kinetics,source_order_candidate_pending_table_or_figure_confirmation,source methods and contiguous workbook block order; source table/figure row IDs are not available in the XML export
1705,Pristine SCG biochar,kinetics_pattern,Q_t_at_recorded_contact_time,Single,raw_label_retained,observed_zero_DOM_only_source_also_reports_5_mg_L,nonnegative_capacity,2.4_kinetics,source_order_candidate_pending_table_or_figure_confirmation,source methods and contiguous workbook block order; source table/figure row IDs are not available in the XML export
1706,Pristine SCG biochar,kinetics_pattern,Q_t_at_recorded_contact_time,Single,raw_label_retained,observed_zero_DOM_only_source_also_reports_5_mg_L,nonnegative_capacity,2.4_kinetics,source_order_candidate_pending_table_or_figure_confirmation,source methods and contiguous workbook block order; source table/figure row IDs are not available in the XML export
1707,Pristine SCG biochar,kinetics_pattern,Q_t_at_recorded_contact_time,Single,raw_label_retained,observed_zero_DOM_only_source_also_reports_5_mg_L,nonnegative_capacity,2.4_kinetics,source_order_candidate_pending_table_or_figure_confirmation,source methods and contiguous workbook block order; source table/figure row IDs are not available in the XML export
1708,Pristine SCG biochar,kinetics_pattern,Q_t_at_recorded_contact_time,Single,raw_label_retained,observed_zero_DOM_only_source_also_reports_5_mg_L,nonnegative_capacity,2.4_kinetics,source_order_candidate_pending_table_or_figure_confirmation,source methods and contiguous workbook block order; source table/figure row IDs are not available in the XML export
1709,Pristine SCG biochar,kinetics_pattern,Q_t_at_recorded_contact_time,Single,raw_label_retained,observed_zero_DOM_only_source_also_reports_5_mg_L,nonnegative_capacity,2.4_kinetics,source_order_candidate_pending_table_or_figure_confirmation,source methods and contiguous workbook block order; source table/figure row IDs are not available in the XML export
1710,Pristine SCG biochar,kinetics_pattern,Q_t_at_recorded_contact_time,Single,raw_label_retained,observed_zero_DOM_only_source_also_reports_5_mg_L,nonnegative_capacity,2.4_kinetics,source_order_candidate_pending_table_or_figure_confirmation,source methods and contiguous workbook block order; source table/figure row IDs are not available in the XML export
1711,Pristine SCG biochar,kinetics_pattern,Q_t_at_recorded_contact_time,Single,raw_label_retained,observed_zero_DOM_only_source_also_reports_5_mg_L,nonnegative_capacity,2.4_kinetics,source_order_candidate_pending_table_or_figure_confirmation,source methods and contiguous workbook block order; source table/figure row IDs are not available in the XML export
1712,Pristine SCG biochar,kinetics_pattern,Q_t_at_recorded_contact_time,Competitive,analysis_copy_candidate_Competative_to_Competitive,observed_zero_DOM_only_source_also_reports_5_mg_L,nonnegative_capacity,2.4_kinetics,source_order_candidate_pending_table_or_figure_confirmation,source methods and contiguous workbook block order; source table/figure row IDs are not available in the XML export
1713,Pristine SCG biochar,kinetics_pattern,Q_t_at_recorded_contact_time,Competitive,analysis_copy_candidate_Competative_to_Competitive,observed_zero_DOM_only_source_also_reports_5_mg_L,nonnegative_capacity,2.4_kinetics,source_order_candidate_pending_table_or_figure_confirmation,source methods and contiguous workbook block order; source table/figure row IDs are not available in the XML export
1714,Pristine SCG biochar,kinetics_pattern,Q_t_at_recorded_contact_time,Competitive,analysis_copy_candidate_Competative_to_Competitive,observed_zero_DOM_only_source_also_reports_5_mg_L,nonnegative_capacity,2.4_kinetics,source_order_candidate_pending_table_or_figure_confirmation,source methods and contiguous workbook block order; source table/figure row IDs are not available in the XML export
1715,Pristine SCG biochar,kinetics_pattern,Q_t_at_recorded_contact_time,Competitive,analysis_copy_candidate_Competative_to_Competitive,observed_zero_DOM_only_source_also_reports_5_mg_L,nonnegative_capacity,2.4_kinetics,source_order_candidate_pending_table_or_figure_confirmation,source methods and contiguous workbook block order; source table/figure row IDs are not available in the XML export
1716,Pristine SCG biochar,kinetics_pattern,Q_t_at_recorded_contact_time,Competitive,analysis_copy_candidate_Competative_to_Competitive,observed_zero_DOM_only_source_also_reports_5_mg_L,nonnegative_capacity,2.4_kinetics,source_order_candidate_pending_table_or_figure_confirmation,source methods and contiguous workbook block order; source table/figure row IDs are not available in the XML export
1717,Pristine SCG biochar,kinetics_pattern,Q_t_at_recorded_contact_time,Competitive,analysis_copy_candidate_Competative_to_Competitive,observed_zero_DOM_only_source_also_reports_5_mg_L,nonnegative_capacity,2.4_kinetics,source_order_candidate_pending_table_or_figure_confirmation,source methods and contiguous workbook block order; source table/figure row IDs are not available in the XML export
1718,Pristine SCG biochar,kinetics_pattern,Q_t_at_recorded_contact_time,Competitive,analysis_copy_candidate_Competative_to_Competitive,observed_zero_DOM_only_source_also_reports_5_mg_L,nonnegative_capacity,2.4_kinetics,source_order_candidate_pending_table_or_figure_confirmation,source methods and contiguous workbook block order; source table/figure row IDs are not available in the XML export
1719,Pristine SCG biochar,kinetics_pattern,Q_t_at_recorded_contact_time,Competitive,analysis_copy_candidate_Competative_to_Competitive,observed_zero_DOM_only_source_also_reports_5_mg_L,nonnegative_capacity,2.4_kinetics,source_order_candidate_pending_table_or_figure_confirmation,source methods and contiguous workbook block order; source table/figure row IDs are not available in the XML export
1720,Pristine SCG biochar,kinetics_pattern,Q_t_at_recorded_contact_time,Competitive,analysis_copy_candidate_Competative_to_Competitive,observed_zero_DOM_only_source_also_reports_5_mg_L,nonnegative_capacity,2.4_kinetics,source_order_candidate_pending_table_or_figure_confirmation,source methods and contiguous workbook block order; source table/figure row IDs are not available in the XML export
1721,Pristine SCG biochar,kinetics_pattern,Q_t_at_recorded_contact_time,Competitive,analysis_copy_candidate_Competative_to_Competitive,observed_zero_DOM_only_source_also_reports_5_mg_L,nonnegative_capacity,2.4_kinetics,source_order_candidate_pending_table_or_figure_confirmation,source methods and contiguous workbook block order; source table/figure row IDs are not available in the XML export
1722,Pristine SCG biochar,kinetics_pattern,Q_t_at_recorded_contact_time,Competitive,analysis_copy_candidate_Competative_to_Competitive,observed_zero_DOM_only_source_also_reports_5_mg_L,nonnegative_capacity,2.4_kinetics,source_order_candidate_pending_table_or_figure_confirmation,source methods and contiguous workbook block order; source table/figure row IDs are not available in the XML export
1723,Pristine SCG biochar,kinetics_pattern,Q_t_at_recorded_contact_time,Competitive,analysis_copy_candidate_Competative_to_Competitive,observed_zero_DOM_only_source_also_reports_5_mg_L,nonnegative_capacity,2.4_kinetics,source_order_candidate_pending_table_or_figure_confirmation,source methods and contiguous workbook block order; source table/figure row IDs are not available in the XML export
1724,Pristine SCG biochar,kinetics_pattern,Q_t_at_recorded_contact_time,Competitive,analysis_copy_candidate_Competative_to_Competitive,observed_zero_DOM_only_source_also_reports_5_mg_L,nonnegative_capacity,2.4_kinetics,source_order_candidate_pending_table_or_figure_confirmation,source methods and contiguous workbook block order; source table/figure row IDs are not available in the XML export
1725,Pristine SCG biochar,kinetics_pattern,Q_t_at_recorded_contact_time,Competitive,analysis_copy_candidate_Competative_to_Competitive,observed_zero_DOM_only_source_also_reports_5_mg_L,nonnegative_capacity,2.4_kinetics,source_order_candidate_pending_table_or_figure_confirmation,source methods and contiguous workbook block order; source table/figure row IDs are not available in the XML export
1726,Pristine SCG biochar,kinetics_pattern,Q_t_at_recorded_contact_time,Competitive,analysis_copy_candidate_Competative_to_Competitive,observed_zero_DOM_only_source_also_reports_5_mg_L,nonnegative_capacity,2.4_kinetics,source_order_candidate_pending_table_or_figure_confirmation,source methods and contiguous workbook block order; source table/figure row IDs are not available in the XML export
1727,Pristine SCG biochar,kinetics_pattern,Q_t_at_recorded_contact_time,Competitive,analysis_copy_candidate_Competative_to_Competitive,observed_zero_DOM_only_source_also_reports_5_mg_L,nonnegative_capacity,2.4_kinetics,source_order_candidate_pending_table_or_figure_confirmation,source methods and contiguous workbook block order; source table/figure row IDs are not available in the XML export
1728,Pristine SCG biochar,kinetics_pattern,Q_t_at_recorded_contact_time,Competitive,analysis_copy_candidate_Competative_to_Competitive,observed_zero_DOM_only_source_also_reports_5_mg_L,nonnegative_capacity,2.4_kinetics,source_order_candidate_pending_table_or_figure_confirmation,source methods and contiguous workbook block order; source table/figure row IDs are not available in the XML export
1729,Pristine SCG biochar,kinetics_pattern,Q_t_at_recorded_contact_time,Competitive,analysis_copy_candidate_Competative_to_Competitive,observed_zero_DOM_only_source_also_reports_5_mg_L,nonnegative_capacity,2.4_kinetics,source_order_candidate_pending_table_or_figure_confirmation,source methods and contiguous workbook block order; source table/figure row IDs are not available in the XML export
1730,Pristine SCG biochar,kinetics_pattern,Q_t_at_recorded_contact_time,Competitive,analysis_copy_candidate_Competative_to_Competitive,observed_zero_DOM_only_source_also_reports_5_mg_L,nonnegative_capacity,2.4_kinetics,source_order_candidate_pending_table_or_figure_confirmation,source methods and contiguous workbook block order; source table/figure row IDs are not available in the XML export
1731,Pristine SCG biochar,kinetics_pattern,Q_t_at_recorded_contact_time,Competitive,analysis_copy_candidate_Competative_to_Competitive,observed_zero_DOM_only_source_also_reports_5_mg_L,nonnegative_capacity,2.4_kinetics,source_order_candidate_pending_table_or_figure_confirmation,source methods and contiguous workbook block order; source table/figure row IDs are not available in the XML export
1732,Pristine SCG biochar,kinetics_pattern,Q_t_at_recorded_contact_time,Competitive,analysis_copy_candidate_Competative_to_Competitive,observed_zero_DOM_only_source_also_reports_5_mg_L,nonnegative_capacity,2.4_kinetics,source_order_candidate_pending_table_or_figure_confirmation,source methods and contiguous workbook block order; source table/figure row IDs are not available in the XML export
1733,Pristine SCG biochar,kinetics_pattern,Q_t_at_recorded_contact_time,Competitive,analysis_copy_candidate_Competative_to_Competitive,observed_zero_DOM_only_source_also_reports_5_mg_L,nonnegative_capacity,2.4_kinetics,source_order_candidate_pending_table_or_figure_confirmation,source methods and contiguous workbook block order; source table/figure row IDs are not available in the XML export
1734,Pristine SCG biochar,kinetics_pattern,Q_t_at_recorded_contact_time,Competitive,analysis_copy_candidate_Competative_to_Competitive,observed_zero_DOM_only_source_also_reports_5_mg_L,nonnegative_capacity,2.4_kinetics,source_order_candidate_pending_table_or_figure_confirmation,source methods and contiguous workbook block order; source table/figure row IDs are not available in the XML export
1735,Pristine SCG biochar,kinetics_pattern,Q_t_at_recorded_contact_time,Competitive,analysis_copy_candidate_Competative_to_Competitive,observed_zero_DOM_only_source_also_reports_5_mg_L,nonnegative_capacity,2.4_kinetics,source_order_candidate_pending_table_or_figure_confirmation,source methods and contiguous workbook block order; source table/figure row IDs are not available in the XML export
1736,Pristine SCG biochar,kinetics_pattern,Q_t_at_recorded_contact_time,Competitive,analysis_copy_candidate_Competative_to_Competitive,observed_zero_DOM_only_source_also_reports_5_mg_L,negative_capacity_requires_source_response_review,2.4_kinetics,source_order_candidate_pending_table_or_figure_confirmation,source methods and contiguous workbook block order; source table/figure row IDs are not available in the XML export
1737,Pristine SCG biochar,kinetics_pattern,Q_t_at_recorded_contact_time,Competitive,analysis_copy_candidate_Competative_to_Competitive,observed_zero_DOM_only_source_also_reports_5_mg_L,nonnegative_capacity,2.4_kinetics,source_order_candidate_pending_table_or_figure_confirmation,source methods and contiguous workbook block order; source table/figure row IDs are not available in the XML export
1738,Pristine SCG biochar,kinetics_pattern,Q_t_at_recorded_contact_time,Competitive,analysis_copy_candidate_Competative_to_Competitive,observed_zero_DOM_only_source_also_reports_5_mg_L,nonnegative_capacity,2.4_kinetics,source_order_candidate_pending_table_or_figure_confirmation,source methods and contiguous workbook block order; source table/figure row IDs are not available in the XML export
1739,Pristine SCG biochar,kinetics_pattern,Q_t_at_recorded_contact_time,Competitive,analysis_copy_candidate_Competative_to_Competitive,observed_zero_DOM_only_source_also_reports_5_mg_L,nonnegative_capacity,2.4_kinetics,source_order_candidate_pending_table_or_figure_confirmation,source methods and contiguous workbook block order; source table/figure row IDs are not available in the XML export
1740,Pristine SCG biochar,kinetics_pattern,Q_t_at_recorded_contact_time,Competitive,analysis_copy_candidate_Competative_to_Competitive,observed_zero_DOM_only_source_also_reports_5_mg_L,nonnegative_capacity,2.4_kinetics,source_order_candidate_pending_table_or_figure_confirmation,source methods and contiguous workbook block order; source table/figure row IDs are not available in the XML export
1741,Pristine SCG biochar,kinetics_pattern,Q_t_at_recorded_contact_time,Competitive,analysis_copy_candidate_Competative_to_Competitive,observed_zero_DOM_only_source_also_reports_5_mg_L,nonnegative_capacity,2.4_kinetics,source_order_candidate_pending_table_or_figure_confirmation,source methods and contiguous workbook block order; source table/figure row IDs are not available in the XML export
1742,Pristine SCG biochar,kinetics_pattern,Q_t_at_recorded_contact_time,Competitive,analysis_copy_candidate_Competative_to_Competitive,observed_zero_DOM_only_source_also_reports_5_mg_L,nonnegative_capacity,2.4_kinetics,source_order_candidate_pending_table_or_figure_confirmation,source methods and contiguous workbook block order; source table/figure row IDs are not available in the XML export
1743,Pristine SCG biochar,kinetics_pattern,Q_t_at_recorded_contact_time,Competitive,analysis_copy_candidate_Competative_to_Competitive,observed_zero_DOM_only_source_also_reports_5_mg_L,nonnegative_capacity,2.4_kinetics,source_order_candidate_pending_table_or_figure_confirmation,source methods and contiguous workbook block order; source table/figure row IDs are not available in the XML export
1744,Pristine SCG biochar,kinetics_pattern,Q_t_at_recorded_contact_time,Competitive,analysis_copy_candidate_Competative_to_Competitive,observed_zero_DOM_only_source_also_reports_5_mg_L,nonnegative_capacity,2.4_kinetics,source_order_candidate_pending_table_or_figure_confirmation,source methods and contiguous workbook block order; source table/figure row IDs are not available in the XML export
1745,Pristine SCG biochar,kinetics_pattern,Q_t_at_recorded_contact_time,Competitive,analysis_copy_candidate_Competative_to_Competitive,observed_zero_DOM_only_source_also_reports_5_mg_L,nonnegative_capacity,2.4_kinetics,source_order_candidate_pending_table_or_figure_confirmation,source methods and contiguous workbook block order; source table/figure row IDs are not available in the XML export
1746,Pristine SCG biochar,kinetics_pattern,Q_t_at_recorded_contact_time,Competitive,analysis_copy_candidate_Competative_to_Competitive,observed_zero_DOM_only_source_also_reports_5_mg_L,nonnegative_capacity,2.4_kinetics,source_order_candidate_pending_table_or_figure_confirmation,source methods and contiguous workbook block order; source table/figure row IDs are not available in the XML export
1747,Pristine SCG biochar,kinetics_pattern,Q_t_at_recorded_contact_time,Competitive,analysis_copy_candidate_Competative_to_Competitive,observed_zero_DOM_only_source_also_reports_5_mg_L,nonnegative_capacity,2.4_kinetics,source_order_candidate_pending_table_or_figure_confirmation,source methods and contiguous workbook block order; source table/figure row IDs are not available in the XML export
1748,Pristine SCG biochar,kinetics_pattern,Q_t_at_recorded_contact_time,Competitive,analysis_copy_candidate_Competative_to_Competitive,observed_zero_DOM_only_source_also_reports_5_mg_L,nonnegative_capacity,2.4_kinetics,source_order_candidate_pending_table_or_figure_confirmation,source methods and contiguous workbook block order; source table/figure row IDs are not available in the XML export
1749,Pristine SCG biochar,kinetics_pattern,Q_t_at_recorded_contact_time,Competitive,analysis_copy_candidate_Competative_to_Competitive,observed_zero_DOM_only_source_also_reports_5_mg_L,nonnegative_capacity,2.4_kinetics,source_order_candidate_pending_table_or_figure_confirmation,source methods and contiguous workbook block order; source table/figure row IDs are not available in the XML export
1750,Pristine SCG biochar,kinetics_pattern,Q_t_at_recorded_contact_time,Competitive,analysis_copy_candidate_Competative_to_Competitive,observed_zero_DOM_only_source_also_reports_5_mg_L,nonnegative_capacity,2.4_kinetics,source_order_candidate_pending_table_or_figure_confirmation,source methods and contiguous workbook block order; source table/figure row IDs are not available in the XML export
1751,Pristine SCG biochar,kinetics_pattern,Q_t_at_recorded_contact_time,Competitive,analysis_copy_candidate_Competative_to_Competitive,observed_zero_DOM_only_source_also_reports_5_mg_L,nonnegative_capacity,2.4_kinetics,source_order_candidate_pending_table_or_figure_confirmation,source methods and contiguous workbook block order; source table/figure row IDs are not available in the XML export
1752,Pristine SCG biochar,kinetics_pattern,Q_t_at_recorded_contact_time,Competitive,analysis_copy_candidate_Competative_to_Competitive,observed_zero_DOM_only_source_also_reports_5_mg_L,nonnegative_capacity,2.4_kinetics,source_order_candidate_pending_table_or_figure_confirmation,source methods and contiguous workbook block order; source table/figure row IDs are not available in the XML export
1753,Pristine SCG biochar,kinetics_pattern,Q_t_at_recorded_contact_time,Competitive,analysis_copy_candidate_Competative_to_Competitive,observed_zero_DOM_only_source_also_reports_5_mg_L,nonnegative_capacity,2.4_kinetics,source_order_candidate_pending_table_or_figure_confirmation,source methods and contiguous workbook block order; source table/figure row IDs are not available in the XML export
1754,Pristine SCG biochar,kinetics_pattern,Q_t_at_recorded_contact_time,Competitive,analysis_copy_candidate_Competative_to_Competitive,observed_zero_DOM_only_source_also_reports_5_mg_L,nonnegative_capacity,2.4_kinetics,source_order_candidate_pending_table_or_figure_confirmation,source methods and contiguous workbook block order; source table/figure row IDs are not available in the XML export
1755,Pristine SCG biochar,kinetics_pattern,Q_t_at_recorded_contact_time,Competitive,analysis_copy_candidate_Competative_to_Competitive,observed_zero_DOM_only_source_also_reports_5_mg_L,nonnegative_capacity,2.4_kinetics,source_order_candidate_pending_table_or_figure_confirmation,source methods and contiguous workbook block order; source table/figure row IDs are not available in the XML export
1756,Pristine SCG biochar,kinetics_pattern,Q_t_at_recorded_contact_time,Competitive,analysis_copy_candidate_Competative_to_Competitive,observed_zero_DOM_only_source_also_reports_5_mg_L,nonnegative_capacity,2.4_kinetics,source_order_candidate_pending_table_or_figure_confirmation,source methods and contiguous workbook block order; source table/figure row IDs are not available in the XML export
1757,Pristine SCG biochar,kinetics_pattern,Q_t_at_recorded_contact_time,Competitive,analysis_copy_candidate_Competative_to_Competitive,observed_zero_DOM_only_source_also_reports_5_mg_L,nonnegative_capacity,2.4_kinetics,source_order_candidate_pending_table_or_figure_confirmation,source methods and contiguous workbook block order; source table/figure row IDs are not available in the XML export
1758,Pristine SCG biochar,kinetics_pattern,Q_t_at_recorded_contact_time,Competitive,analysis_copy_candidate_Competative_to_Competitive,observed_zero_DOM_only_source_also_reports_5_mg_L,nonnegative_capacity,2.4_kinetics,source_order_candidate_pending_table_or_figure_confirmation,source methods and contiguous workbook block order; source table/figure row IDs are not available in the XML export
1759,Pristine SCG biochar,kinetics_pattern,Q_t_at_recorded_contact_time,Competitive,analysis_copy_candidate_Competative_to_Competitive,observed_zero_DOM_only_source_also_reports_5_mg_L,nonnegative_capacity,2.4_kinetics,source_order_candidate_pending_table_or_figure_confirmation,source methods and contiguous workbook block order; source table/figure row IDs are not available in the XML export
1760,Pristine SCG biochar,kinetics_pattern,Q_t_at_recorded_contact_time,Competitive,analysis_copy_candidate_Competative_to_Competitive,observed_zero_DOM_only_source_also_reports_5_mg_L,nonnegative_capacity,2.4_kinetics,source_order_candidate_pending_table_or_figure_confirmation,source methods and contiguous workbook block order; source table/figure row IDs are not available in the XML export
1761,Pristine SCG biochar,kinetics_pattern,Q_t_at_recorded_contact_time,Competitive,analysis_copy_candidate_Competative_to_Competitive,observed_zero_DOM_only_source_also_reports_5_mg_L,nonnegative_capacity,2.4_kinetics,source_order_candidate_pending_table_or_figure_confirmation,source methods and contiguous workbook block order; source table/figure row IDs are not available in the XML export
1762,Pristine SCG biochar,kinetics_pattern,Q_t_at_recorded_contact_time,Competitive,analysis_copy_candidate_Competative_to_Competitive,observed_zero_DOM_only_source_also_reports_5_mg_L,nonnegative_capacity,2.4_kinetics,source_order_candidate_pending_table_or_figure_confirmation,source methods and contiguous workbook block order; source table/figure row IDs are not available in the XML export
1763,Pristine SCG biochar,kinetics_pattern,Q_t_at_recorded_contact_time,Competitive,analysis_copy_candidate_Competative_to_Competitive,observed_zero_DOM_only_source_also_reports_5_mg_L,nonnegative_capacity,2.4_kinetics,source_order_candidate_pending_table_or_figure_confirmation,source methods and contiguous workbook block order; source table/figure row IDs are not available in the XML export
1764,Pristine SCG biochar,kinetics_pattern,Q_t_at_recorded_contact_time,Competitive,analysis_copy_candidate_Competative_to_Competitive,observed_zero_DOM_only_source_also_reports_5_mg_L,nonnegative_capacity,2.4_kinetics,source_order_candidate_pending_table_or_figure_confirmation,source methods and contiguous workbook block order; source table/figure row IDs are not available in the XML export
1765,Pristine SCG biochar,kinetics_pattern,Q_t_at_recorded_contact_time,Competitive,analysis_copy_candidate_Competative_to_Competitive,observed_zero_DOM_only_source_also_reports_5_mg_L,nonnegative_capacity,2.4_kinetics,source_order_candidate_pending_table_or_figure_confirmation,source methods and contiguous workbook block order; source table/figure row IDs are not available in the XML export
1766,Pristine SCG biochar,kinetics_pattern,Q_t_at_recorded_contact_time,Competitive,analysis_copy_candidate_Competative_to_Competitive,observed_zero_DOM_only_source_also_reports_5_mg_L,nonnegative_capacity,2.4_kinetics,source_order_candidate_pending_table_or_figure_confirmation,source methods and contiguous workbook block order; source table/figure row IDs are not available in the XML export
1767,Pristine SCG biochar,kinetics_pattern,Q_t_at_recorded_contact_time,Competitive,analysis_copy_candidate_Competative_to_Competitive,observed_zero_DOM_only_source_also_reports_5_mg_L,nonnegative_capacity,2.4_kinetics,source_order_candidate_pending_table_or_figure_confirmation,source methods and contiguous workbook block order; source table/figure row IDs are not available in the XML export
1768,Pristine SCG biochar,kinetics_pattern,Q_t_at_recorded_contact_time,Competitive,analysis_copy_candidate_Competative_to_Competitive,observed_zero_DOM_only_source_also_reports_5_mg_L,nonnegative_capacity,2.4_kinetics,source_order_candidate_pending_table_or_figure_confirmation,source methods and contiguous workbook block order; source table/figure row IDs are not available in the XML export
1769,Pristine SCG biochar,kinetics_pattern,Q_t_at_recorded_contact_time,Competitive,analysis_copy_candidate_Competative_to_Competitive,observed_zero_DOM_only_source_also_reports_5_mg_L,nonnegative_capacity,2.4_kinetics,source_order_candidate_pending_table_or_figure_confirmation,source methods and contiguous workbook block order; source table/figure row IDs are not available in the XML export
1770,Pristine SCG biochar,kinetics_pattern,Q_t_at_recorded_contact_time,Competitive,analysis_copy_candidate_Competative_to_Competitive,observed_zero_DOM_only_source_also_reports_5_mg_L,nonnegative_capacity,2.4_kinetics,source_order_candidate_pending_table_or_figure_confirmation,source methods and contiguous workbook block order; source table/figure row IDs are not available in the XML export
1771,Pristine SCG biochar,kinetics_pattern,Q_t_at_recorded_contact_time,Competitive,analysis_copy_candidate_Competative_to_Competitive,observed_zero_DOM_only_source_also_reports_5_mg_L,nonnegative_capacity,2.4_kinetics,source_order_candidate_pending_table_or_figure_confirmation,source methods and contiguous workbook block order; source table/figure row IDs are not available in the XML export
1772,Pristine SCG biochar,kinetics_pattern,Q_t_at_recorded_contact_time,Competitive,analysis_copy_candidate_Competative_to_Competitive,observed_zero_DOM_only_source_also_reports_5_mg_L,nonnegative_capacity,2.4_kinetics,source_order_candidate_pending_table_or_figure_confirmation,source methods and contiguous workbook block order; source table/figure row IDs are not available in the XML export
1773,Pristine SCG biochar,kinetics_pattern,Q_t_at_recorded_contact_time,Competitive,analysis_copy_candidate_Competative_to_Competitive,observed_zero_DOM_only_source_also_reports_5_mg_L,nonnegative_capacity,2.4_kinetics,source_order_candidate_pending_table_or_figure_confirmation,source methods and contiguous workbook block order; source table/figure row IDs are not available in the XML export
1774,Pristine SCG biochar,kinetics_pattern,Q_t_at_recorded_contact_time,Competitive,analysis_copy_candidate_Competative_to_Competitive,observed_zero_DOM_only_source_also_reports_5_mg_L,nonnegative_capacity,2.4_kinetics,source_order_candidate_pending_table_or_figure_confirmation,source methods and contiguous workbook block order; source table/figure row IDs are not available in the XML export
1775,Pristine SCG biochar,kinetics_pattern,Q_t_at_recorded_contact_time,Competitive,analysis_copy_candidate_Competative_to_Competitive,observed_zero_DOM_only_source_also_reports_5_mg_L,nonnegative_capacity,2.4_kinetics,source_order_candidate_pending_table_or_figure_confirmation,source methods and contiguous workbook block order; source table/figure row IDs are not available in the XML export
1776,Pristine SCG biochar,kinetics_pattern,Q_t_at_recorded_contact_time,Competitive,analysis_copy_candidate_Competative_to_Competitive,observed_zero_DOM_only_source_also_reports_5_mg_L,nonnegative_capacity,2.4_kinetics,source_order_candidate_pending_table_or_figure_confirmation,source methods and contiguous workbook block order; source table/figure row IDs are not available in the XML export
1777,Pristine SCG biochar,kinetics_pattern,Q_t_at_recorded_contact_time,Competitive,analysis_copy_candidate_Competative_to_Competitive,observed_zero_DOM_only_source_also_reports_5_mg_L,nonnegative_capacity,2.4_kinetics,source_order_candidate_pending_table_or_figure_confirmation,source methods and contiguous workbook block order; source table/figure row IDs are not available in the XML export
1778,Pristine SCG biochar,kinetics_pattern,Q_t_at_recorded_contact_time,Competitive,analysis_copy_candidate_Competative_to_Competitive,observed_zero_DOM_only_source_also_reports_5_mg_L,nonnegative_capacity,2.4_kinetics,source_order_candidate_pending_table_or_figure_confirmation,source methods and contiguous workbook block order; source table/figure row IDs are not available in the XML export
1779,Pristine SCG biochar,kinetics_pattern,Q_t_at_recorded_contact_time,Competitive,analysis_copy_candidate_Competative_to_Competitive,observed_zero_DOM_only_source_also_reports_5_mg_L,nonnegative_capacity,2.4_kinetics,source_order_candidate_pending_table_or_figure_confirmation,source methods and contiguous workbook block order; source table/figure row IDs are not available in the XML export
1780,Pristine SCG biochar,kinetics_pattern,Q_t_at_recorded_contact_time,Competitive,analysis_copy_candidate_Competative_to_Competitive,observed_zero_DOM_only_source_also_reports_5_mg_L,nonnegative_capacity,2.4_kinetics,source_order_candidate_pending_table_or_figure_confirmation,source methods and contiguous workbook block order; source table/figure row IDs are not available in the XML export
1781,Pristine SCG biochar,kinetics_pattern,Q_t_at_recorded_contact_time,Competitive,analysis_copy_candidate_Competative_to_Competitive,observed_zero_DOM_only_source_also_reports_5_mg_L,nonnegative_capacity,2.4_kinetics,source_order_candidate_pending_table_or_figure_confirmation,source methods and contiguous workbook block order; source table/figure row IDs are not available in the XML export
1782,Pristine SCG biochar,kinetics_pattern,Q_t_at_recorded_contact_time,Competitive,analysis_copy_candidate_Competative_to_Competitive,observed_zero_DOM_only_source_also_reports_5_mg_L,nonnegative_capacity,2.4_kinetics,source_order_candidate_pending_table_or_figure_confirmation,source methods and contiguous workbook block order; source table/figure row IDs are not available in the XML export
1783,Pristine SCG biochar,kinetics_pattern,Q_t_at_recorded_contact_time,Competitive,analysis_copy_candidate_Competative_to_Competitive,observed_zero_DOM_only_source_also_reports_5_mg_L,nonnegative_capacity,2.4_kinetics,source_order_candidate_pending_table_or_figure_confirmation,source methods and contiguous workbook block order; source table/figure row IDs are not available in the XML export
1784,Pristine SCG biochar,pH_pattern,Q_e_at_equilibrium_condition,Single,raw_label_retained,observed_zero_DOM_only_source_also_reports_5_mg_L,nonnegative_capacity,2.4_pH,source_order_candidate_pending_table_or_figure_confirmation,source methods and contiguous workbook block order; source table/figure row IDs are not available in the XML export
1785,Pristine SCG biochar,pH_pattern,Q_e_at_equilibrium_condition,Single,raw_label_retained,observed_zero_DOM_only_source_also_reports_5_mg_L,nonnegative_capacity,2.4_pH,source_order_candidate_pending_table_or_figure_confirmation,source methods and contiguous workbook block order; source table/figure row IDs are not available in the XML export
1786,Pristine SCG biochar,pH_pattern,Q_e_at_equilibrium_condition,Single,raw_label_retained,observed_zero_DOM_only_source_also_reports_5_mg_L,nonnegative_capacity,2.4_pH,source_order_candidate_pending_table_or_figure_confirmation,source methods and contiguous workbook block order; source table/figure row IDs are not available in the XML export
1787,Pristine SCG biochar,pH_pattern,Q_e_at_equilibrium_condition,Single,raw_label_retained,observed_zero_DOM_only_source_also_reports_5_mg_L,nonnegative_capacity,2.4_pH,source_order_candidate_pending_table_or_figure_confirmation,source methods and contiguous workbook block order; source table/figure row IDs are not available in the XML export
1788,Pristine SCG biochar,pH_pattern,Q_e_at_equilibrium_condition,Single,raw_label_retained,observed_zero_DOM_only_source_also_reports_5_mg_L,nonnegative_capacity,2.4_pH,source_order_candidate_pending_table_or_figure_confirmation,source methods and contiguous workbook block order; source table/figure row IDs are not available in the XML export
1789,Pristine SCG biochar,pH_pattern,Q_e_at_equilibrium_condition,Single,raw_label_retained,observed_zero_DOM_only_source_also_reports_5_mg_L,nonnegative_capacity,2.4_pH,source_order_candidate_pending_table_or_figure_confirmation,source methods and contiguous workbook block order; source table/figure row IDs are not available in the XML export
1790,Pristine SCG biochar,pH_pattern,Q_e_at_equilibrium_condition,Single,raw_label_retained,observed_zero_DOM_only_source_also_reports_5_mg_L,nonnegative_capacity,2.4_pH,source_order_candidate_pending_table_or_figure_confirmation,source methods and contiguous workbook block order; source table/figure row IDs are not available in the XML export
1791,Pristine SCG biochar,pH_pattern,Q_e_at_equilibrium_condition,Single,raw_label_retained,observed_zero_DOM_only_source_also_reports_5_mg_L,nonnegative_capacity,2.4_pH,source_order_candidate_pending_table_or_figure_confirmation,source methods and contiguous workbook block order; source table/figure row IDs are not available in the XML export
1792,Pristine SCG biochar,pH_pattern,Q_e_at_equilibrium_condition,Single,raw_label_retained,observed_zero_DOM_only_source_also_reports_5_mg_L,nonnegative_capacity,2.4_pH,source_order_candidate_pending_table_or_figure_confirmation,source methods and contiguous workbook block order; source table/figure row IDs are not available in the XML export
1793,Pristine SCG biochar,pH_pattern,Q_e_at_equilibrium_condition,Single,raw_label_retained,observed_zero_DOM_only_source_also_reports_5_mg_L,nonnegative_capacity,2.4_pH,source_order_candidate_pending_table_or_figure_confirmation,source methods and contiguous workbook block order; source table/figure row IDs are not available in the XML export
1794,Pristine SCG biochar,pH_pattern,Q_e_at_equilibrium_condition,Single,raw_label_retained,observed_zero_DOM_only_source_also_reports_5_mg_L,nonnegative_capacity,2.4_pH,source_order_candidate_pending_table_or_figure_confirmation,source methods and contiguous workbook block order; source table/figure row IDs are not available in the XML export
1795,Pristine SCG biochar,pH_pattern,Q_e_at_equilibrium_condition,Single,raw_label_retained,observed_zero_DOM_only_source_also_reports_5_mg_L,nonnegative_capacity,2.4_pH,source_order_candidate_pending_table_or_figure_confirmation,source methods and contiguous workbook block order; source table/figure row IDs are not available in the XML export
1796,Pristine SCG biochar,pH_pattern,Q_e_at_equilibrium_condition,Single,raw_label_retained,observed_zero_DOM_only_source_also_reports_5_mg_L,nonnegative_capacity,2.4_pH,source_order_candidate_pending_table_or_figure_confirmation,source methods and contiguous workbook block order; source table/figure row IDs are not available in the XML export
1797,Pristine SCG biochar,pH_pattern,Q_e_at_equilibrium_condition,Single,raw_label_retained,observed_zero_DOM_only_source_also_reports_5_mg_L,nonnegative_capacity,2.4_pH,source_order_candidate_pending_table_or_figure_confirmation,source methods and contiguous workbook block order; source table/figure row IDs are not available in the XML export
1798,Pristine SCG biochar,pH_pattern,Q_e_at_equilibrium_condition,Single,raw_label_retained,observed_zero_DOM_only_source_also_reports_5_mg_L,nonnegative_capacity,2.4_pH,source_order_candidate_pending_table_or_figure_confirmation,source methods and contiguous workbook block order; source table/figure row IDs are not available in the XML export
1799,Pristine SCG biochar,pH_pattern,Q_e_at_equilibrium_condition,Single,raw_label_retained,observed_zero_DOM_only_source_also_reports_5_mg_L,nonnegative_capacity,2.4_pH,source_order_candidate_pending_table_or_figure_confirmation,source methods and contiguous workbook block order; source table/figure row IDs are not available in the XML export
1800,Pristine SCG biochar,pH_pattern,Q_e_at_equilibrium_condition,Single,raw_label_retained,observed_zero_DOM_only_source_also_reports_5_mg_L,nonnegative_capacity,2.4_pH,source_order_candidate_pending_table_or_figure_confirmation,source methods and contiguous workbook block order; source table/figure row IDs are not available in the XML export
1801,Pristine SCG biochar,pH_pattern,Q_e_at_equilibrium_condition,Single,raw_label_retained,observed_zero_DOM_only_source_also_reports_5_mg_L,nonnegative_capacity,2.4_pH,source_order_candidate_pending_table_or_figure_confirmation,source methods and contiguous workbook block order; source table/figure row IDs are not available in the XML export
1802,Pristine SCG biochar,pH_pattern,Q_e_at_equilibrium_condition,Single,raw_label_retained,observed_zero_DOM_only_source_also_reports_5_mg_L,nonnegative_capacity,2.4_pH,source_order_candidate_pending_table_or_figure_confirmation,source methods and contiguous workbook block order; source table/figure row IDs are not available in the XML export
1803,Pristine SCG biochar,pH_pattern,Q_e_at_equilibrium_condition,Single,raw_label_retained,observed_zero_DOM_only_source_also_reports_5_mg_L,nonnegative_capacity,2.4_pH,source_order_candidate_pending_table_or_figure_confirmation,source methods and contiguous workbook block order; source table/figure row IDs are not available in the XML export
1804,Pristine SCG biochar,pH_pattern,Q_e_at_equilibrium_condition,Single,raw_label_retained,observed_zero_DOM_only_source_also_reports_5_mg_L,nonnegative_capacity,2.4_pH,source_order_candidate_pending_table_or_figure_confirmation,source methods and contiguous workbook block order; source table/figure row IDs are not available in the XML export
1805,Pristine SCG biochar,pH_pattern,Q_e_at_equilibrium_condition,Single,raw_label_retained,observed_zero_DOM_only_source_also_reports_5_mg_L,nonnegative_capacity,2.4_pH,source_order_candidate_pending_table_or_figure_confirmation,source methods and contiguous workbook block order; source table/figure row IDs are not available in the XML export
1806,Pristine SCG biochar,pH_pattern,Q_e_at_equilibrium_condition,Single,raw_label_retained,observed_zero_DOM_only_source_also_reports_5_mg_L,nonnegative_capacity,2.4_pH,source_order_candidate_pending_table_or_figure_confirmation,source methods and contiguous workbook block order; source table/figure row IDs are not available in the XML export
1807,Pristine SCG biochar,pH_pattern,Q_e_at_equilibrium_condition,Single,raw_label_retained,observed_zero_DOM_only_source_also_reports_5_mg_L,nonnegative_capacity,2.4_pH,source_order_candidate_pending_table_or_figure_confirmation,source methods and contiguous workbook block order; source table/figure row IDs are not available in the XML export
1808,Pristine SCG biochar,pH_pattern,Q_e_at_equilibrium_condition,Single,raw_label_retained,observed_zero_DOM_only_source_also_reports_5_mg_L,nonnegative_capacity,2.4_pH,source_order_candidate_pending_table_or_figure_confirmation,source methods and contiguous workbook block order; source table/figure row IDs are not available in the XML export
1809,Pristine SCG biochar,pH_pattern,Q_e_at_equilibrium_condition,Single,raw_label_retained,observed_zero_DOM_only_source_also_reports_5_mg_L,nonnegative_capacity,2.4_pH,source_order_candidate_pending_table_or_figure_confirmation,source methods and contiguous workbook block order; source table/figure row IDs are not available in the XML export
1810,Pristine SCG biochar,pH_pattern,Q_e_at_equilibrium_condition,Single,raw_label_retained,observed_zero_DOM_only_source_also_reports_5_mg_L,nonnegative_capacity,2.4_pH,source_order_candidate_pending_table_or_figure_confirmation,source methods and contiguous workbook block order; source table/figure row IDs are not available in the XML export
1811,Pristine SCG biochar,pH_pattern,Q_e_at_equilibrium_condition,Competitive,analysis_copy_candidate_Competative_to_Competitive,observed_zero_DOM_only_source_also_reports_5_mg_L,nonnegative_capacity,2.4_pH,source_order_candidate_pending_table_or_figure_confirmation,source methods and contiguous workbook block order; source table/figure row IDs are not available in the XML export
1812,Pristine SCG biochar,pH_pattern,Q_e_at_equilibrium_condition,Competitive,analysis_copy_candidate_Competative_to_Competitive,observed_zero_DOM_only_source_also_reports_5_mg_L,nonnegative_capacity,2.4_pH,source_order_candidate_pending_table_or_figure_confirmation,source methods and contiguous workbook block order; source table/figure row IDs are not available in the XML export
1813,Pristine SCG biochar,pH_pattern,Q_e_at_equilibrium_condition,Competitive,analysis_copy_candidate_Competative_to_Competitive,observed_zero_DOM_only_source_also_reports_5_mg_L,nonnegative_capacity,2.4_pH,source_order_candidate_pending_table_or_figure_confirmation,source methods and contiguous workbook block order; source table/figure row IDs are not available in the XML export
1814,Pristine SCG biochar,pH_pattern,Q_e_at_equilibrium_condition,Competitive,analysis_copy_candidate_Competative_to_Competitive,observed_zero_DOM_only_source_also_reports_5_mg_L,nonnegative_capacity,2.4_pH,source_order_candidate_pending_table_or_figure_confirmation,source methods and contiguous workbook block order; source table/figure row IDs are not available in the XML export
1815,Pristine SCG biochar,pH_pattern,Q_e_at_equilibrium_condition,Competitive,analysis_copy_candidate_Competative_to_Competitive,observed_zero_DOM_only_source_also_reports_5_mg_L,nonnegative_capacity,2.4_pH,source_order_candidate_pending_table_or_figure_confirmation,source methods and contiguous workbook block order; source table/figure row IDs are not available in the XML export
1816,Pristine SCG biochar,pH_pattern,Q_e_at_equilibrium_condition,Competitive,analysis_copy_candidate_Competative_to_Competitive,observed_zero_DOM_only_source_also_reports_5_mg_L,nonnegative_capacity,2.4_pH,source_order_candidate_pending_table_or_figure_confirmation,source methods and contiguous workbook block order; source table/figure row IDs are not available in the XML export
1817,Pristine SCG biochar,pH_pattern,Q_e_at_equilibrium_condition,Competitive,analysis_copy_candidate_Competative_to_Competitive,observed_zero_DOM_only_source_also_reports_5_mg_L,nonnegative_capacity,2.4_pH,source_order_candidate_pending_table_or_figure_confirmation,source methods and contiguous workbook block order; source table/figure row IDs are not available in the XML export
1818,Pristine SCG biochar,pH_pattern,Q_e_at_equilibrium_condition,Competitive,analysis_copy_candidate_Competative_to_Competitive,observed_zero_DOM_only_source_also_reports_5_mg_L,nonnegative_capacity,2.4_pH,source_order_candidate_pending_table_or_figure_confirmation,source methods and contiguous workbook block order; source table/figure row IDs are not available in the XML export
1819,Pristine SCG biochar,pH_pattern,Q_e_at_equilibrium_condition,Competitive,analysis_copy_candidate_Competative_to_Competitive,observed_zero_DOM_only_source_also_reports_5_mg_L,nonnegative_capacity,2.4_pH,source_order_candidate_pending_table_or_figure_confirmation,source methods and contiguous workbook block order; source table/figure row IDs are not available in the XML export
1820,Pristine SCG biochar,pH_pattern,Q_e_at_equilibrium_condition,Competitive,analysis_copy_candidate_Competative_to_Competitive,observed_zero_DOM_only_source_also_reports_5_mg_L,nonnegative_capacity,2.4_pH,source_order_candidate_pending_table_or_figure_confirmation,source methods and contiguous workbook block order; source table/figure row IDs are not available in the XML export
1821,Pristine SCG biochar,pH_pattern,Q_e_at_equilibrium_condition,Competitive,analysis_copy_candidate_Competative_to_Competitive,observed_zero_DOM_only_source_also_reports_5_mg_L,nonnegative_capacity,2.4_pH,source_order_candidate_pending_table_or_figure_confirmation,source methods and contiguous workbook block order; source table/figure row IDs are not available in the XML export
1822,Pristine SCG biochar,pH_pattern,Q_e_at_equilibrium_condition,Competitive,analysis_copy_candidate_Competative_to_Competitive,observed_zero_DOM_only_source_also_reports_5_mg_L,nonnegative_capacity,2.4_pH,source_order_candidate_pending_table_or_figure_confirmation,source methods and contiguous workbook block order; source table/figure row IDs are not available in the XML export
1823,Pristine SCG biochar,pH_pattern,Q_e_at_equilibrium_condition,Competitive,analysis_copy_candidate_Competative_to_Competitive,observed_zero_DOM_only_source_also_reports_5_mg_L,nonnegative_capacity,2.4_pH,source_order_candidate_pending_table_or_figure_confirmation,source methods and contiguous workbook block order; source table/figure row IDs are not available in the XML export
1824,Pristine SCG biochar,pH_pattern,Q_e_at_equilibrium_condition,Competitive,analysis_copy_candidate_Competative_to_Competitive,observed_zero_DOM_only_source_also_reports_5_mg_L,nonnegative_capacity,2.4_pH,source_order_candidate_pending_table_or_figure_confirmation,source methods and contiguous workbook block order; source table/figure row IDs are not available in the XML export
1825,Pristine SCG biochar,pH_pattern,Q_e_at_equilibrium_condition,Competitive,analysis_copy_candidate_Competative_to_Competitive,observed_zero_DOM_only_source_also_reports_5_mg_L,nonnegative_capacity,2.4_pH,source_order_candidate_pending_table_or_figure_confirmation,source methods and contiguous workbook block order; source table/figure row IDs are not available in the XML export
1826,Pristine SCG biochar,pH_pattern,Q_e_at_equilibrium_condition,Competitive,analysis_copy_candidate_Competative_to_Competitive,observed_zero_DOM_only_source_also_reports_5_mg_L,nonnegative_capacity,2.4_pH,source_order_candidate_pending_table_or_figure_confirmation,source methods and contiguous workbook block order; source table/figure row IDs are not available in the XML export
1827,Pristine SCG biochar,pH_pattern,Q_e_at_equilibrium_condition,Competitive,analysis_copy_candidate_Competative_to_Competitive,observed_zero_DOM_only_source_also_reports_5_mg_L,nonnegative_capacity,2.4_pH,source_order_candidate_pending_table_or_figure_confirmation,source methods and contiguous workbook block order; source table/figure row IDs are not available in the XML export
1828,Pristine SCG biochar,pH_pattern,Q_e_at_equilibrium_condition,Competitive,analysis_copy_candidate_Competative_to_Competitive,observed_zero_DOM_only_source_also_reports_5_mg_L,nonnegative_capacity,2.4_pH,source_order_candidate_pending_table_or_figure_confirmation,source methods and contiguous workbook block order; source table/figure row IDs are not available in the XML export
1829,Pristine SCG biochar,pH_pattern,Q_e_at_equilibrium_condition,Competitive,analysis_copy_candidate_Competative_to_Competitive,observed_zero_DOM_only_source_also_reports_5_mg_L,nonnegative_capacity,2.4_pH,source_order_candidate_pending_table_or_figure_confirmation,source methods and contiguous workbook block order; source table/figure row IDs are not available in the XML export
1830,Pristine SCG biochar,pH_pattern,Q_e_at_equilibrium_condition,Competitive,analysis_copy_candidate_Competative_to_Competitive,observed_zero_DOM_only_source_also_reports_5_mg_L,nonnegative_capacity,2.4_pH,source_order_candidate_pending_table_or_figure_confirmation,source methods and contiguous workbook block order; source table/figure row IDs are not available in the XML export
1831,Pristine SCG biochar,pH_pattern,Q_e_at_equilibrium_condition,Competitive,analysis_copy_candidate_Competative_to_Competitive,observed_zero_DOM_only_source_also_reports_5_mg_L,nonnegative_capacity,2.4_pH,source_order_candidate_pending_table_or_figure_confirmation,source methods and contiguous workbook block order; source table/figure row IDs are not available in the XML export
1832,Pristine SCG biochar,pH_pattern,Q_e_at_equilibrium_condition,Competitive,analysis_copy_candidate_Competative_to_Competitive,observed_zero_DOM_only_source_also_reports_5_mg_L,nonnegative_capacity,2.4_pH,source_order_candidate_pending_table_or_figure_confirmation,source methods and contiguous workbook block order; source table/figure row IDs are not available in the XML export
1833,Pristine SCG biochar,pH_pattern,Q_e_at_equilibrium_condition,Competitive,analysis_copy_candidate_Competative_to_Competitive,observed_zero_DOM_only_source_also_reports_5_mg_L,nonnegative_capacity,2.4_pH,source_order_candidate_pending_table_or_figure_confirmation,source methods and contiguous workbook block order; source table/figure row IDs are not available in the XML export
1834,Pristine SCG biochar,pH_pattern,Q_e_at_equilibrium_condition,Competitive,analysis_copy_candidate_Competative_to_Competitive,observed_zero_DOM_only_source_also_reports_5_mg_L,nonnegative_capacity,2.4_pH,source_order_candidate_pending_table_or_figure_confirmation,source methods and contiguous workbook block order; source table/figure row IDs are not available in the XML export
1835,Pristine SCG biochar,pH_pattern,Q_e_at_equilibrium_condition,Competitive,analysis_copy_candidate_Competative_to_Competitive,observed_zero_DOM_only_source_also_reports_5_mg_L,nonnegative_capacity,2.4_pH,source_order_candidate_pending_table_or_figure_confirmation,source methods and contiguous workbook block order; source table/figure row IDs are not available in the XML export
1836,Pristine SCG biochar,pH_pattern,Q_e_at_equilibrium_condition,Competitive,analysis_copy_candidate_Competative_to_Competitive,observed_zero_DOM_only_source_also_reports_5_mg_L,nonnegative_capacity,2.4_pH,source_order_candidate_pending_table_or_figure_confirmation,source methods and contiguous workbook block order; source table/figure row IDs are not available in the XML export
1837,Pristine SCG biochar,pH_pattern,Q_e_at_equilibrium_condition,Competitive,analysis_copy_candidate_Competative_to_Competitive,observed_zero_DOM_only_source_also_reports_5_mg_L,nonnegative_capacity,2.4_pH,source_order_candidate_pending_table_or_figure_confirmation,source methods and contiguous workbook block order; source table/figure row IDs are not available in the XML export
1838,Pristine SCG biochar,ionic_strength_pattern,Q_e_at_equilibrium_condition,Single,raw_label_retained,observed_zero_DOM_only_source_also_reports_5_mg_L,nonnegative_capacity,2.4_ionic_strength,source_order_candidate_pending_table_or_figure_confirmation,source methods and contiguous workbook block order; source table/figure row IDs are not available in the XML export
1839,Pristine SCG biochar,ionic_strength_pattern,Q_e_at_equilibrium_condition,Single,raw_label_retained,observed_zero_DOM_only_source_also_reports_5_mg_L,nonnegative_capacity,2.4_ionic_strength,source_order_candidate_pending_table_or_figure_confirmation,source methods and contiguous workbook block order; source table/figure row IDs are not available in the XML export
1840,Pristine SCG biochar,ionic_strength_pattern,Q_e_at_equilibrium_condition,Single,raw_label_retained,observed_zero_DOM_only_source_also_reports_5_mg_L,nonnegative_capacity,2.4_ionic_strength,source_order_candidate_pending_table_or_figure_confirmation,source methods and contiguous workbook block order; source table/figure row IDs are not available in the XML export
1841,Pristine SCG biochar,ionic_strength_pattern,Q_e_at_equilibrium_condition,Single,raw_label_retained,observed_zero_DOM_only_source_also_reports_5_mg_L,nonnegative_capacity,2.4_ionic_strength,source_order_candidate_pending_table_or_figure_confirmation,source methods and contiguous workbook block order; source table/figure row IDs are not available in the XML export
1842,Pristine SCG biochar,ionic_strength_pattern,Q_e_at_equilibrium_condition,Single,raw_label_retained,observed_zero_DOM_only_source_also_reports_5_mg_L,nonnegative_capacity,2.4_ionic_strength,source_order_candidate_pending_table_or_figure_confirmation,source methods and contiguous workbook block order; source table/figure row IDs are not available in the XML export
1843,Pristine SCG biochar,ionic_strength_pattern,Q_e_at_equilibrium_condition,Single,raw_label_retained,observed_zero_DOM_only_source_also_reports_5_mg_L,nonnegative_capacity,2.4_ionic_strength,source_order_candidate_pending_table_or_figure_confirmation,source methods and contiguous workbook block order; source table/figure row IDs are not available in the XML export
1844,Pristine SCG biochar,ionic_strength_pattern,Q_e_at_equilibrium_condition,Single,raw_label_retained,observed_zero_DOM_only_source_also_reports_5_mg_L,nonnegative_capacity,2.4_ionic_strength,source_order_candidate_pending_table_or_figure_confirmation,source methods and contiguous workbook block order; source table/figure row IDs are not available in the XML export
1845,Pristine SCG biochar,ionic_strength_pattern,Q_e_at_equilibrium_condition,Single,raw_label_retained,observed_zero_DOM_only_source_also_reports_5_mg_L,nonnegative_capacity,2.4_ionic_strength,source_order_candidate_pending_table_or_figure_confirmation,source methods and contiguous workbook block order; source table/figure row IDs are not available in the XML export
1846,Pristine SCG biochar,ionic_strength_pattern,Q_e_at_equilibrium_condition,Single,raw_label_retained,observed_zero_DOM_only_source_also_reports_5_mg_L,nonnegative_capacity,2.4_ionic_strength,source_order_candidate_pending_table_or_figure_confirmation,source methods and contiguous workbook block order; source table/figure row IDs are not available in the XML export
1847,Pristine SCG biochar,ionic_strength_pattern,Q_e_at_equilibrium_condition,Single,raw_label_retained,observed_zero_DOM_only_source_also_reports_5_mg_L,nonnegative_capacity,2.4_ionic_strength,source_order_candidate_pending_table_or_figure_confirmation,source methods and contiguous workbook block order; source table/figure row IDs are not available in the XML export
1848,Pristine SCG biochar,ionic_strength_pattern,Q_e_at_equilibrium_condition,Single,raw_label_retained,observed_zero_DOM_only_source_also_reports_5_mg_L,nonnegative_capacity,2.4_ionic_strength,source_order_candidate_pending_table_or_figure_confirmation,source methods and contiguous workbook block order; source table/figure row IDs are not available in the XML export
1849,Pristine SCG biochar,ionic_strength_pattern,Q_e_at_equilibrium_condition,Single,raw_label_retained,observed_zero_DOM_only_source_also_reports_5_mg_L,nonnegative_capacity,2.4_ionic_strength,source_order_candidate_pending_table_or_figure_confirmation,source methods and contiguous workbook block order; source table/figure row IDs are not available in the XML export
1850,Pristine SCG biochar,ionic_strength_pattern,Q_e_at_equilibrium_condition,Single,raw_label_retained,observed_zero_DOM_only_source_also_reports_5_mg_L,nonnegative_capacity,2.4_ionic_strength,source_order_candidate_pending_table_or_figure_confirmation,source methods and contiguous workbook block order; source table/figure row IDs are not available in the XML export
1851,Pristine SCG biochar,ionic_strength_pattern,Q_e_at_equilibrium_condition,Single,raw_label_retained,observed_zero_DOM_only_source_also_reports_5_mg_L,nonnegative_capacity,2.4_ionic_strength,source_order_candidate_pending_table_or_figure_confirmation,source methods and contiguous workbook block order; source table/figure row IDs are not available in the XML export
1852,Pristine SCG biochar,ionic_strength_pattern,Q_e_at_equilibrium_condition,Single,raw_label_retained,observed_zero_DOM_only_source_also_reports_5_mg_L,nonnegative_capacity,2.4_ionic_strength,source_order_candidate_pending_table_or_figure_confirmation,source methods and contiguous workbook block order; source table/figure row IDs are not available in the XML export
1853,Pristine SCG biochar,ionic_strength_pattern,Q_e_at_equilibrium_condition,Single,raw_label_retained,observed_zero_DOM_only_source_also_reports_5_mg_L,nonnegative_capacity,2.4_ionic_strength,source_order_candidate_pending_table_or_figure_confirmation,source methods and contiguous workbook block order; source table/figure row IDs are not available in the XML export
1854,Pristine SCG biochar,ionic_strength_pattern,Q_e_at_equilibrium_condition,Single,raw_label_retained,observed_zero_DOM_only_source_also_reports_5_mg_L,nonnegative_capacity,2.4_ionic_strength,source_order_candidate_pending_table_or_figure_confirmation,source methods and contiguous workbook block order; source table/figure row IDs are not available in the XML export
1855,Pristine SCG biochar,ionic_strength_pattern,Q_e_at_equilibrium_condition,Single,raw_label_retained,observed_zero_DOM_only_source_also_reports_5_mg_L,nonnegative_capacity,2.4_ionic_strength,source_order_candidate_pending_table_or_figure_confirmation,source methods and contiguous workbook block order; source table/figure row IDs are not available in the XML export
1856,Pristine SCG biochar,ionic_strength_pattern,Q_e_at_equilibrium_condition,Single,raw_label_retained,observed_zero_DOM_only_source_also_reports_5_mg_L,nonnegative_capacity,2.4_ionic_strength,source_order_candidate_pending_table_or_figure_confirmation,source methods and contiguous workbook block order; source table/figure row IDs are not available in the XML export
1857,Pristine SCG biochar,ionic_strength_pattern,Q_e_at_equilibrium_condition,Single,raw_label_retained,observed_zero_DOM_only_source_also_reports_5_mg_L,nonnegative_capacity,2.4_ionic_strength,source_order_candidate_pending_table_or_figure_confirmation,source methods and contiguous workbook block order; source table/figure row IDs are not available in the XML export
1858,Pristine SCG biochar,ionic_strength_pattern,Q_e_at_equilibrium_condition,Single,raw_label_retained,observed_zero_DOM_only_source_also_reports_5_mg_L,nonnegative_capacity,2.4_ionic_strength,source_order_candidate_pending_table_or_figure_confirmation,source methods and contiguous workbook block order; source table/figure row IDs are not available in the XML export
1859,Pristine SCG biochar,ionic_strength_pattern,Q_e_at_equilibrium_condition,Single,raw_label_retained,observed_zero_DOM_only_source_also_reports_5_mg_L,nonnegative_capacity,2.4_ionic_strength,source_order_candidate_pending_table_or_figure_confirmation,source methods and contiguous workbook block order; source table/figure row IDs are not available in the XML export
1860,Pristine SCG biochar,ionic_strength_pattern,Q_e_at_equilibrium_condition,Single,raw_label_retained,observed_zero_DOM_only_source_also_reports_5_mg_L,nonnegative_capacity,2.4_ionic_strength,source_order_candidate_pending_table_or_figure_confirmation,source methods and contiguous workbook block order; source table/figure row IDs are not available in the XML export
1861,Pristine SCG biochar,ionic_strength_pattern,Q_e_at_equilibrium_condition,Single,raw_label_retained,observed_zero_DOM_only_source_also_reports_5_mg_L,nonnegative_capacity,2.4_ionic_strength,source_order_candidate_pending_table_or_figure_confirmation,source methods and contiguous workbook block order; source table/figure row IDs are not available in the XML export
1862,Pristine SCG biochar,ionic_strength_pattern,Q_e_at_equilibrium_condition,Single,raw_label_retained,observed_zero_DOM_only_source_also_reports_5_mg_L,nonnegative_capacity,2.4_ionic_strength,source_order_candidate_pending_table_or_figure_confirmation,source methods and contiguous workbook block order; source table/figure row IDs are not available in the XML export
1863,Pristine SCG biochar,ionic_strength_pattern,Q_e_at_equilibrium_condition,Single,raw_label_retained,observed_zero_DOM_only_source_also_reports_5_mg_L,nonnegative_capacity,2.4_ionic_strength,source_order_candidate_pending_table_or_figure_confirmation,source methods and contiguous workbook block order; source table/figure row IDs are not available in the XML export
1864,Pristine SCG biochar,ionic_strength_pattern,Q_e_at_equilibrium_condition,Single,raw_label_retained,observed_zero_DOM_only_source_also_reports_5_mg_L,nonnegative_capacity,2.4_ionic_strength,source_order_candidate_pending_table_or_figure_confirmation,source methods and contiguous workbook block order; source table/figure row IDs are not available in the XML export
1865,Pristine SCG biochar,ionic_strength_pattern,Q_e_at_equilibrium_condition,Single,raw_label_retained,observed_zero_DOM_only_source_also_reports_5_mg_L,nonnegative_capacity,2.4_ionic_strength,source_order_candidate_pending_table_or_figure_confirmation,source methods and contiguous workbook block order; source table/figure row IDs are not available in the XML export
1866,Pristine SCG biochar,ionic_strength_pattern,Q_e_at_equilibrium_condition,Single,raw_label_retained,observed_zero_DOM_only_source_also_reports_5_mg_L,nonnegative_capacity,2.4_ionic_strength,source_order_candidate_pending_table_or_figure_confirmation,source methods and contiguous workbook block order; source table/figure row IDs are not available in the XML export
1867,Pristine SCG biochar,ionic_strength_pattern,Q_e_at_equilibrium_condition,Single,raw_label_retained,observed_zero_DOM_only_source_also_reports_5_mg_L,nonnegative_capacity,2.4_ionic_strength,source_order_candidate_pending_table_or_figure_confirmation,source methods and contiguous workbook block order; source table/figure row IDs are not available in the XML export
1868,Pristine SCG biochar,ionic_strength_pattern,Q_e_at_equilibrium_condition,Single,raw_label_retained,observed_zero_DOM_only_source_also_reports_5_mg_L,nonnegative_capacity,2.4_ionic_strength,source_order_candidate_pending_table_or_figure_confirmation,source methods and contiguous workbook block order; source table/figure row IDs are not available in the XML export
1869,Pristine SCG biochar,ionic_strength_pattern,Q_e_at_equilibrium_condition,Single,raw_label_retained,observed_zero_DOM_only_source_also_reports_5_mg_L,nonnegative_capacity,2.4_ionic_strength,source_order_candidate_pending_table_or_figure_confirmation,source methods and contiguous workbook block order; source table/figure row IDs are not available in the XML export
1870,Pristine SCG biochar,ionic_strength_pattern,Q_e_at_equilibrium_condition,Single,raw_label_retained,observed_zero_DOM_only_source_also_reports_5_mg_L,nonnegative_capacity,2.4_ionic_strength,source_order_candidate_pending_table_or_figure_confirmation,source methods and contiguous workbook block order; source table/figure row IDs are not available in the XML export
1871,Pristine SCG biochar,ionic_strength_pattern,Q_e_at_equilibrium_condition,Single,raw_label_retained,observed_zero_DOM_only_source_also_reports_5_mg_L,nonnegative_capacity,2.4_ionic_strength,source_order_candidate_pending_table_or_figure_confirmation,source methods and contiguous workbook block order; source table/figure row IDs are not available in the XML export
1872,Pristine SCG biochar,ionic_strength_pattern,Q_e_at_equilibrium_condition,Single,raw_label_retained,observed_zero_DOM_only_source_also_reports_5_mg_L,nonnegative_capacity,2.4_ionic_strength,source_order_candidate_pending_table_or_figure_confirmation,source methods and contiguous workbook block order; source table/figure row IDs are not available in the XML export
1873,Pristine SCG biochar,ionic_strength_pattern,Q_e_at_equilibrium_condition,Single,raw_label_retained,observed_zero_DOM_only_source_also_reports_5_mg_L,nonnegative_capacity,2.4_ionic_strength,source_order_candidate_pending_table_or_figure_confirmation,source methods and contiguous workbook block order; source table/figure row IDs are not available in the XML export
1874,Pristine SCG biochar,ionic_strength_pattern,Q_e_at_equilibrium_condition,Single,raw_label_retained,observed_zero_DOM_only_source_also_reports_5_mg_L,nonnegative_capacity,2.4_ionic_strength,source_order_candidate_pending_table_or_figure_confirmation,source methods and contiguous workbook block order; source table/figure row IDs are not available in the XML export
1875,Pristine SCG biochar,ionic_strength_pattern,Q_e_at_equilibrium_condition,Single,raw_label_retained,observed_zero_DOM_only_source_also_reports_5_mg_L,nonnegative_capacity,2.4_ionic_strength,source_order_candidate_pending_table_or_figure_confirmation,source methods and contiguous workbook block order; source table/figure row IDs are not available in the XML export
1876,Pristine SCG biochar,ionic_strength_pattern,Q_e_at_equilibrium_condition,Single,raw_label_retained,observed_zero_DOM_only_source_also_reports_5_mg_L,nonnegative_capacity,2.4_ionic_strength,source_order_candidate_pending_table_or_figure_confirmation,source methods and contiguous workbook block order; source table/figure row IDs are not available in the XML export
1877,Pristine SCG biochar,ionic_strength_pattern,Q_e_at_equilibrium_condition,Single,raw_label_retained,observed_zero_DOM_only_source_also_reports_5_mg_L,nonnegative_capacity,2.4_ionic_strength,source_order_candidate_pending_table_or_figure_confirmation,source methods and contiguous workbook block order; source table/figure row IDs are not available in the XML export
1878,Pristine SCG biochar,ionic_strength_pattern,Q_e_at_equilibrium_condition,Single,raw_label_retained,observed_zero_DOM_only_source_also_reports_5_mg_L,nonnegative_capacity,2.4_ionic_strength,source_order_candidate_pending_table_or_figure_confirmation,source methods and contiguous workbook block order; source table/figure row IDs are not available in the XML export
1879,Pristine SCG biochar,ionic_strength_pattern,Q_e_at_equilibrium_condition,Single,raw_label_retained,observed_zero_DOM_only_source_also_reports_5_mg_L,nonnegative_capacity,2.4_ionic_strength,source_order_candidate_pending_table_or_figure_confirmation,source methods and contiguous workbook block order; source table/figure row IDs are not available in the XML export
1880,Pristine SCG biochar,ionic_strength_pattern,Q_e_at_equilibrium_condition,Single,raw_label_retained,observed_zero_DOM_only_source_also_reports_5_mg_L,nonnegative_capacity,2.4_ionic_strength,source_order_candidate_pending_table_or_figure_confirmation,source methods and contiguous workbook block order; source table/figure row IDs are not available in the XML export
1881,Pristine SCG biochar,ionic_strength_pattern,Q_e_at_equilibrium_condition,Single,raw_label_retained,observed_zero_DOM_only_source_also_reports_5_mg_L,nonnegative_capacity,2.4_ionic_strength,source_order_candidate_pending_table_or_figure_confirmation,source methods and contiguous workbook block order; source table/figure row IDs are not available in the XML export
1882,Pristine SCG biochar,ionic_strength_pattern,Q_e_at_equilibrium_condition,Single,raw_label_retained,observed_zero_DOM_only_source_also_reports_5_mg_L,nonnegative_capacity,2.4_ionic_strength,source_order_candidate_pending_table_or_figure_confirmation,source methods and contiguous workbook block order; source table/figure row IDs are not available in the XML export
1883,Pristine SCG biochar,ionic_strength_pattern,Q_e_at_equilibrium_condition,Single,raw_label_retained,observed_zero_DOM_only_source_also_reports_5_mg_L,nonnegative_capacity,2.4_ionic_strength,source_order_candidate_pending_table_or_figure_confirmation,source methods and contiguous workbook block order; source table/figure row IDs are not available in the XML export
1884,Pristine SCG biochar,ionic_strength_pattern,Q_e_at_equilibrium_condition,Single,raw_label_retained,observed_zero_DOM_only_source_also_reports_5_mg_L,nonnegative_capacity,2.4_ionic_strength,source_order_candidate_pending_table_or_figure_confirmation,source methods and contiguous workbook block order; source table/figure row IDs are not available in the XML export
1885,Pristine SCG biochar,ionic_strength_pattern,Q_e_at_equilibrium_condition,Single,raw_label_retained,observed_zero_DOM_only_source_also_reports_5_mg_L,nonnegative_capacity,2.4_ionic_strength,source_order_candidate_pending_table_or_figure_confirmation,source methods and contiguous workbook block order; source table/figure row IDs are not available in the XML export
1886,Pristine SCG biochar,ionic_strength_pattern,Q_e_at_equilibrium_condition,Single,raw_label_retained,observed_zero_DOM_only_source_also_reports_5_mg_L,nonnegative_capacity,2.4_ionic_strength,source_order_candidate_pending_table_or_figure_confirmation,source methods and contiguous workbook block order; source table/figure row IDs are not available in the XML export
1887,Pristine SCG biochar,ionic_strength_pattern,Q_e_at_equilibrium_condition,Single,raw_label_retained,observed_zero_DOM_only_source_also_reports_5_mg_L,nonnegative_capacity,2.4_ionic_strength,source_order_candidate_pending_table_or_figure_confirmation,source methods and contiguous workbook block order; source table/figure row IDs are not available in the XML export
1888,Pristine SCG biochar,ionic_strength_pattern,Q_e_at_equilibrium_condition,Single,raw_label_retained,observed_zero_DOM_only_source_also_reports_5_mg_L,nonnegative_capacity,2.4_ionic_strength,source_order_candidate_pending_table_or_figure_confirmation,source methods and contiguous workbook block order; source table/figure row IDs are not available in the XML export
1889,Pristine SCG biochar,ionic_strength_pattern,Q_e_at_equilibrium_condition,Single,raw_label_retained,observed_zero_DOM_only_source_also_reports_5_mg_L,nonnegative_capacity,2.4_ionic_strength,source_order_candidate_pending_table_or_figure_confirmation,source methods and contiguous workbook block order; source table/figure row IDs are not available in the XML export
1890,Pristine SCG biochar,ionic_strength_pattern,Q_e_at_equilibrium_condition,Single,raw_label_retained,observed_zero_DOM_only_source_also_reports_5_mg_L,nonnegative_capacity,2.4_ionic_strength,source_order_candidate_pending_table_or_figure_confirmation,source methods and contiguous workbook block order; source table/figure row IDs are not available in the XML export
1891,Pristine SCG biochar,ionic_strength_pattern,Q_e_at_equilibrium_condition,Single,raw_label_retained,observed_zero_DOM_only_source_also_reports_5_mg_L,nonnegative_capacity,2.4_ionic_strength,source_order_candidate_pending_table_or_figure_confirmation,source methods and contiguous workbook block order; source table/figure row IDs are not available in the XML export
1892,Pristine SCG biochar,ionic_strength_pattern,Q_e_at_equilibrium_condition,Competitive,analysis_copy_candidate_Competative_to_Competitive,observed_zero_DOM_only_source_also_reports_5_mg_L,nonnegative_capacity,2.4_ionic_strength,source_order_candidate_pending_table_or_figure_confirmation,source methods and contiguous workbook block order; source table/figure row IDs are not available in the XML export
1893,Pristine SCG biochar,ionic_strength_pattern,Q_e_at_equilibrium_condition,Competitive,analysis_copy_candidate_Competative_to_Competitive,observed_zero_DOM_only_source_also_reports_5_mg_L,nonnegative_capacity,2.4_ionic_strength,source_order_candidate_pending_table_or_figure_confirmation,source methods and contiguous workbook block order; source table/figure row IDs are not available in the XML export
1894,Pristine SCG biochar,ionic_strength_pattern,Q_e_at_equilibrium_condition,Competitive,analysis_copy_candidate_Competative_to_Competitive,observed_zero_DOM_only_source_also_reports_5_mg_L,nonnegative_capacity,2.4_ionic_strength,source_order_candidate_pending_table_or_figure_confirmation,source methods and contiguous workbook block order; source table/figure row IDs are not available in the XML export
1895,Pristine SCG biochar,ionic_strength_pattern,Q_e_at_equilibrium_condition,Competitive,analysis_copy_candidate_Competative_to_Competitive,observed_zero_DOM_only_source_also_reports_5_mg_L,nonnegative_capacity,2.4_ionic_strength,source_order_candidate_pending_table_or_figure_confirmation,source methods and contiguous workbook block order; source table/figure row IDs are not available in the XML export
1896,Pristine SCG biochar,ionic_strength_pattern,Q_e_at_equilibrium_condition,Competitive,analysis_copy_candidate_Competative_to_Competitive,observed_zero_DOM_only_source_also_reports_5_mg_L,nonnegative_capacity,2.4_ionic_strength,source_order_candidate_pending_table_or_figure_confirmation,source methods and contiguous workbook block order; source table/figure row IDs are not available in the XML export
1897,Pristine SCG biochar,ionic_strength_pattern,Q_e_at_equilibrium_condition,Competitive,analysis_copy_candidate_Competative_to_Competitive,observed_zero_DOM_only_source_also_reports_5_mg_L,nonnegative_capacity,2.4_ionic_strength,source_order_candidate_pending_table_or_figure_confirmation,source methods and contiguous workbook block order; source table/figure row IDs are not available in the XML export
1898,Pristine SCG biochar,ionic_strength_pattern,Q_e_at_equilibrium_condition,Competitive,analysis_copy_candidate_Competative_to_Competitive,observed_zero_DOM_only_source_also_reports_5_mg_L,nonnegative_capacity,2.4_ionic_strength,source_order_candidate_pending_table_or_figure_confirmation,source methods and contiguous workbook block order; source table/figure row IDs are not available in the XML export
1899,Pristine SCG biochar,ionic_strength_pattern,Q_e_at_equilibrium_condition,Competitive,analysis_copy_candidate_Competative_to_Competitive,observed_zero_DOM_only_source_also_reports_5_mg_L,nonnegative_capacity,2.4_ionic_strength,source_order_candidate_pending_table_or_figure_confirmation,source methods and contiguous workbook block order; source table/figure row IDs are not available in the XML export
1900,Pristine SCG biochar,ionic_strength_pattern,Q_e_at_equilibrium_condition,Competitive,analysis_copy_candidate_Competative_to_Competitive,observed_zero_DOM_only_source_also_reports_5_mg_L,nonnegative_capacity,2.4_ionic_strength,source_order_candidate_pending_table_or_figure_confirmation,source methods and contiguous workbook block order; source table/figure row IDs are not available in the XML export
1901,Pristine SCG biochar,ionic_strength_pattern,Q_e_at_equilibrium_condition,Competitive,analysis_copy_candidate_Competative_to_Competitive,observed_zero_DOM_only_source_also_reports_5_mg_L,nonnegative_capacity,2.4_ionic_strength,source_order_candidate_pending_table_or_figure_confirmation,source methods and contiguous workbook block order; source table/figure row IDs are not available in the XML export
1902,Pristine SCG biochar,ionic_strength_pattern,Q_e_at_equilibrium_condition,Competitive,analysis_copy_candidate_Competative_to_Competitive,observed_zero_DOM_only_source_also_reports_5_mg_L,nonnegative_capacity,2.4_ionic_strength,source_order_candidate_pending_table_or_figure_confirmation,source methods and contiguous workbook block order; source table/figure row IDs are not available in the XML export
1903,Pristine SCG biochar,ionic_strength_pattern,Q_e_at_equilibrium_condition,Competitive,analysis_copy_candidate_Competative_to_Competitive,observed_zero_DOM_only_source_also_reports_5_mg_L,nonnegative_capacity,2.4_ionic_strength,source_order_candidate_pending_table_or_figure_confirmation,source methods and contiguous workbook block order; source table/figure row IDs are not available in the XML export
1904,Pristine SCG biochar,ionic_strength_pattern,Q_e_at_equilibrium_condition,Competitive,analysis_copy_candidate_Competative_to_Competitive,observed_zero_DOM_only_source_also_reports_5_mg_L,nonnegative_capacity,2.4_ionic_strength,source_order_candidate_pending_table_or_figure_confirmation,source methods and contiguous workbook block order; source table/figure row IDs are not available in the XML export
1905,Pristine SCG biochar,ionic_strength_pattern,Q_e_at_equilibrium_condition,Competitive,analysis_copy_candidate_Competative_to_Competitive,observed_zero_DOM_only_source_also_reports_5_mg_L,nonnegative_capacity,2.4_ionic_strength,source_order_candidate_pending_table_or_figure_confirmation,source methods and contiguous workbook block order; source table/figure row IDs are not available in the XML export
1906,Pristine SCG biochar,ionic_strength_pattern,Q_e_at_equilibrium_condition,Competitive,analysis_copy_candidate_Competative_to_Competitive,observed_zero_DOM_only_source_also_reports_5_mg_L,nonnegative_capacity,2.4_ionic_strength,source_order_candidate_pending_table_or_figure_confirmation,source methods and contiguous workbook block order; source table/figure row IDs are not available in the XML export
1907,Pristine SCG biochar,ionic_strength_pattern,Q_e_at_equilibrium_condition,Competitive,analysis_copy_candidate_Competative_to_Competitive,observed_zero_DOM_only_source_also_reports_5_mg_L,nonnegative_capacity,2.4_ionic_strength,source_order_candidate_pending_table_or_figure_confirmation,source methods and contiguous workbook block order; source table/figure row IDs are not available in the XML export
1908,Pristine SCG biochar,ionic_strength_pattern,Q_e_at_equilibrium_condition,Competitive,analysis_copy_candidate_Competative_to_Competitive,observed_zero_DOM_only_source_also_reports_5_mg_L,nonnegative_capacity,2.4_ionic_strength,source_order_candidate_pending_table_or_figure_confirmation,source methods and contiguous workbook block order; source table/figure row IDs are not available in the XML export
1909,Pristine SCG biochar,ionic_strength_pattern,Q_e_at_equilibrium_condition,Competitive,analysis_copy_candidate_Competative_to_Competitive,observed_zero_DOM_only_source_also_reports_5_mg_L,nonnegative_capacity,2.4_ionic_strength,source_order_candidate_pending_table_or_figure_confirmation,source methods and contiguous workbook block order; source table/figure row IDs are not available in the XML export
1910,Pristine SCG biochar,ionic_strength_pattern,Q_e_at_equilibrium_condition,Competitive,analysis_copy_candidate_Competative_to_Competitive,observed_zero_DOM_only_source_also_reports_5_mg_L,nonnegative_capacity,2.4_ionic_strength,source_order_candidate_pending_table_or_figure_confirmation,source methods and contiguous workbook block order; source table/figure row IDs are not available in the XML export
1911,Pristine SCG biochar,ionic_strength_pattern,Q_e_at_equilibrium_condition,Competitive,analysis_copy_candidate_Competative_to_Competitive,observed_zero_DOM_only_source_also_reports_5_mg_L,nonnegative_capacity,2.4_ionic_strength,source_order_candidate_pending_table_or_figure_confirmation,source methods and contiguous workbook block order; source table/figure row IDs are not available in the XML export
1912,Pristine SCG biochar,ionic_strength_pattern,Q_e_at_equilibrium_condition,Competitive,analysis_copy_candidate_Competative_to_Competitive,observed_zero_DOM_only_source_also_reports_5_mg_L,nonnegative_capacity,2.4_ionic_strength,source_order_candidate_pending_table_or_figure_confirmation,source methods and contiguous workbook block order; source table/figure row IDs are not available in the XML export
1913,Pristine SCG biochar,ionic_strength_pattern,Q_e_at_equilibrium_condition,Competitive,analysis_copy_candidate_Competative_to_Competitive,observed_zero_DOM_only_source_also_reports_5_mg_L,nonnegative_capacity,2.4_ionic_strength,source_order_candidate_pending_table_or_figure_confirmation,source methods and contiguous workbook block order; source table/figure row IDs are not available in the XML export
1914,Pristine SCG biochar,ionic_strength_pattern,Q_e_at_equilibrium_condition,Competitive,analysis_copy_candidate_Competative_to_Competitive,observed_zero_DOM_only_source_also_reports_5_mg_L,nonnegative_capacity,2.4_ionic_strength,source_order_candidate_pending_table_or_figure_confirmation,source methods and contiguous workbook block order; source table/figure row IDs are not available in the XML export
1915,Pristine SCG biochar,ionic_strength_pattern,Q_e_at_equilibrium_condition,Competitive,analysis_copy_candidate_Competative_to_Competitive,observed_zero_DOM_only_source_also_reports_5_mg_L,nonnegative_capacity,2.4_ionic_strength,source_order_candidate_pending_table_or_figure_confirmation,source methods and contiguous workbook block order; source table/figure row IDs are not available in the XML export
1916,Pristine SCG biochar,ionic_strength_pattern,Q_e_at_equilibrium_condition,Competitive,analysis_copy_candidate_Competative_to_Competitive,observed_zero_DOM_only_source_also_reports_5_mg_L,nonnegative_capacity,2.4_ionic_strength,source_order_candidate_pending_table_or_figure_confirmation,source methods and contiguous workbook block order; source table/figure row IDs are not available in the XML export
1917,Pristine SCG biochar,ionic_strength_pattern,Q_e_at_equilibrium_condition,Competitive,analysis_copy_candidate_Competative_to_Competitive,observed_zero_DOM_only_source_also_reports_5_mg_L,nonnegative_capacity,2.4_ionic_strength,source_order_candidate_pending_table_or_figure_confirmation,source methods and contiguous workbook block order; source table/figure row IDs are not available in the XML export
1918,Pristine SCG biochar,ionic_strength_pattern,Q_e_at_equilibrium_condition,Competitive,analysis_copy_candidate_Competative_to_Competitive,observed_zero_DOM_only_source_also_reports_5_mg_L,nonnegative_capacity,2.4_ionic_strength,source_order_candidate_pending_table_or_figure_confirmation,source methods and contiguous workbook block order; source table/figure row IDs are not available in the XML export
1919,Pristine SCG biochar,ionic_strength_pattern,Q_e_at_equilibrium_condition,Competitive,analysis_copy_candidate_Competative_to_Competitive,observed_zero_DOM_only_source_also_reports_5_mg_L,nonnegative_capacity,2.4_ionic_strength,source_order_candidate_pending_table_or_figure_confirmation,source methods and contiguous workbook block order; source table/figure row IDs are not available in the XML export
1920,Pristine SCG biochar,ionic_strength_pattern,Q_e_at_equilibrium_condition,Competitive,analysis_copy_candidate_Competative_to_Competitive,observed_zero_DOM_only_source_also_reports_5_mg_L,nonnegative_capacity,2.4_ionic_strength,source_order_candidate_pending_table_or_figure_confirmation,source methods and contiguous workbook block order; source table/figure row IDs are not available in the XML export
1921,Pristine SCG biochar,ionic_strength_pattern,Q_e_at_equilibrium_condition,Competitive,analysis_copy_candidate_Competative_to_Competitive,observed_zero_DOM_only_source_also_reports_5_mg_L,nonnegative_capacity,2.4_ionic_strength,source_order_candidate_pending_table_or_figure_confirmation,source methods and contiguous workbook block order; source table/figure row IDs are not available in the XML export
1922,Pristine SCG biochar,ionic_strength_pattern,Q_e_at_equilibrium_condition,Competitive,analysis_copy_candidate_Competative_to_Competitive,observed_zero_DOM_only_source_also_reports_5_mg_L,nonnegative_capacity,2.4_ionic_strength,source_order_candidate_pending_table_or_figure_confirmation,source methods and contiguous workbook block order; source table/figure row IDs are not available in the XML export
1923,Pristine SCG biochar,ionic_strength_pattern,Q_e_at_equilibrium_condition,Competitive,analysis_copy_candidate_Competative_to_Competitive,observed_zero_DOM_only_source_also_reports_5_mg_L,nonnegative_capacity,2.4_ionic_strength,source_order_candidate_pending_table_or_figure_confirmation,source methods and contiguous workbook block order; source table/figure row IDs are not available in the XML export
1924,Pristine SCG biochar,ionic_strength_pattern,Q_e_at_equilibrium_condition,Competitive,analysis_copy_candidate_Competative_to_Competitive,observed_zero_DOM_only_source_also_reports_5_mg_L,nonnegative_capacity,2.4_ionic_strength,source_order_candidate_pending_table_or_figure_confirmation,source methods and contiguous workbook block order; source table/figure row IDs are not available in the XML export
1925,Pristine SCG biochar,ionic_strength_pattern,Q_e_at_equilibrium_condition,Competitive,analysis_copy_candidate_Competative_to_Competitive,observed_zero_DOM_only_source_also_reports_5_mg_L,nonnegative_capacity,2.4_ionic_strength,source_order_candidate_pending_table_or_figure_confirmation,source methods and contiguous workbook block order; source table/figure row IDs are not available in the XML export
1926,Pristine SCG biochar,ionic_strength_pattern,Q_e_at_equilibrium_condition,Competitive,analysis_copy_candidate_Competative_to_Competitive,observed_zero_DOM_only_source_also_reports_5_mg_L,nonnegative_capacity,2.4_ionic_strength,source_order_candidate_pending_table_or_figure_confirmation,source methods and contiguous workbook block order; source table/figure row IDs are not available in the XML export
1927,Pristine SCG biochar,ionic_strength_pattern,Q_e_at_equilibrium_condition,Competitive,analysis_copy_candidate_Competative_to_Competitive,observed_zero_DOM_only_source_also_reports_5_mg_L,nonnegative_capacity,2.4_ionic_strength,source_order_candidate_pending_table_or_figure_confirmation,source methods and contiguous workbook block order; source table/figure row IDs are not available in the XML export
1928,Pristine SCG biochar,ionic_strength_pattern,Q_e_at_equilibrium_condition,Competitive,analysis_copy_candidate_Competative_to_Competitive,observed_zero_DOM_only_source_also_reports_5_mg_L,nonnegative_capacity,2.4_ionic_strength,source_order_candidate_pending_table_or_figure_confirmation,source methods and contiguous workbook block order; source table/figure row IDs are not available in the XML export
1929,Pristine SCG biochar,ionic_strength_pattern,Q_e_at_equilibrium_condition,Competitive,analysis_copy_candidate_Competative_to_Competitive,observed_zero_DOM_only_source_also_reports_5_mg_L,nonnegative_capacity,2.4_ionic_strength,source_order_candidate_pending_table_or_figure_confirmation,source methods and contiguous workbook block order; source table/figure row IDs are not available in the XML export
1930,Pristine SCG biochar,ionic_strength_pattern,Q_e_at_equilibrium_condition,Competitive,analysis_copy_candidate_Competative_to_Competitive,observed_zero_DOM_only_source_also_reports_5_mg_L,nonnegative_capacity,2.4_ionic_strength,source_order_candidate_pending_table_or_figure_confirmation,source methods and contiguous workbook block order; source table/figure row IDs are not available in the XML export
1931,Pristine SCG biochar,ionic_strength_pattern,Q_e_at_equilibrium_condition,Competitive,analysis_copy_candidate_Competative_to_Competitive,observed_zero_DOM_only_source_also_reports_5_mg_L,nonnegative_capacity,2.4_ionic_strength,source_order_candidate_pending_table_or_figure_confirmation,source methods and contiguous workbook block order; source table/figure row IDs are not available in the XML export
1932,Pristine SCG biochar,ionic_strength_pattern,Q_e_at_equilibrium_condition,Competitive,analysis_copy_candidate_Competative_to_Competitive,observed_zero_DOM_only_source_also_reports_5_mg_L,nonnegative_capacity,2.4_ionic_strength,source_order_candidate_pending_table_or_figure_confirmation,source methods and contiguous workbook block order; source table/figure row IDs are not available in the XML export
1933,Pristine SCG biochar,ionic_strength_pattern,Q_e_at_equilibrium_condition,Competitive,analysis_copy_candidate_Competative_to_Competitive,observed_zero_DOM_only_source_also_reports_5_mg_L,nonnegative_capacity,2.4_ionic_strength,source_order_candidate_pending_table_or_figure_confirmation,source methods and contiguous workbook block order; source table/figure row IDs are not available in the XML export
1934,Pristine SCG biochar,ionic_strength_pattern,Q_e_at_equilibrium_condition,Competitive,analysis_copy_candidate_Competative_to_Competitive,observed_zero_DOM_only_source_also_reports_5_mg_L,nonnegative_capacity,2.4_ionic_strength,source_order_candidate_pending_table_or_figure_confirmation,source methods and contiguous workbook block order; source table/figure row IDs are not available in the XML export
1935,Pristine SCG biochar,ionic_strength_pattern,Q_e_at_equilibrium_condition,Competitive,analysis_copy_candidate_Competative_to_Competitive,observed_zero_DOM_only_source_also_reports_5_mg_L,nonnegative_capacity,2.4_ionic_strength,source_order_candidate_pending_table_or_figure_confirmation,source methods and contiguous workbook block order; source table/figure row IDs are not available in the XML export
1936,Pristine SCG biochar,ionic_strength_pattern,Q_e_at_equilibrium_condition,Competitive,analysis_copy_candidate_Competative_to_Competitive,observed_zero_DOM_only_source_also_reports_5_mg_L,nonnegative_capacity,2.4_ionic_strength,source_order_candidate_pending_table_or_figure_confirmation,source methods and contiguous workbook block order; source table/figure row IDs are not available in the XML export
1937,Pristine SCG biochar,ionic_strength_pattern,Q_e_at_equilibrium_condition,Competitive,analysis_copy_candidate_Competative_to_Competitive,observed_zero_DOM_only_source_also_reports_5_mg_L,nonnegative_capacity,2.4_ionic_strength,source_order_candidate_pending_table_or_figure_confirmation,source methods and contiguous workbook block order; source table/figure row IDs are not available in the XML export
1938,Pristine SCG biochar,ionic_strength_pattern,Q_e_at_equilibrium_condition,Competitive,analysis_copy_candidate_Competative_to_Competitive,observed_zero_DOM_only_source_also_reports_5_mg_L,nonnegative_capacity,2.4_ionic_strength,source_order_candidate_pending_table_or_figure_confirmation,source methods and contiguous workbook block order; source table/figure row IDs are not available in the XML export
1939,Pristine SCG biochar,ionic_strength_pattern,Q_e_at_equilibrium_condition,Competitive,analysis_copy_candidate_Competative_to_Competitive,observed_zero_DOM_only_source_also_reports_5_mg_L,nonnegative_capacity,2.4_ionic_strength,source_order_candidate_pending_table_or_figure_confirmation,source methods and contiguous workbook block order; source table/figure row IDs are not available in the XML export
1940,Pristine SCG biochar,ionic_strength_pattern,Q_e_at_equilibrium_condition,Competitive,analysis_copy_candidate_Competative_to_Competitive,observed_zero_DOM_only_source_also_reports_5_mg_L,nonnegative_capacity,2.4_ionic_strength,source_order_candidate_pending_table_or_figure_confirmation,source methods and contiguous workbook block order; source table/figure row IDs are not available in the XML export
1941,Pristine SCG biochar,ionic_strength_pattern,Q_e_at_equilibrium_condition,Competitive,analysis_copy_candidate_Competative_to_Competitive,observed_zero_DOM_only_source_also_reports_5_mg_L,nonnegative_capacity,2.4_ionic_strength,source_order_candidate_pending_table_or_figure_confirmation,source methods and contiguous workbook block order; source table/figure row IDs are not available in the XML export
1942,Pristine SCG biochar,ionic_strength_pattern,Q_e_at_equilibrium_condition,Competitive,analysis_copy_candidate_Competative_to_Competitive,observed_zero_DOM_only_source_also_reports_5_mg_L,nonnegative_capacity,2.4_ionic_strength,source_order_candidate_pending_table_or_figure_confirmation,source methods and contiguous workbook block order; source table/figure row IDs are not available in the XML export
1943,Pristine SCG biochar,ionic_strength_pattern,Q_e_at_equilibrium_condition,Competitive,analysis_copy_candidate_Competative_to_Competitive,observed_zero_DOM_only_source_also_reports_5_mg_L,nonnegative_capacity,2.4_ionic_strength,source_order_candidate_pending_table_or_figure_confirmation,source methods and contiguous workbook block order; source table/figure row IDs are not available in the XML export
1944,Pristine SCG biochar,ionic_strength_pattern,Q_e_at_equilibrium_condition,Competitive,analysis_copy_candidate_Competative_to_Competitive,observed_zero_DOM_only_source_also_reports_5_mg_L,nonnegative_capacity,2.4_ionic_strength,source_order_candidate_pending_table_or_figure_confirmation,source methods and contiguous workbook block order; source table/figure row IDs are not available in the XML export
1945,Pristine SCG biochar,ionic_strength_pattern,Q_e_at_equilibrium_condition,Competitive,analysis_copy_candidate_Competative_to_Competitive,observed_zero_DOM_only_source_also_reports_5_mg_L,nonnegative_capacity,2.4_ionic_strength,source_order_candidate_pending_table_or_figure_confirmation,source methods and contiguous workbook block order; source table/figure row IDs are not available in the XML export
1946,Alkali-modified SCG biochars,isotherm_pattern,Q_e_at_equilibrium_condition,Single,raw_label_retained,observed_zero_DOM_only_source_also_reports_5_mg_L,nonnegative_capacity,2.4_isotherm,source_order_candidate_pending_table_or_figure_confirmation,source methods and contiguous workbook block order; source table/figure row IDs are not available in the XML export
1947,Alkali-modified SCG biochars,isotherm_pattern,Q_e_at_equilibrium_condition,Single,raw_label_retained,observed_zero_DOM_only_source_also_reports_5_mg_L,nonnegative_capacity,2.4_isotherm,source_order_candidate_pending_table_or_figure_confirmation,source methods and contiguous workbook block order; source table/figure row IDs are not available in the XML export
1948,Alkali-modified SCG biochars,isotherm_pattern,Q_e_at_equilibrium_condition,Single,raw_label_retained,observed_zero_DOM_only_source_also_reports_5_mg_L,nonnegative_capacity,2.4_isotherm,source_order_candidate_pending_table_or_figure_confirmation,source methods and contiguous workbook block order; source table/figure row IDs are not available in the XML export
1949,Alkali-modified SCG biochars,isotherm_pattern,Q_e_at_equilibrium_condition,Single,raw_label_retained,observed_zero_DOM_only_source_also_reports_5_mg_L,nonnegative_capacity,2.4_isotherm,source_order_candidate_pending_table_or_figure_confirmation,source methods and contiguous workbook block order; source table/figure row IDs are not available in the XML export
1950,Alkali-modified SCG biochars,isotherm_pattern,Q_e_at_equilibrium_condition,Single,raw_label_retained,observed_zero_DOM_only_source_also_reports_5_mg_L,nonnegative_capacity,2.4_isotherm,source_order_candidate_pending_table_or_figure_confirmation,source methods and contiguous workbook block order; source table/figure row IDs are not available in the XML export
1951,Alkali-modified SCG biochars,isotherm_pattern,Q_e_at_equilibrium_condition,Single,raw_label_retained,observed_zero_DOM_only_source_also_reports_5_mg_L,nonnegative_capacity,2.4_isotherm,source_order_candidate_pending_table_or_figure_confirmation,source methods and contiguous workbook block order; source table/figure row IDs are not available in the XML export
1952,Alkali-modified SCG biochars,isotherm_pattern,Q_e_at_equilibrium_condition,Single,raw_label_retained,observed_zero_DOM_only_source_also_reports_5_mg_L,nonnegative_capacity,2.4_isotherm,source_order_candidate_pending_table_or_figure_confirmation,source methods and contiguous workbook block order; source table/figure row IDs are not available in the XML export
1953,Alkali-modified SCG biochars,isotherm_pattern,Q_e_at_equilibrium_condition,Single,raw_label_retained,observed_zero_DOM_only_source_also_reports_5_mg_L,nonnegative_capacity,2.4_isotherm,source_order_candidate_pending_table_or_figure_confirmation,source methods and contiguous workbook block order; source table/figure row IDs are not available in the XML export
1954,Alkali-modified SCG biochars,isotherm_pattern,Q_e_at_equilibrium_condition,Single,raw_label_retained,observed_zero_DOM_only_source_also_reports_5_mg_L,nonnegative_capacity,2.4_isotherm,source_order_candidate_pending_table_or_figure_confirmation,source methods and contiguous workbook block order; source table/figure row IDs are not available in the XML export
1955,Alkali-modified SCG biochars,isotherm_pattern,Q_e_at_equilibrium_condition,Single,raw_label_retained,observed_zero_DOM_only_source_also_reports_5_mg_L,nonnegative_capacity,2.4_isotherm,source_order_candidate_pending_table_or_figure_confirmation,source methods and contiguous workbook block order; source table/figure row IDs are not available in the XML export
1956,Alkali-modified SCG biochars,isotherm_pattern,Q_e_at_equilibrium_condition,Single,raw_label_retained,observed_zero_DOM_only_source_also_reports_5_mg_L,nonnegative_capacity,2.4_isotherm,source_order_candidate_pending_table_or_figure_confirmation,source methods and contiguous workbook block order; source table/figure row IDs are not available in the XML export
1957,Alkali-modified SCG biochars,isotherm_pattern,Q_e_at_equilibrium_condition,Single,raw_label_retained,observed_zero_DOM_only_source_also_reports_5_mg_L,nonnegative_capacity,2.4_isotherm,source_order_candidate_pending_table_or_figure_confirmation,source methods and contiguous workbook block order; source table/figure row IDs are not available in the XML export
1958,Alkali-modified SCG biochars,isotherm_pattern,Q_e_at_equilibrium_condition,Single,raw_label_retained,observed_zero_DOM_only_source_also_reports_5_mg_L,nonnegative_capacity,2.4_isotherm,source_order_candidate_pending_table_or_figure_confirmation,source methods and contiguous workbook block order; source table/figure row IDs are not available in the XML export
1959,Alkali-modified SCG biochars,isotherm_pattern,Q_e_at_equilibrium_condition,Single,raw_label_retained,observed_zero_DOM_only_source_also_reports_5_mg_L,nonnegative_capacity,2.4_isotherm,source_order_candidate_pending_table_or_figure_confirmation,source methods and contiguous workbook block order; source table/figure row IDs are not available in the XML export
1960,Alkali-modified SCG biochars,isotherm_pattern,Q_e_at_equilibrium_condition,Single,raw_label_retained,observed_zero_DOM_only_source_also_reports_5_mg_L,nonnegative_capacity,2.4_isotherm,source_order_candidate_pending_table_or_figure_confirmation,source methods and contiguous workbook block order; source table/figure row IDs are not available in the XML export
1961,Alkali-modified SCG biochars,isotherm_pattern,Q_e_at_equilibrium_condition,Single,raw_label_retained,observed_zero_DOM_only_source_also_reports_5_mg_L,nonnegative_capacity,2.4_isotherm,source_order_candidate_pending_table_or_figure_confirmation,source methods and contiguous workbook block order; source table/figure row IDs are not available in the XML export
1962,Alkali-modified SCG biochars,isotherm_pattern,Q_e_at_equilibrium_condition,Single,raw_label_retained,observed_zero_DOM_only_source_also_reports_5_mg_L,nonnegative_capacity,2.4_isotherm,source_order_candidate_pending_table_or_figure_confirmation,source methods and contiguous workbook block order; source table/figure row IDs are not available in the XML export
1963,Alkali-modified SCG biochars,isotherm_pattern,Q_e_at_equilibrium_condition,Single,raw_label_retained,observed_zero_DOM_only_source_also_reports_5_mg_L,nonnegative_capacity,2.4_isotherm,source_order_candidate_pending_table_or_figure_confirmation,source methods and contiguous workbook block order; source table/figure row IDs are not available in the XML export
1964,Alkali-modified SCG biochars,isotherm_pattern,Q_e_at_equilibrium_condition,Single,raw_label_retained,observed_zero_DOM_only_source_also_reports_5_mg_L,nonnegative_capacity,2.4_isotherm,source_order_candidate_pending_table_or_figure_confirmation,source methods and contiguous workbook block order; source table/figure row IDs are not available in the XML export
1965,Alkali-modified SCG biochars,isotherm_pattern,Q_e_at_equilibrium_condition,Single,raw_label_retained,observed_zero_DOM_only_source_also_reports_5_mg_L,nonnegative_capacity,2.4_isotherm,source_order_candidate_pending_table_or_figure_confirmation,source methods and contiguous workbook block order; source table/figure row IDs are not available in the XML export
1966,Alkali-modified SCG biochars,isotherm_pattern,Q_e_at_equilibrium_condition,Single,raw_label_retained,observed_zero_DOM_only_source_also_reports_5_mg_L,nonnegative_capacity,2.4_isotherm,source_order_candidate_pending_table_or_figure_confirmation,source methods and contiguous workbook block order; source table/figure row IDs are not available in the XML export
1967,Alkali-modified SCG biochars,isotherm_pattern,Q_e_at_equilibrium_condition,Single,raw_label_retained,observed_zero_DOM_only_source_also_reports_5_mg_L,nonnegative_capacity,2.4_isotherm,source_order_candidate_pending_table_or_figure_confirmation,source methods and contiguous workbook block order; source table/figure row IDs are not available in the XML export
1968,Alkali-modified SCG biochars,isotherm_pattern,Q_e_at_equilibrium_condition,Single,raw_label_retained,observed_zero_DOM_only_source_also_reports_5_mg_L,nonnegative_capacity,2.4_isotherm,source_order_candidate_pending_table_or_figure_confirmation,source methods and contiguous workbook block order; source table/figure row IDs are not available in the XML export
1969,Alkali-modified SCG biochars,isotherm_pattern,Q_e_at_equilibrium_condition,Single,raw_label_retained,observed_zero_DOM_only_source_also_reports_5_mg_L,nonnegative_capacity,2.4_isotherm,source_order_candidate_pending_table_or_figure_confirmation,source methods and contiguous workbook block order; source table/figure row IDs are not available in the XML export
1970,Alkali-modified SCG biochars,isotherm_pattern,Q_e_at_equilibrium_condition,Single,raw_label_retained,observed_zero_DOM_only_source_also_reports_5_mg_L,nonnegative_capacity,2.4_isotherm,source_order_candidate_pending_table_or_figure_confirmation,source methods and contiguous workbook block order; source table/figure row IDs are not available in the XML export
1971,Alkali-modified SCG biochars,isotherm_pattern,Q_e_at_equilibrium_condition,Single,raw_label_retained,observed_zero_DOM_only_source_also_reports_5_mg_L,nonnegative_capacity,2.4_isotherm,source_order_candidate_pending_table_or_figure_confirmation,source methods and contiguous workbook block order; source table/figure row IDs are not available in the XML export
1972,Alkali-modified SCG biochars,isotherm_pattern,Q_e_at_equilibrium_condition,Single,raw_label_retained,observed_zero_DOM_only_source_also_reports_5_mg_L,nonnegative_capacity,2.4_isotherm,source_order_candidate_pending_table_or_figure_confirmation,source methods and contiguous workbook block order; source table/figure row IDs are not available in the XML export
1973,Alkali-modified SCG biochars,isotherm_pattern,Q_e_at_equilibrium_condition,Single,raw_label_retained,observed_zero_DOM_only_source_also_reports_5_mg_L,nonnegative_capacity,2.4_isotherm,source_order_candidate_pending_table_or_figure_confirmation,source methods and contiguous workbook block order; source table/figure row IDs are not available in the XML export
1974,Alkali-modified SCG biochars,isotherm_pattern,Q_e_at_equilibrium_condition,Single,raw_label_retained,observed_zero_DOM_only_source_also_reports_5_mg_L,nonnegative_capacity,2.4_isotherm,source_order_candidate_pending_table_or_figure_confirmation,source methods and contiguous workbook block order; source table/figure row IDs are not available in the XML export
1975,Alkali-modified SCG biochars,isotherm_pattern,Q_e_at_equilibrium_condition,Single,raw_label_retained,observed_zero_DOM_only_source_also_reports_5_mg_L,nonnegative_capacity,2.4_isotherm,source_order_candidate_pending_table_or_figure_confirmation,source methods and contiguous workbook block order; source table/figure row IDs are not available in the XML export
1976,Alkali-modified SCG biochars,isotherm_pattern,Q_e_at_equilibrium_condition,Single,raw_label_retained,observed_zero_DOM_only_source_also_reports_5_mg_L,nonnegative_capacity,2.4_isotherm,source_order_candidate_pending_table_or_figure_confirmation,source methods and contiguous workbook block order; source table/figure row IDs are not available in the XML export
1977,Alkali-modified SCG biochars,isotherm_pattern,Q_e_at_equilibrium_condition,Single,raw_label_retained,observed_zero_DOM_only_source_also_reports_5_mg_L,nonnegative_capacity,2.4_isotherm,source_order_candidate_pending_table_or_figure_confirmation,source methods and contiguous workbook block order; source table/figure row IDs are not available in the XML export
1978,Alkali-modified SCG biochars,isotherm_pattern,Q_e_at_equilibrium_condition,Single,raw_label_retained,observed_zero_DOM_only_source_also_reports_5_mg_L,nonnegative_capacity,2.4_isotherm,source_order_candidate_pending_table_or_figure_confirmation,source methods and contiguous workbook block order; source table/figure row IDs are not available in the XML export
1979,Alkali-modified SCG biochars,isotherm_pattern,Q_e_at_equilibrium_condition,Single,raw_label_retained,observed_zero_DOM_only_source_also_reports_5_mg_L,nonnegative_capacity,2.4_isotherm,source_order_candidate_pending_table_or_figure_confirmation,source methods and contiguous workbook block order; source table/figure row IDs are not available in the XML export
1980,Alkali-modified SCG biochars,isotherm_pattern,Q_e_at_equilibrium_condition,Single,raw_label_retained,observed_zero_DOM_only_source_also_reports_5_mg_L,nonnegative_capacity,2.4_isotherm,source_order_candidate_pending_table_or_figure_confirmation,source methods and contiguous workbook block order; source table/figure row IDs are not available in the XML export
1981,Alkali-modified SCG biochars,isotherm_pattern,Q_e_at_equilibrium_condition,Single,raw_label_retained,observed_zero_DOM_only_source_also_reports_5_mg_L,nonnegative_capacity,2.4_isotherm,source_order_candidate_pending_table_or_figure_confirmation,source methods and contiguous workbook block order; source table/figure row IDs are not available in the XML export
1982,Alkali-modified SCG biochars,isotherm_pattern,Q_e_at_equilibrium_condition,Single,raw_label_retained,observed_zero_DOM_only_source_also_reports_5_mg_L,nonnegative_capacity,2.4_isotherm,source_order_candidate_pending_table_or_figure_confirmation,source methods and contiguous workbook block order; source table/figure row IDs are not available in the XML export
1983,Alkali-modified SCG biochars,isotherm_pattern,Q_e_at_equilibrium_condition,Single,raw_label_retained,observed_zero_DOM_only_source_also_reports_5_mg_L,nonnegative_capacity,2.4_isotherm,source_order_candidate_pending_table_or_figure_confirmation,source methods and contiguous workbook block order; source table/figure row IDs are not available in the XML export
1984,Alkali-modified SCG biochars,isotherm_pattern,Q_e_at_equilibrium_condition,Single,raw_label_retained,observed_zero_DOM_only_source_also_reports_5_mg_L,nonnegative_capacity,2.4_isotherm,source_order_candidate_pending_table_or_figure_confirmation,source methods and contiguous workbook block order; source table/figure row IDs are not available in the XML export
1985,Alkali-modified SCG biochars,isotherm_pattern,Q_e_at_equilibrium_condition,Single,raw_label_retained,observed_zero_DOM_only_source_also_reports_5_mg_L,nonnegative_capacity,2.4_isotherm,source_order_candidate_pending_table_or_figure_confirmation,source methods and contiguous workbook block order; source table/figure row IDs are not available in the XML export
1986,Alkali-modified SCG biochars,isotherm_pattern,Q_e_at_equilibrium_condition,Single,raw_label_retained,observed_zero_DOM_only_source_also_reports_5_mg_L,nonnegative_capacity,2.4_isotherm,source_order_candidate_pending_table_or_figure_confirmation,source methods and contiguous workbook block order; source table/figure row IDs are not available in the XML export
1987,Alkali-modified SCG biochars,isotherm_pattern,Q_e_at_equilibrium_condition,Single,raw_label_retained,observed_zero_DOM_only_source_also_reports_5_mg_L,nonnegative_capacity,2.4_isotherm,source_order_candidate_pending_table_or_figure_confirmation,source methods and contiguous workbook block order; source table/figure row IDs are not available in the XML export
1988,Alkali-modified SCG biochars,isotherm_pattern,Q_e_at_equilibrium_condition,Single,raw_label_retained,observed_zero_DOM_only_source_also_reports_5_mg_L,nonnegative_capacity,2.4_isotherm,source_order_candidate_pending_table_or_figure_confirmation,source methods and contiguous workbook block order; source table/figure row IDs are not available in the XML export
1989,Alkali-modified SCG biochars,isotherm_pattern,Q_e_at_equilibrium_condition,Single,raw_label_retained,observed_zero_DOM_only_source_also_reports_5_mg_L,nonnegative_capacity,2.4_isotherm,source_order_candidate_pending_table_or_figure_confirmation,source methods and contiguous workbook block order; source table/figure row IDs are not available in the XML export
1990,Alkali-modified SCG biochars,isotherm_pattern,Q_e_at_equilibrium_condition,Single,raw_label_retained,observed_zero_DOM_only_source_also_reports_5_mg_L,nonnegative_capacity,2.4_isotherm,source_order_candidate_pending_table_or_figure_confirmation,source methods and contiguous workbook block order; source table/figure row IDs are not available in the XML export
1991,Alkali-modified SCG biochars,isotherm_pattern,Q_e_at_equilibrium_condition,Single,raw_label_retained,observed_zero_DOM_only_source_also_reports_5_mg_L,nonnegative_capacity,2.4_isotherm,source_order_candidate_pending_table_or_figure_confirmation,source methods and contiguous workbook block order; source table/figure row IDs are not available in the XML export
1992,Alkali-modified SCG biochars,isotherm_pattern,Q_e_at_equilibrium_condition,Single,raw_label_retained,observed_zero_DOM_only_source_also_reports_5_mg_L,nonnegative_capacity,2.4_isotherm,source_order_candidate_pending_table_or_figure_confirmation,source methods and contiguous workbook block order; source table/figure row IDs are not available in the XML export
1993,Alkali-modified SCG biochars,isotherm_pattern,Q_e_at_equilibrium_condition,Single,raw_label_retained,observed_zero_DOM_only_source_also_reports_5_mg_L,nonnegative_capacity,2.4_isotherm,source_order_candidate_pending_table_or_figure_confirmation,source methods and contiguous workbook block order; source table/figure row IDs are not available in the XML export
1994,Alkali-modified SCG biochars,isotherm_pattern,Q_e_at_equilibrium_condition,Single,raw_label_retained,observed_zero_DOM_only_source_also_reports_5_mg_L,nonnegative_capacity,2.4_isotherm,source_order_candidate_pending_table_or_figure_confirmation,source methods and contiguous workbook block order; source table/figure row IDs are not available in the XML export
1995,Alkali-modified SCG biochars,isotherm_pattern,Q_e_at_equilibrium_condition,Single,raw_label_retained,observed_zero_DOM_only_source_also_reports_5_mg_L,nonnegative_capacity,2.4_isotherm,source_order_candidate_pending_table_or_figure_confirmation,source methods and contiguous workbook block order; source table/figure row IDs are not available in the XML export
1996,Alkali-modified SCG biochars,isotherm_pattern,Q_e_at_equilibrium_condition,Single,raw_label_retained,observed_zero_DOM_only_source_also_reports_5_mg_L,nonnegative_capacity,2.4_isotherm,source_order_candidate_pending_table_or_figure_confirmation,source methods and contiguous workbook block order; source table/figure row IDs are not available in the XML export
1997,Alkali-modified SCG biochars,isotherm_pattern,Q_e_at_equilibrium_condition,Single,raw_label_retained,observed_zero_DOM_only_source_also_reports_5_mg_L,nonnegative_capacity,2.4_isotherm,source_order_candidate_pending_table_or_figure_confirmation,source methods and contiguous workbook block order; source table/figure row IDs are not available in the XML export
1998,Alkali-modified SCG biochars,isotherm_pattern,Q_e_at_equilibrium_condition,Single,raw_label_retained,observed_zero_DOM_only_source_also_reports_5_mg_L,nonnegative_capacity,2.4_isotherm,source_order_candidate_pending_table_or_figure_confirmation,source methods and contiguous workbook block order; source table/figure row IDs are not available in the XML export
1999,Alkali-modified SCG biochars,isotherm_pattern,Q_e_at_equilibrium_condition,Single,raw_label_retained,observed_zero_DOM_only_source_also_reports_5_mg_L,nonnegative_capacity,2.4_isotherm,source_order_candidate_pending_table_or_figure_confirmation,source methods and contiguous workbook block order; source table/figure row IDs are not available in the XML export
2000,Alkali-modified SCG biochars,isotherm_pattern,Q_e_at_equilibrium_condition,Competitive,analysis_copy_candidate_Competative_to_Competitive,observed_zero_DOM_only_source_also_reports_5_mg_L,nonnegative_capacity,2.4_isotherm,source_order_candidate_pending_table_or_figure_confirmation,source methods and contiguous workbook block order; source table/figure row IDs are not available in the XML export
2001,Alkali-modified SCG biochars,isotherm_pattern,Q_e_at_equilibrium_condition,Competitive,analysis_copy_candidate_Competative_to_Competitive,observed_zero_DOM_only_source_also_reports_5_mg_L,nonnegative_capacity,2.4_isotherm,source_order_candidate_pending_table_or_figure_confirmation,source methods and contiguous workbook block order; source table/figure row IDs are not available in the XML export
2002,Alkali-modified SCG biochars,isotherm_pattern,Q_e_at_equilibrium_condition,Competitive,analysis_copy_candidate_Competative_to_Competitive,observed_zero_DOM_only_source_also_reports_5_mg_L,nonnegative_capacity,2.4_isotherm,source_order_candidate_pending_table_or_figure_confirmation,source methods and contiguous workbook block order; source table/figure row IDs are not available in the XML export
2003,Alkali-modified SCG biochars,isotherm_pattern,Q_e_at_equilibrium_condition,Competitive,analysis_copy_candidate_Competative_to_Competitive,observed_zero_DOM_only_source_also_reports_5_mg_L,nonnegative_capacity,2.4_isotherm,source_order_candidate_pending_table_or_figure_confirmation,source methods and contiguous workbook block order; source table/figure row IDs are not available in the XML export
2004,Alkali-modified SCG biochars,isotherm_pattern,Q_e_at_equilibrium_condition,Competitive,analysis_copy_candidate_Competative_to_Competitive,observed_zero_DOM_only_source_also_reports_5_mg_L,nonnegative_capacity,2.4_isotherm,source_order_candidate_pending_table_or_figure_confirmation,source methods and contiguous workbook block order; source table/figure row IDs are not available in the XML export
2005,Alkali-modified SCG biochars,isotherm_pattern,Q_e_at_equilibrium_condition,Competitive,analysis_copy_candidate_Competative_to_Competitive,observed_zero_DOM_only_source_also_reports_5_mg_L,nonnegative_capacity,2.4_isotherm,source_order_candidate_pending_table_or_figure_confirmation,source methods and contiguous workbook block order; source table/figure row IDs are not available in the XML export
2006,Alkali-modified SCG biochars,isotherm_pattern,Q_e_at_equilibrium_condition,Competitive,analysis_copy_candidate_Competative_to_Competitive,observed_zero_DOM_only_source_also_reports_5_mg_L,nonnegative_capacity,2.4_isotherm,source_order_candidate_pending_table_or_figure_confirmation,source methods and contiguous workbook block order; source table/figure row IDs are not available in the XML export
2007,Alkali-modified SCG biochars,isotherm_pattern,Q_e_at_equilibrium_condition,Competitive,analysis_copy_candidate_Competative_to_Competitive,observed_zero_DOM_only_source_also_reports_5_mg_L,nonnegative_capacity,2.4_isotherm,source_order_candidate_pending_table_or_figure_confirmation,source methods and contiguous workbook block order; source table/figure row IDs are not available in the XML export
2008,Alkali-modified SCG biochars,isotherm_pattern,Q_e_at_equilibrium_condition,Competitive,analysis_copy_candidate_Competative_to_Competitive,observed_zero_DOM_only_source_also_reports_5_mg_L,nonnegative_capacity,2.4_isotherm,source_order_candidate_pending_table_or_figure_confirmation,source methods and contiguous workbook block order; source table/figure row IDs are not available in the XML export
2009,Alkali-modified SCG biochars,isotherm_pattern,Q_e_at_equilibrium_condition,Competitive,analysis_copy_candidate_Competative_to_Competitive,observed_zero_DOM_only_source_also_reports_5_mg_L,nonnegative_capacity,2.4_isotherm,source_order_candidate_pending_table_or_figure_confirmation,source methods and contiguous workbook block order; source table/figure row IDs are not available in the XML export
2010,Alkali-modified SCG biochars,isotherm_pattern,Q_e_at_equilibrium_condition,Competitive,analysis_copy_candidate_Competative_to_Competitive,observed_zero_DOM_only_source_also_reports_5_mg_L,nonnegative_capacity,2.4_isotherm,source_order_candidate_pending_table_or_figure_confirmation,source methods and contiguous workbook block order; source table/figure row IDs are not available in the XML export
2011,Alkali-modified SCG biochars,isotherm_pattern,Q_e_at_equilibrium_condition,Competitive,analysis_copy_candidate_Competative_to_Competitive,observed_zero_DOM_only_source_also_reports_5_mg_L,nonnegative_capacity,2.4_isotherm,source_order_candidate_pending_table_or_figure_confirmation,source methods and contiguous workbook block order; source table/figure row IDs are not available in the XML export
2012,Alkali-modified SCG biochars,isotherm_pattern,Q_e_at_equilibrium_condition,Competitive,analysis_copy_candidate_Competative_to_Competitive,observed_zero_DOM_only_source_also_reports_5_mg_L,nonnegative_capacity,2.4_isotherm,source_order_candidate_pending_table_or_figure_confirmation,source methods and contiguous workbook block order; source table/figure row IDs are not available in the XML export
2013,Alkali-modified SCG biochars,isotherm_pattern,Q_e_at_equilibrium_condition,Competitive,analysis_copy_candidate_Competative_to_Competitive,observed_zero_DOM_only_source_also_reports_5_mg_L,nonnegative_capacity,2.4_isotherm,source_order_candidate_pending_table_or_figure_confirmation,source methods and contiguous workbook block order; source table/figure row IDs are not available in the XML export
2014,Alkali-modified SCG biochars,isotherm_pattern,Q_e_at_equilibrium_condition,Competitive,analysis_copy_candidate_Competative_to_Competitive,observed_zero_DOM_only_source_also_reports_5_mg_L,nonnegative_capacity,2.4_isotherm,source_order_candidate_pending_table_or_figure_confirmation,source methods and contiguous workbook block order; source table/figure row IDs are not available in the XML export
2015,Alkali-modified SCG biochars,isotherm_pattern,Q_e_at_equilibrium_condition,Competitive,analysis_copy_candidate_Competative_to_Competitive,observed_zero_DOM_only_source_also_reports_5_mg_L,nonnegative_capacity,2.4_isotherm,source_order_candidate_pending_table_or_figure_confirmation,source methods and contiguous workbook block order; source table/figure row IDs are not available in the XML export
2016,Alkali-modified SCG biochars,isotherm_pattern,Q_e_at_equilibrium_condition,Competitive,analysis_copy_candidate_Competative_to_Competitive,observed_zero_DOM_only_source_also_reports_5_mg_L,nonnegative_capacity,2.4_isotherm,source_order_candidate_pending_table_or_figure_confirmation,source methods and contiguous workbook block order; source table/figure row IDs are not available in the XML export
2017,Alkali-modified SCG biochars,isotherm_pattern,Q_e_at_equilibrium_condition,Competitive,analysis_copy_candidate_Competative_to_Competitive,observed_zero_DOM_only_source_also_reports_5_mg_L,nonnegative_capacity,2.4_isotherm,source_order_candidate_pending_table_or_figure_confirmation,source methods and contiguous workbook block order; source table/figure row IDs are not available in the XML export
2018,Alkali-modified SCG biochars,isotherm_pattern,Q_e_at_equilibrium_condition,Competitive,analysis_copy_candidate_Competative_to_Competitive,observed_zero_DOM_only_source_also_reports_5_mg_L,nonnegative_capacity,2.4_isotherm,source_order_candidate_pending_table_or_figure_confirmation,source methods and contiguous workbook block order; source table/figure row IDs are not available in the XML export
2019,Alkali-modified SCG biochars,isotherm_pattern,Q_e_at_equilibrium_condition,Competitive,analysis_copy_candidate_Competative_to_Competitive,observed_zero_DOM_only_source_also_reports_5_mg_L,nonnegative_capacity,2.4_isotherm,source_order_candidate_pending_table_or_figure_confirmation,source methods and contiguous workbook block order; source table/figure row IDs are not available in the XML export
2020,Alkali-modified SCG biochars,isotherm_pattern,Q_e_at_equilibrium_condition,Competitive,analysis_copy_candidate_Competative_to_Competitive,observed_zero_DOM_only_source_also_reports_5_mg_L,nonnegative_capacity,2.4_isotherm,source_order_candidate_pending_table_or_figure_confirmation,source methods and contiguous workbook block order; source table/figure row IDs are not available in the XML export
2021,Alkali-modified SCG biochars,isotherm_pattern,Q_e_at_equilibrium_condition,Competitive,analysis_copy_candidate_Competative_to_Competitive,observed_zero_DOM_only_source_also_reports_5_mg_L,nonnegative_capacity,2.4_isotherm,source_order_candidate_pending_table_or_figure_confirmation,source methods and contiguous workbook block order; source table/figure row IDs are not available in the XML export
2022,Alkali-modified SCG biochars,isotherm_pattern,Q_e_at_equilibrium_condition,Competitive,analysis_copy_candidate_Competative_to_Competitive,observed_zero_DOM_only_source_also_reports_5_mg_L,nonnegative_capacity,2.4_isotherm,source_order_candidate_pending_table_or_figure_confirmation,source methods and contiguous workbook block order; source table/figure row IDs are not available in the XML export
2023,Alkali-modified SCG biochars,isotherm_pattern,Q_e_at_equilibrium_condition,Competitive,analysis_copy_candidate_Competative_to_Competitive,observed_zero_DOM_only_source_also_reports_5_mg_L,nonnegative_capacity,2.4_isotherm,source_order_candidate_pending_table_or_figure_confirmation,source methods and contiguous workbook block order; source table/figure row IDs are not available in the XML export
2024,Alkali-modified SCG biochars,isotherm_pattern,Q_e_at_equilibrium_condition,Competitive,analysis_copy_candidate_Competative_to_Competitive,observed_zero_DOM_only_source_also_reports_5_mg_L,nonnegative_capacity,2.4_isotherm,source_order_candidate_pending_table_or_figure_confirmation,source methods and contiguous workbook block order; source table/figure row IDs are not available in the XML export
2025,Alkali-modified SCG biochars,isotherm_pattern,Q_e_at_equilibrium_condition,Competitive,analysis_copy_candidate_Competative_to_Competitive,observed_zero_DOM_only_source_also_reports_5_mg_L,nonnegative_capacity,2.4_isotherm,source_order_candidate_pending_table_or_figure_confirmation,source methods and contiguous workbook block order; source table/figure row IDs are not available in the XML export
2026,Alkali-modified SCG biochars,isotherm_pattern,Q_e_at_equilibrium_condition,Competitive,analysis_copy_candidate_Competative_to_Competitive,observed_zero_DOM_only_source_also_reports_5_mg_L,nonnegative_capacity,2.4_isotherm,source_order_candidate_pending_table_or_figure_confirmation,source methods and contiguous workbook block order; source table/figure row IDs are not available in the XML export
2027,Alkali-modified SCG biochars,isotherm_pattern,Q_e_at_equilibrium_condition,Competitive,analysis_copy_candidate_Competative_to_Competitive,observed_zero_DOM_only_source_also_reports_5_mg_L,nonnegative_capacity,2.4_isotherm,source_order_candidate_pending_table_or_figure_confirmation,source methods and contiguous workbook block order; source table/figure row IDs are not available in the XML export
2028,Alkali-modified SCG biochars,isotherm_pattern,Q_e_at_equilibrium_condition,Competitive,analysis_copy_candidate_Competative_to_Competitive,observed_zero_DOM_only_source_also_reports_5_mg_L,nonnegative_capacity,2.4_isotherm,source_order_candidate_pending_table_or_figure_confirmation,source methods and contiguous workbook block order; source table/figure row IDs are not available in the XML export
2029,Alkali-modified SCG biochars,isotherm_pattern,Q_e_at_equilibrium_condition,Competitive,analysis_copy_candidate_Competative_to_Competitive,observed_zero_DOM_only_source_also_reports_5_mg_L,nonnegative_capacity,2.4_isotherm,source_order_candidate_pending_table_or_figure_confirmation,source methods and contiguous workbook block order; source table/figure row IDs are not available in the XML export
2030,Alkali-modified SCG biochars,isotherm_pattern,Q_e_at_equilibrium_condition,Competitive,analysis_copy_candidate_Competative_to_Competitive,observed_zero_DOM_only_source_also_reports_5_mg_L,nonnegative_capacity,2.4_isotherm,source_order_candidate_pending_table_or_figure_confirmation,source methods and contiguous workbook block order; source table/figure row IDs are not available in the XML export
2031,Alkali-modified SCG biochars,isotherm_pattern,Q_e_at_equilibrium_condition,Competitive,analysis_copy_candidate_Competative_to_Competitive,observed_zero_DOM_only_source_also_reports_5_mg_L,nonnegative_capacity,2.4_isotherm,source_order_candidate_pending_table_or_figure_confirmation,source methods and contiguous workbook block order; source table/figure row IDs are not available in the XML export
2032,Alkali-modified SCG biochars,isotherm_pattern,Q_e_at_equilibrium_condition,Competitive,analysis_copy_candidate_Competative_to_Competitive,observed_zero_DOM_only_source_also_reports_5_mg_L,nonnegative_capacity,2.4_isotherm,source_order_candidate_pending_table_or_figure_confirmation,source methods and contiguous workbook block order; source table/figure row IDs are not available in the XML export
2033,Alkali-modified SCG biochars,isotherm_pattern,Q_e_at_equilibrium_condition,Competitive,analysis_copy_candidate_Competative_to_Competitive,observed_zero_DOM_only_source_also_reports_5_mg_L,nonnegative_capacity,2.4_isotherm,source_order_candidate_pending_table_or_figure_confirmation,source methods and contiguous workbook block order; source table/figure row IDs are not available in the XML export
2034,Alkali-modified SCG biochars,isotherm_pattern,Q_e_at_equilibrium_condition,Competitive,analysis_copy_candidate_Competative_to_Competitive,observed_zero_DOM_only_source_also_reports_5_mg_L,nonnegative_capacity,2.4_isotherm,source_order_candidate_pending_table_or_figure_confirmation,source methods and contiguous workbook block order; source table/figure row IDs are not available in the XML export
2035,Alkali-modified SCG biochars,isotherm_pattern,Q_e_at_equilibrium_condition,Competitive,analysis_copy_candidate_Competative_to_Competitive,observed_zero_DOM_only_source_also_reports_5_mg_L,nonnegative_capacity,2.4_isotherm,source_order_candidate_pending_table_or_figure_confirmation,source methods and contiguous workbook block order; source table/figure row IDs are not available in the XML export
2036,Alkali-modified SCG biochars,isotherm_pattern,Q_e_at_equilibrium_condition,Competitive,analysis_copy_candidate_Competative_to_Competitive,observed_zero_DOM_only_source_also_reports_5_mg_L,nonnegative_capacity,2.4_isotherm,source_order_candidate_pending_table_or_figure_confirmation,source methods and contiguous workbook block order; source table/figure row IDs are not available in the XML export
2037,Alkali-modified SCG biochars,isotherm_pattern,Q_e_at_equilibrium_condition,Competitive,analysis_copy_candidate_Competative_to_Competitive,observed_zero_DOM_only_source_also_reports_5_mg_L,nonnegative_capacity,2.4_isotherm,source_order_candidate_pending_table_or_figure_confirmation,source methods and contiguous workbook block order; source table/figure row IDs are not available in the XML export
2038,Alkali-modified SCG biochars,isotherm_pattern,Q_e_at_equilibrium_condition,Competitive,analysis_copy_candidate_Competative_to_Competitive,observed_zero_DOM_only_source_also_reports_5_mg_L,nonnegative_capacity,2.4_isotherm,source_order_candidate_pending_table_or_figure_confirmation,source methods and contiguous workbook block order; source table/figure row IDs are not available in the XML export
2039,Alkali-modified SCG biochars,isotherm_pattern,Q_e_at_equilibrium_condition,Competitive,analysis_copy_candidate_Competative_to_Competitive,observed_zero_DOM_only_source_also_reports_5_mg_L,nonnegative_capacity,2.4_isotherm,source_order_candidate_pending_table_or_figure_confirmation,source methods and contiguous workbook block order; source table/figure row IDs are not available in the XML export
2040,Alkali-modified SCG biochars,isotherm_pattern,Q_e_at_equilibrium_condition,Competitive,analysis_copy_candidate_Competative_to_Competitive,observed_zero_DOM_only_source_also_reports_5_mg_L,nonnegative_capacity,2.4_isotherm,source_order_candidate_pending_table_or_figure_confirmation,source methods and contiguous workbook block order; source table/figure row IDs are not available in the XML export
2041,Alkali-modified SCG biochars,isotherm_pattern,Q_e_at_equilibrium_condition,Competitive,analysis_copy_candidate_Competative_to_Competitive,observed_zero_DOM_only_source_also_reports_5_mg_L,nonnegative_capacity,2.4_isotherm,source_order_candidate_pending_table_or_figure_confirmation,source methods and contiguous workbook block order; source table/figure row IDs are not available in the XML export
2042,Alkali-modified SCG biochars,isotherm_pattern,Q_e_at_equilibrium_condition,Competitive,analysis_copy_candidate_Competative_to_Competitive,observed_zero_DOM_only_source_also_reports_5_mg_L,nonnegative_capacity,2.4_isotherm,source_order_candidate_pending_table_or_figure_confirmation,source methods and contiguous workbook block order; source table/figure row IDs are not available in the XML export
2043,Alkali-modified SCG biochars,isotherm_pattern,Q_e_at_equilibrium_condition,Competitive,analysis_copy_candidate_Competative_to_Competitive,observed_zero_DOM_only_source_also_reports_5_mg_L,nonnegative_capacity,2.4_isotherm,source_order_candidate_pending_table_or_figure_confirmation,source methods and contiguous workbook block order; source table/figure row IDs are not available in the XML export
2044,Alkali-modified SCG biochars,isotherm_pattern,Q_e_at_equilibrium_condition,Competitive,analysis_copy_candidate_Competative_to_Competitive,observed_zero_DOM_only_source_also_reports_5_mg_L,nonnegative_capacity,2.4_isotherm,source_order_candidate_pending_table_or_figure_confirmation,source methods and contiguous workbook block order; source table/figure row IDs are not available in the XML export
2045,Alkali-modified SCG biochars,isotherm_pattern,Q_e_at_equilibrium_condition,Competitive,analysis_copy_candidate_Competative_to_Competitive,observed_zero_DOM_only_source_also_reports_5_mg_L,nonnegative_capacity,2.4_isotherm,source_order_candidate_pending_table_or_figure_confirmation,source methods and contiguous workbook block order; source table/figure row IDs are not available in the XML export
2046,Alkali-modified SCG biochars,isotherm_pattern,Q_e_at_equilibrium_condition,Competitive,analysis_copy_candidate_Competative_to_Competitive,observed_zero_DOM_only_source_also_reports_5_mg_L,nonnegative_capacity,2.4_isotherm,source_order_candidate_pending_table_or_figure_confirmation,source methods and contiguous workbook block order; source table/figure row IDs are not available in the XML export
2047,Alkali-modified SCG biochars,isotherm_pattern,Q_e_at_equilibrium_condition,Competitive,analysis_copy_candidate_Competative_to_Competitive,observed_zero_DOM_only_source_also_reports_5_mg_L,nonnegative_capacity,2.4_isotherm,source_order_candidate_pending_table_or_figure_confirmation,source methods and contiguous workbook block order; source table/figure row IDs are not available in the XML export
2048,Alkali-modified SCG biochars,isotherm_pattern,Q_e_at_equilibrium_condition,Competitive,analysis_copy_candidate_Competative_to_Competitive,observed_zero_DOM_only_source_also_reports_5_mg_L,nonnegative_capacity,2.4_isotherm,source_order_candidate_pending_table_or_figure_confirmation,source methods and contiguous workbook block order; source table/figure row IDs are not available in the XML export
2049,Alkali-modified SCG biochars,isotherm_pattern,Q_e_at_equilibrium_condition,Competitive,analysis_copy_candidate_Competative_to_Competitive,observed_zero_DOM_only_source_also_reports_5_mg_L,nonnegative_capacity,2.4_isotherm,source_order_candidate_pending_table_or_figure_confirmation,source methods and contiguous workbook block order; source table/figure row IDs are not available in the XML export
2050,Alkali-modified SCG biochars,isotherm_pattern,Q_e_at_equilibrium_condition,Competitive,analysis_copy_candidate_Competative_to_Competitive,observed_zero_DOM_only_source_also_reports_5_mg_L,nonnegative_capacity,2.4_isotherm,source_order_candidate_pending_table_or_figure_confirmation,source methods and contiguous workbook block order; source table/figure row IDs are not available in the XML export
2051,Alkali-modified SCG biochars,isotherm_pattern,Q_e_at_equilibrium_condition,Competitive,analysis_copy_candidate_Competative_to_Competitive,observed_zero_DOM_only_source_also_reports_5_mg_L,nonnegative_capacity,2.4_isotherm,source_order_candidate_pending_table_or_figure_confirmation,source methods and contiguous workbook block order; source table/figure row IDs are not available in the XML export
2052,Alkali-modified SCG biochars,isotherm_pattern,Q_e_at_equilibrium_condition,Competitive,analysis_copy_candidate_Competative_to_Competitive,observed_zero_DOM_only_source_also_reports_5_mg_L,nonnegative_capacity,2.4_isotherm,source_order_candidate_pending_table_or_figure_confirmation,source methods and contiguous workbook block order; source table/figure row IDs are not available in the XML export
2053,Alkali-modified SCG biochars,isotherm_pattern,Q_e_at_equilibrium_condition,Competitive,analysis_copy_candidate_Competative_to_Competitive,observed_zero_DOM_only_source_also_reports_5_mg_L,nonnegative_capacity,2.4_isotherm,source_order_candidate_pending_table_or_figure_confirmation,source methods and contiguous workbook block order; source table/figure row IDs are not available in the XML export
2054,Alkali-modified SCG biochars,kinetics_pattern,Q_t_at_recorded_contact_time,Single,raw_label_retained,observed_zero_DOM_only_source_also_reports_5_mg_L,nonnegative_capacity,2.4_kinetics,source_order_candidate_pending_table_or_figure_confirmation,source methods and contiguous workbook block order; source table/figure row IDs are not available in the XML export
2055,Alkali-modified SCG biochars,kinetics_pattern,Q_t_at_recorded_contact_time,Single,raw_label_retained,observed_zero_DOM_only_source_also_reports_5_mg_L,nonnegative_capacity,2.4_kinetics,source_order_candidate_pending_table_or_figure_confirmation,source methods and contiguous workbook block order; source table/figure row IDs are not available in the XML export
2056,Alkali-modified SCG biochars,kinetics_pattern,Q_t_at_recorded_contact_time,Single,raw_label_retained,observed_zero_DOM_only_source_also_reports_5_mg_L,nonnegative_capacity,2.4_kinetics,source_order_candidate_pending_table_or_figure_confirmation,source methods and contiguous workbook block order; source table/figure row IDs are not available in the XML export
2057,Alkali-modified SCG biochars,kinetics_pattern,Q_t_at_recorded_contact_time,Single,raw_label_retained,observed_zero_DOM_only_source_also_reports_5_mg_L,nonnegative_capacity,2.4_kinetics,source_order_candidate_pending_table_or_figure_confirmation,source methods and contiguous workbook block order; source table/figure row IDs are not available in the XML export
2058,Alkali-modified SCG biochars,kinetics_pattern,Q_t_at_recorded_contact_time,Single,raw_label_retained,observed_zero_DOM_only_source_also_reports_5_mg_L,nonnegative_capacity,2.4_kinetics,source_order_candidate_pending_table_or_figure_confirmation,source methods and contiguous workbook block order; source table/figure row IDs are not available in the XML export
2059,Alkali-modified SCG biochars,kinetics_pattern,Q_t_at_recorded_contact_time,Single,raw_label_retained,observed_zero_DOM_only_source_also_reports_5_mg_L,nonnegative_capacity,2.4_kinetics,source_order_candidate_pending_table_or_figure_confirmation,source methods and contiguous workbook block order; source table/figure row IDs are not available in the XML export
2060,Alkali-modified SCG biochars,kinetics_pattern,Q_t_at_recorded_contact_time,Single,raw_label_retained,observed_zero_DOM_only_source_also_reports_5_mg_L,nonnegative_capacity,2.4_kinetics,source_order_candidate_pending_table_or_figure_confirmation,source methods and contiguous workbook block order; source table/figure row IDs are not available in the XML export
2061,Alkali-modified SCG biochars,kinetics_pattern,Q_t_at_recorded_contact_time,Single,raw_label_retained,observed_zero_DOM_only_source_also_reports_5_mg_L,nonnegative_capacity,2.4_kinetics,source_order_candidate_pending_table_or_figure_confirmation,source methods and contiguous workbook block order; source table/figure row IDs are not available in the XML export
2062,Alkali-modified SCG biochars,kinetics_pattern,Q_t_at_recorded_contact_time,Single,raw_label_retained,observed_zero_DOM_only_source_also_reports_5_mg_L,nonnegative_capacity,2.4_kinetics,source_order_candidate_pending_table_or_figure_confirmation,source methods and contiguous workbook block order; source table/figure row IDs are not available in the XML export
2063,Alkali-modified SCG biochars,kinetics_pattern,Q_t_at_recorded_contact_time,Single,raw_label_retained,observed_zero_DOM_only_source_also_reports_5_mg_L,nonnegative_capacity,2.4_kinetics,source_order_candidate_pending_table_or_figure_confirmation,source methods and contiguous workbook block order; source table/figure row IDs are not available in the XML export
2064,Alkali-modified SCG biochars,kinetics_pattern,Q_t_at_recorded_contact_time,Single,raw_label_retained,observed_zero_DOM_only_source_also_reports_5_mg_L,nonnegative_capacity,2.4_kinetics,source_order_candidate_pending_table_or_figure_confirmation,source methods and contiguous workbook block order; source table/figure row IDs are not available in the XML export
2065,Alkali-modified SCG biochars,kinetics_pattern,Q_t_at_recorded_contact_time,Single,raw_label_retained,observed_zero_DOM_only_source_also_reports_5_mg_L,nonnegative_capacity,2.4_kinetics,source_order_candidate_pending_table_or_figure_confirmation,source methods and contiguous workbook block order; source table/figure row IDs are not available in the XML export
2066,Alkali-modified SCG biochars,kinetics_pattern,Q_t_at_recorded_contact_time,Single,raw_label_retained,observed_zero_DOM_only_source_also_reports_5_mg_L,nonnegative_capacity,2.4_kinetics,source_order_candidate_pending_table_or_figure_confirmation,source methods and contiguous workbook block order; source table/figure row IDs are not available in the XML export
2067,Alkali-modified SCG biochars,kinetics_pattern,Q_t_at_recorded_contact_time,Single,raw_label_retained,observed_zero_DOM_only_source_also_reports_5_mg_L,nonnegative_capacity,2.4_kinetics,source_order_candidate_pending_table_or_figure_confirmation,source methods and contiguous workbook block order; source table/figure row IDs are not available in the XML export
2068,Alkali-modified SCG biochars,kinetics_pattern,Q_t_at_recorded_contact_time,Single,raw_label_retained,observed_zero_DOM_only_source_also_reports_5_mg_L,nonnegative_capacity,2.4_kinetics,source_order_candidate_pending_table_or_figure_confirmation,source methods and contiguous workbook block order; source table/figure row IDs are not available in the XML export
2069,Alkali-modified SCG biochars,kinetics_pattern,Q_t_at_recorded_contact_time,Single,raw_label_retained,observed_zero_DOM_only_source_also_reports_5_mg_L,nonnegative_capacity,2.4_kinetics,source_order_candidate_pending_table_or_figure_confirmation,source methods and contiguous workbook block order; source table/figure row IDs are not available in the XML export
2070,Alkali-modified SCG biochars,kinetics_pattern,Q_t_at_recorded_contact_time,Single,raw_label_retained,observed_zero_DOM_only_source_also_reports_5_mg_L,nonnegative_capacity,2.4_kinetics,source_order_candidate_pending_table_or_figure_confirmation,source methods and contiguous workbook block order; source table/figure row IDs are not available in the XML export
2071,Alkali-modified SCG biochars,kinetics_pattern,Q_t_at_recorded_contact_time,Single,raw_label_retained,observed_zero_DOM_only_source_also_reports_5_mg_L,nonnegative_capacity,2.4_kinetics,source_order_candidate_pending_table_or_figure_confirmation,source methods and contiguous workbook block order; source table/figure row IDs are not available in the XML export
2072,Alkali-modified SCG biochars,kinetics_pattern,Q_t_at_recorded_contact_time,Single,raw_label_retained,observed_zero_DOM_only_source_also_reports_5_mg_L,nonnegative_capacity,2.4_kinetics,source_order_candidate_pending_table_or_figure_confirmation,source methods and contiguous workbook block order; source table/figure row IDs are not available in the XML export
2073,Alkali-modified SCG biochars,kinetics_pattern,Q_t_at_recorded_contact_time,Single,raw_label_retained,observed_zero_DOM_only_source_also_reports_5_mg_L,nonnegative_capacity,2.4_kinetics,source_order_candidate_pending_table_or_figure_confirmation,source methods and contiguous workbook block order; source table/figure row IDs are not available in the XML export
2074,Alkali-modified SCG biochars,kinetics_pattern,Q_t_at_recorded_contact_time,Single,raw_label_retained,observed_zero_DOM_only_source_also_reports_5_mg_L,nonnegative_capacity,2.4_kinetics,source_order_candidate_pending_table_or_figure_confirmation,source methods and contiguous workbook block order; source table/figure row IDs are not available in the XML export
2075,Alkali-modified SCG biochars,kinetics_pattern,Q_t_at_recorded_contact_time,Single,raw_label_retained,observed_zero_DOM_only_source_also_reports_5_mg_L,nonnegative_capacity,2.4_kinetics,source_order_candidate_pending_table_or_figure_confirmation,source methods and contiguous workbook block order; source table/figure row IDs are not available in the XML export
2076,Alkali-modified SCG biochars,kinetics_pattern,Q_t_at_recorded_contact_time,Single,raw_label_retained,observed_zero_DOM_only_source_also_reports_5_mg_L,nonnegative_capacity,2.4_kinetics,source_order_candidate_pending_table_or_figure_confirmation,source methods and contiguous workbook block order; source table/figure row IDs are not available in the XML export
2077,Alkali-modified SCG biochars,kinetics_pattern,Q_t_at_recorded_contact_time,Single,raw_label_retained,observed_zero_DOM_only_source_also_reports_5_mg_L,nonnegative_capacity,2.4_kinetics,source_order_candidate_pending_table_or_figure_confirmation,source methods and contiguous workbook block order; source table/figure row IDs are not available in the XML export
2078,Alkali-modified SCG biochars,kinetics_pattern,Q_t_at_recorded_contact_time,Single,raw_label_retained,observed_zero_DOM_only_source_also_reports_5_mg_L,nonnegative_capacity,2.4_kinetics,source_order_candidate_pending_table_or_figure_confirmation,source methods and contiguous workbook block order; source table/figure row IDs are not available in the XML export
2079,Alkali-modified SCG biochars,kinetics_pattern,Q_t_at_recorded_contact_time,Single,raw_label_retained,observed_zero_DOM_only_source_also_reports_5_mg_L,nonnegative_capacity,2.4_kinetics,source_order_candidate_pending_table_or_figure_confirmation,source methods and contiguous workbook block order; source table/figure row IDs are not available in the XML export
2080,Alkali-modified SCG biochars,kinetics_pattern,Q_t_at_recorded_contact_time,Single,raw_label_retained,observed_zero_DOM_only_source_also_reports_5_mg_L,nonnegative_capacity,2.4_kinetics,source_order_candidate_pending_table_or_figure_confirmation,source methods and contiguous workbook block order; source table/figure row IDs are not available in the XML export
2081,Alkali-modified SCG biochars,kinetics_pattern,Q_t_at_recorded_contact_time,Single,raw_label_retained,observed_zero_DOM_only_source_also_reports_5_mg_L,nonnegative_capacity,2.4_kinetics,source_order_candidate_pending_table_or_figure_confirmation,source methods and contiguous workbook block order; source table/figure row IDs are not available in the XML export
2082,Alkali-modified SCG biochars,kinetics_pattern,Q_t_at_recorded_contact_time,Single,raw_label_retained,observed_zero_DOM_only_source_also_reports_5_mg_L,nonnegative_capacity,2.4_kinetics,source_order_candidate_pending_table_or_figure_confirmation,source methods and contiguous workbook block order; source table/figure row IDs are not available in the XML export
2083,Alkali-modified SCG biochars,kinetics_pattern,Q_t_at_recorded_contact_time,Single,raw_label_retained,observed_zero_DOM_only_source_also_reports_5_mg_L,nonnegative_capacity,2.4_kinetics,source_order_candidate_pending_table_or_figure_confirmation,source methods and contiguous workbook block order; source table/figure row IDs are not available in the XML export
2084,Alkali-modified SCG biochars,kinetics_pattern,Q_t_at_recorded_contact_time,Single,raw_label_retained,observed_zero_DOM_only_source_also_reports_5_mg_L,nonnegative_capacity,2.4_kinetics,source_order_candidate_pending_table_or_figure_confirmation,source methods and contiguous workbook block order; source table/figure row IDs are not available in the XML export
2085,Alkali-modified SCG biochars,kinetics_pattern,Q_t_at_recorded_contact_time,Single,raw_label_retained,observed_zero_DOM_only_source_also_reports_5_mg_L,nonnegative_capacity,2.4_kinetics,source_order_candidate_pending_table_or_figure_confirmation,source methods and contiguous workbook block order; source table/figure row IDs are not available in the XML export
2086,Alkali-modified SCG biochars,kinetics_pattern,Q_t_at_recorded_contact_time,Single,raw_label_retained,observed_zero_DOM_only_source_also_reports_5_mg_L,nonnegative_capacity,2.4_kinetics,source_order_candidate_pending_table_or_figure_confirmation,source methods and contiguous workbook block order; source table/figure row IDs are not available in the XML export
2087,Alkali-modified SCG biochars,kinetics_pattern,Q_t_at_recorded_contact_time,Single,raw_label_retained,observed_zero_DOM_only_source_also_reports_5_mg_L,nonnegative_capacity,2.4_kinetics,source_order_candidate_pending_table_or_figure_confirmation,source methods and contiguous workbook block order; source table/figure row IDs are not available in the XML export
2088,Alkali-modified SCG biochars,kinetics_pattern,Q_t_at_recorded_contact_time,Single,raw_label_retained,observed_zero_DOM_only_source_also_reports_5_mg_L,nonnegative_capacity,2.4_kinetics,source_order_candidate_pending_table_or_figure_confirmation,source methods and contiguous workbook block order; source table/figure row IDs are not available in the XML export
2089,Alkali-modified SCG biochars,kinetics_pattern,Q_t_at_recorded_contact_time,Single,raw_label_retained,observed_zero_DOM_only_source_also_reports_5_mg_L,nonnegative_capacity,2.4_kinetics,source_order_candidate_pending_table_or_figure_confirmation,source methods and contiguous workbook block order; source table/figure row IDs are not available in the XML export
2090,Alkali-modified SCG biochars,kinetics_pattern,Q_t_at_recorded_contact_time,Single,raw_label_retained,observed_zero_DOM_only_source_also_reports_5_mg_L,nonnegative_capacity,2.4_kinetics,source_order_candidate_pending_table_or_figure_confirmation,source methods and contiguous workbook block order; source table/figure row IDs are not available in the XML export
2091,Alkali-modified SCG biochars,kinetics_pattern,Q_t_at_recorded_contact_time,Single,raw_label_retained,observed_zero_DOM_only_source_also_reports_5_mg_L,nonnegative_capacity,2.4_kinetics,source_order_candidate_pending_table_or_figure_confirmation,source methods and contiguous workbook block order; source table/figure row IDs are not available in the XML export
2092,Alkali-modified SCG biochars,kinetics_pattern,Q_t_at_recorded_contact_time,Single,raw_label_retained,observed_zero_DOM_only_source_also_reports_5_mg_L,nonnegative_capacity,2.4_kinetics,source_order_candidate_pending_table_or_figure_confirmation,source methods and contiguous workbook block order; source table/figure row IDs are not available in the XML export
2093,Alkali-modified SCG biochars,kinetics_pattern,Q_t_at_recorded_contact_time,Single,raw_label_retained,observed_zero_DOM_only_source_also_reports_5_mg_L,nonnegative_capacity,2.4_kinetics,source_order_candidate_pending_table_or_figure_confirmation,source methods and contiguous workbook block order; source table/figure row IDs are not available in the XML export
2094,Alkali-modified SCG biochars,kinetics_pattern,Q_t_at_recorded_contact_time,Single,raw_label_retained,observed_zero_DOM_only_source_also_reports_5_mg_L,nonnegative_capacity,2.4_kinetics,source_order_candidate_pending_table_or_figure_confirmation,source methods and contiguous workbook block order; source table/figure row IDs are not available in the XML export
2095,Alkali-modified SCG biochars,kinetics_pattern,Q_t_at_recorded_contact_time,Single,raw_label_retained,observed_zero_DOM_only_source_also_reports_5_mg_L,nonnegative_capacity,2.4_kinetics,source_order_candidate_pending_table_or_figure_confirmation,source methods and contiguous workbook block order; source table/figure row IDs are not available in the XML export
2096,Alkali-modified SCG biochars,kinetics_pattern,Q_t_at_recorded_contact_time,Single,raw_label_retained,observed_zero_DOM_only_source_also_reports_5_mg_L,nonnegative_capacity,2.4_kinetics,source_order_candidate_pending_table_or_figure_confirmation,source methods and contiguous workbook block order; source table/figure row IDs are not available in the XML export
2097,Alkali-modified SCG biochars,kinetics_pattern,Q_t_at_recorded_contact_time,Single,raw_label_retained,observed_zero_DOM_only_source_also_reports_5_mg_L,nonnegative_capacity,2.4_kinetics,source_order_candidate_pending_table_or_figure_confirmation,source methods and contiguous workbook block order; source table/figure row IDs are not available in the XML export
2098,Alkali-modified SCG biochars,kinetics_pattern,Q_t_at_recorded_contact_time,Single,raw_label_retained,observed_zero_DOM_only_source_also_reports_5_mg_L,nonnegative_capacity,2.4_kinetics,source_order_candidate_pending_table_or_figure_confirmation,source methods and contiguous workbook block order; source table/figure row IDs are not available in the XML export
2099,Alkali-modified SCG biochars,kinetics_pattern,Q_t_at_recorded_contact_time,Single,raw_label_retained,observed_zero_DOM_only_source_also_reports_5_mg_L,nonnegative_capacity,2.4_kinetics,source_order_candidate_pending_table_or_figure_confirmation,source methods and contiguous workbook block order; source table/figure row IDs are not available in the XML export
2100,Alkali-modified SCG biochars,kinetics_pattern,Q_t_at_recorded_contact_time,Single,raw_label_retained,observed_zero_DOM_only_source_also_reports_5_mg_L,nonnegative_capacity,2.4_kinetics,source_order_candidate_pending_table_or_figure_confirmation,source methods and contiguous workbook block order; source table/figure row IDs are not available in the XML export
2101,Alkali-modified SCG biochars,kinetics_pattern,Q_t_at_recorded_contact_time,Single,raw_label_retained,observed_zero_DOM_only_source_also_reports_5_mg_L,nonnegative_capacity,2.4_kinetics,source_order_candidate_pending_table_or_figure_confirmation,source methods and contiguous workbook block order; source table/figure row IDs are not available in the XML export
2102,Alkali-modified SCG biochars,kinetics_pattern,Q_t_at_recorded_contact_time,Single,raw_label_retained,observed_zero_DOM_only_source_also_reports_5_mg_L,nonnegative_capacity,2.4_kinetics,source_order_candidate_pending_table_or_figure_confirmation,source methods and contiguous workbook block order; source table/figure row IDs are not available in the XML export
2103,Alkali-modified SCG biochars,kinetics_pattern,Q_t_at_recorded_contact_time,Single,raw_label_retained,observed_zero_DOM_only_source_also_reports_5_mg_L,nonnegative_capacity,2.4_kinetics,source_order_candidate_pending_table_or_figure_confirmation,source methods and contiguous workbook block order; source table/figure row IDs are not available in the XML export
2104,Alkali-modified SCG biochars,kinetics_pattern,Q_t_at_recorded_contact_time,Single,raw_label_retained,observed_zero_DOM_only_source_also_reports_5_mg_L,nonnegative_capacity,2.4_kinetics,source_order_candidate_pending_table_or_figure_confirmation,source methods and contiguous workbook block order; source table/figure row IDs are not available in the XML export
2105,Alkali-modified SCG biochars,kinetics_pattern,Q_t_at_recorded_contact_time,Single,raw_label_retained,observed_zero_DOM_only_source_also_reports_5_mg_L,nonnegative_capacity,2.4_kinetics,source_order_candidate_pending_table_or_figure_confirmation,source methods and contiguous workbook block order; source table/figure row IDs are not available in the XML export
2106,Alkali-modified SCG biochars,kinetics_pattern,Q_t_at_recorded_contact_time,Single,raw_label_retained,observed_zero_DOM_only_source_also_reports_5_mg_L,nonnegative_capacity,2.4_kinetics,source_order_candidate_pending_table_or_figure_confirmation,source methods and contiguous workbook block order; source table/figure row IDs are not available in the XML export
2107,Alkali-modified SCG biochars,kinetics_pattern,Q_t_at_recorded_contact_time,Single,raw_label_retained,observed_zero_DOM_only_source_also_reports_5_mg_L,nonnegative_capacity,2.4_kinetics,source_order_candidate_pending_table_or_figure_confirmation,source methods and contiguous workbook block order; source table/figure row IDs are not available in the XML export
2108,Alkali-modified SCG biochars,kinetics_pattern,Q_t_at_recorded_contact_time,Single,raw_label_retained,observed_zero_DOM_only_source_also_reports_5_mg_L,nonnegative_capacity,2.4_kinetics,source_order_candidate_pending_table_or_figure_confirmation,source methods and contiguous workbook block order; source table/figure row IDs are not available in the XML export
2109,Alkali-modified SCG biochars,kinetics_pattern,Q_t_at_recorded_contact_time,Single,raw_label_retained,observed_zero_DOM_only_source_also_reports_5_mg_L,nonnegative_capacity,2.4_kinetics,source_order_candidate_pending_table_or_figure_confirmation,source methods and contiguous workbook block order; source table/figure row IDs are not available in the XML export
2110,Alkali-modified SCG biochars,kinetics_pattern,Q_t_at_recorded_contact_time,Single,raw_label_retained,observed_zero_DOM_only_source_also_reports_5_mg_L,nonnegative_capacity,2.4_kinetics,source_order_candidate_pending_table_or_figure_confirmation,source methods and contiguous workbook block order; source table/figure row IDs are not available in the XML export
2111,Alkali-modified SCG biochars,kinetics_pattern,Q_t_at_recorded_contact_time,Single,raw_label_retained,observed_zero_DOM_only_source_also_reports_5_mg_L,nonnegative_capacity,2.4_kinetics,source_order_candidate_pending_table_or_figure_confirmation,source methods and contiguous workbook block order; source table/figure row IDs are not available in the XML export
2112,Alkali-modified SCG biochars,kinetics_pattern,Q_t_at_recorded_contact_time,Single,raw_label_retained,observed_zero_DOM_only_source_also_reports_5_mg_L,nonnegative_capacity,2.4_kinetics,source_order_candidate_pending_table_or_figure_confirmation,source methods and contiguous workbook block order; source table/figure row IDs are not available in the XML export
2113,Alkali-modified SCG biochars,kinetics_pattern,Q_t_at_recorded_contact_time,Single,raw_label_retained,observed_zero_DOM_only_source_also_reports_5_mg_L,nonnegative_capacity,2.4_kinetics,source_order_candidate_pending_table_or_figure_confirmation,source methods and contiguous workbook block order; source table/figure row IDs are not available in the XML export
2114,Alkali-modified SCG biochars,kinetics_pattern,Q_t_at_recorded_contact_time,Single,raw_label_retained,observed_zero_DOM_only_source_also_reports_5_mg_L,nonnegative_capacity,2.4_kinetics,source_order_candidate_pending_table_or_figure_confirmation,source methods and contiguous workbook block order; source table/figure row IDs are not available in the XML export
2115,Alkali-modified SCG biochars,kinetics_pattern,Q_t_at_recorded_contact_time,Single,raw_label_retained,observed_zero_DOM_only_source_also_reports_5_mg_L,nonnegative_capacity,2.4_kinetics,source_order_candidate_pending_table_or_figure_confirmation,source methods and contiguous workbook block order; source table/figure row IDs are not available in the XML export
2116,Alkali-modified SCG biochars,kinetics_pattern,Q_t_at_recorded_contact_time,Single,raw_label_retained,observed_zero_DOM_only_source_also_reports_5_mg_L,nonnegative_capacity,2.4_kinetics,source_order_candidate_pending_table_or_figure_confirmation,source methods and contiguous workbook block order; source table/figure row IDs are not available in the XML export
2117,Alkali-modified SCG biochars,kinetics_pattern,Q_t_at_recorded_contact_time,Single,raw_label_retained,observed_zero_DOM_only_source_also_reports_5_mg_L,nonnegative_capacity,2.4_kinetics,source_order_candidate_pending_table_or_figure_confirmation,source methods and contiguous workbook block order; source table/figure row IDs are not available in the XML export
2118,Alkali-modified SCG biochars,kinetics_pattern,Q_t_at_recorded_contact_time,Single,raw_label_retained,observed_zero_DOM_only_source_also_reports_5_mg_L,nonnegative_capacity,2.4_kinetics,source_order_candidate_pending_table_or_figure_confirmation,source methods and contiguous workbook block order; source table/figure row IDs are not available in the XML export
2119,Alkali-modified SCG biochars,kinetics_pattern,Q_t_at_recorded_contact_time,Single,raw_label_retained,observed_zero_DOM_only_source_also_reports_5_mg_L,nonnegative_capacity,2.4_kinetics,source_order_candidate_pending_table_or_figure_confirmation,source methods and contiguous workbook block order; source table/figure row IDs are not available in the XML export
2120,Alkali-modified SCG biochars,kinetics_pattern,Q_t_at_recorded_contact_time,Single,raw_label_retained,observed_zero_DOM_only_source_also_reports_5_mg_L,nonnegative_capacity,2.4_kinetics,source_order_candidate_pending_table_or_figure_confirmation,source methods and contiguous workbook block order; source table/figure row IDs are not available in the XML export
2121,Alkali-modified SCG biochars,kinetics_pattern,Q_t_at_recorded_contact_time,Single,raw_label_retained,observed_zero_DOM_only_source_also_reports_5_mg_L,nonnegative_capacity,2.4_kinetics,source_order_candidate_pending_table_or_figure_confirmation,source methods and contiguous workbook block order; source table/figure row IDs are not available in the XML export
2122,Alkali-modified SCG biochars,kinetics_pattern,Q_t_at_recorded_contact_time,Single,raw_label_retained,observed_zero_DOM_only_source_also_reports_5_mg_L,nonnegative_capacity,2.4_kinetics,source_order_candidate_pending_table_or_figure_confirmation,source methods and contiguous workbook block order; source table/figure row IDs are not available in the XML export
2123,Alkali-modified SCG biochars,kinetics_pattern,Q_t_at_recorded_contact_time,Competitive,analysis_copy_candidate_Competative_to_Competitive,observed_zero_DOM_only_source_also_reports_5_mg_L,nonnegative_capacity,2.4_kinetics,source_order_candidate_pending_table_or_figure_confirmation,source methods and contiguous workbook block order; source table/figure row IDs are not available in the XML export
2124,Alkali-modified SCG biochars,kinetics_pattern,Q_t_at_recorded_contact_time,Competitive,analysis_copy_candidate_Competative_to_Competitive,observed_zero_DOM_only_source_also_reports_5_mg_L,nonnegative_capacity,2.4_kinetics,source_order_candidate_pending_table_or_figure_confirmation,source methods and contiguous workbook block order; source table/figure row IDs are not available in the XML export
2125,Alkali-modified SCG biochars,kinetics_pattern,Q_t_at_recorded_contact_time,Competitive,analysis_copy_candidate_Competative_to_Competitive,observed_zero_DOM_only_source_also_reports_5_mg_L,nonnegative_capacity,2.4_kinetics,source_order_candidate_pending_table_or_figure_confirmation,source methods and contiguous workbook block order; source table/figure row IDs are not available in the XML export
2126,Alkali-modified SCG biochars,kinetics_pattern,Q_t_at_recorded_contact_time,Competitive,analysis_copy_candidate_Competative_to_Competitive,observed_zero_DOM_only_source_also_reports_5_mg_L,nonnegative_capacity,2.4_kinetics,source_order_candidate_pending_table_or_figure_confirmation,source methods and contiguous workbook block order; source table/figure row IDs are not available in the XML export
2127,Alkali-modified SCG biochars,kinetics_pattern,Q_t_at_recorded_contact_time,Competitive,analysis_copy_candidate_Competative_to_Competitive,observed_zero_DOM_only_source_also_reports_5_mg_L,nonnegative_capacity,2.4_kinetics,source_order_candidate_pending_table_or_figure_confirmation,source methods and contiguous workbook block order; source table/figure row IDs are not available in the XML export
2128,Alkali-modified SCG biochars,kinetics_pattern,Q_t_at_recorded_contact_time,Competitive,analysis_copy_candidate_Competative_to_Competitive,observed_zero_DOM_only_source_also_reports_5_mg_L,nonnegative_capacity,2.4_kinetics,source_order_candidate_pending_table_or_figure_confirmation,source methods and contiguous workbook block order; source table/figure row IDs are not available in the XML export
2129,Alkali-modified SCG biochars,kinetics_pattern,Q_t_at_recorded_contact_time,Competitive,analysis_copy_candidate_Competative_to_Competitive,observed_zero_DOM_only_source_also_reports_5_mg_L,nonnegative_capacity,2.4_kinetics,source_order_candidate_pending_table_or_figure_confirmation,source methods and contiguous workbook block order; source table/figure row IDs are not available in the XML export
2130,Alkali-modified SCG biochars,kinetics_pattern,Q_t_at_recorded_contact_time,Competitive,analysis_copy_candidate_Competative_to_Competitive,observed_zero_DOM_only_source_also_reports_5_mg_L,nonnegative_capacity,2.4_kinetics,source_order_candidate_pending_table_or_figure_confirmation,source methods and contiguous workbook block order; source table/figure row IDs are not available in the XML export
2131,Alkali-modified SCG biochars,kinetics_pattern,Q_t_at_recorded_contact_time,Competitive,analysis_copy_candidate_Competative_to_Competitive,observed_zero_DOM_only_source_also_reports_5_mg_L,nonnegative_capacity,2.4_kinetics,source_order_candidate_pending_table_or_figure_confirmation,source methods and contiguous workbook block order; source table/figure row IDs are not available in the XML export
2132,Alkali-modified SCG biochars,kinetics_pattern,Q_t_at_recorded_contact_time,Competitive,analysis_copy_candidate_Competative_to_Competitive,observed_zero_DOM_only_source_also_reports_5_mg_L,nonnegative_capacity,2.4_kinetics,source_order_candidate_pending_table_or_figure_confirmation,source methods and contiguous workbook block order; source table/figure row IDs are not available in the XML export
2133,Alkali-modified SCG biochars,kinetics_pattern,Q_t_at_recorded_contact_time,Competitive,analysis_copy_candidate_Competative_to_Competitive,observed_zero_DOM_only_source_also_reports_5_mg_L,nonnegative_capacity,2.4_kinetics,source_order_candidate_pending_table_or_figure_confirmation,source methods and contiguous workbook block order; source table/figure row IDs are not available in the XML export
2134,Alkali-modified SCG biochars,kinetics_pattern,Q_t_at_recorded_contact_time,Competitive,analysis_copy_candidate_Competative_to_Competitive,observed_zero_DOM_only_source_also_reports_5_mg_L,nonnegative_capacity,2.4_kinetics,source_order_candidate_pending_table_or_figure_confirmation,source methods and contiguous workbook block order; source table/figure row IDs are not available in the XML export
2135,Alkali-modified SCG biochars,kinetics_pattern,Q_t_at_recorded_contact_time,Competitive,analysis_copy_candidate_Competative_to_Competitive,observed_zero_DOM_only_source_also_reports_5_mg_L,nonnegative_capacity,2.4_kinetics,source_order_candidate_pending_table_or_figure_confirmation,source methods and contiguous workbook block order; source table/figure row IDs are not available in the XML export
2136,Alkali-modified SCG biochars,kinetics_pattern,Q_t_at_recorded_contact_time,Competitive,analysis_copy_candidate_Competative_to_Competitive,observed_zero_DOM_only_source_also_reports_5_mg_L,nonnegative_capacity,2.4_kinetics,source_order_candidate_pending_table_or_figure_confirmation,source methods and contiguous workbook block order; source table/figure row IDs are not available in the XML export
2137,Alkali-modified SCG biochars,kinetics_pattern,Q_t_at_recorded_contact_time,Competitive,analysis_copy_candidate_Competative_to_Competitive,observed_zero_DOM_only_source_also_reports_5_mg_L,nonnegative_capacity,2.4_kinetics,source_order_candidate_pending_table_or_figure_confirmation,source methods and contiguous workbook block order; source table/figure row IDs are not available in the XML export
2138,Alkali-modified SCG biochars,kinetics_pattern,Q_t_at_recorded_contact_time,Competitive,analysis_copy_candidate_Competative_to_Competitive,observed_zero_DOM_only_source_also_reports_5_mg_L,nonnegative_capacity,2.4_kinetics,source_order_candidate_pending_table_or_figure_confirmation,source methods and contiguous workbook block order; source table/figure row IDs are not available in the XML export
2139,Alkali-modified SCG biochars,kinetics_pattern,Q_t_at_recorded_contact_time,Competitive,analysis_copy_candidate_Competative_to_Competitive,observed_zero_DOM_only_source_also_reports_5_mg_L,nonnegative_capacity,2.4_kinetics,source_order_candidate_pending_table_or_figure_confirmation,source methods and contiguous workbook block order; source table/figure row IDs are not available in the XML export
2140,Alkali-modified SCG biochars,kinetics_pattern,Q_t_at_recorded_contact_time,Competitive,analysis_copy_candidate_Competative_to_Competitive,observed_zero_DOM_only_source_also_reports_5_mg_L,nonnegative_capacity,2.4_kinetics,source_order_candidate_pending_table_or_figure_confirmation,source methods and contiguous workbook block order; source table/figure row IDs are not available in the XML export
2141,Alkali-modified SCG biochars,kinetics_pattern,Q_t_at_recorded_contact_time,Competitive,analysis_copy_candidate_Competative_to_Competitive,observed_zero_DOM_only_source_also_reports_5_mg_L,nonnegative_capacity,2.4_kinetics,source_order_candidate_pending_table_or_figure_confirmation,source methods and contiguous workbook block order; source table/figure row IDs are not available in the XML export
2142,Alkali-modified SCG biochars,kinetics_pattern,Q_t_at_recorded_contact_time,Competitive,analysis_copy_candidate_Competative_to_Competitive,observed_zero_DOM_only_source_also_reports_5_mg_L,nonnegative_capacity,2.4_kinetics,source_order_candidate_pending_table_or_figure_confirmation,source methods and contiguous workbook block order; source table/figure row IDs are not available in the XML export
2143,Alkali-modified SCG biochars,kinetics_pattern,Q_t_at_recorded_contact_time,Competitive,analysis_copy_candidate_Competative_to_Competitive,observed_zero_DOM_only_source_also_reports_5_mg_L,nonnegative_capacity,2.4_kinetics,source_order_candidate_pending_table_or_figure_confirmation,source methods and contiguous workbook block order; source table/figure row IDs are not available in the XML export
2144,Alkali-modified SCG biochars,kinetics_pattern,Q_t_at_recorded_contact_time,Competitive,analysis_copy_candidate_Competative_to_Competitive,observed_zero_DOM_only_source_also_reports_5_mg_L,nonnegative_capacity,2.4_kinetics,source_order_candidate_pending_table_or_figure_confirmation,source methods and contiguous workbook block order; source table/figure row IDs are not available in the XML export
2145,Alkali-modified SCG biochars,kinetics_pattern,Q_t_at_recorded_contact_time,Competitive,analysis_copy_candidate_Competative_to_Competitive,observed_zero_DOM_only_source_also_reports_5_mg_L,nonnegative_capacity,2.4_kinetics,source_order_candidate_pending_table_or_figure_confirmation,source methods and contiguous workbook block order; source table/figure row IDs are not available in the XML export
2146,Alkali-modified SCG biochars,kinetics_pattern,Q_t_at_recorded_contact_time,Competitive,analysis_copy_candidate_Competative_to_Competitive,observed_zero_DOM_only_source_also_reports_5_mg_L,nonnegative_capacity,2.4_kinetics,source_order_candidate_pending_table_or_figure_confirmation,source methods and contiguous workbook block order; source table/figure row IDs are not available in the XML export
2147,Alkali-modified SCG biochars,kinetics_pattern,Q_t_at_recorded_contact_time,Competitive,analysis_copy_candidate_Competative_to_Competitive,observed_zero_DOM_only_source_also_reports_5_mg_L,nonnegative_capacity,2.4_kinetics,source_order_candidate_pending_table_or_figure_confirmation,source methods and contiguous workbook block order; source table/figure row IDs are not available in the XML export
2148,Alkali-modified SCG biochars,kinetics_pattern,Q_t_at_recorded_contact_time,Competitive,analysis_copy_candidate_Competative_to_Competitive,observed_zero_DOM_only_source_also_reports_5_mg_L,nonnegative_capacity,2.4_kinetics,source_order_candidate_pending_table_or_figure_confirmation,source methods and contiguous workbook block order; source table/figure row IDs are not available in the XML export
2149,Alkali-modified SCG biochars,kinetics_pattern,Q_t_at_recorded_contact_time,Competitive,analysis_copy_candidate_Competative_to_Competitive,observed_zero_DOM_only_source_also_reports_5_mg_L,nonnegative_capacity,2.4_kinetics,source_order_candidate_pending_table_or_figure_confirmation,source methods and contiguous workbook block order; source table/figure row IDs are not available in the XML export
2150,Alkali-modified SCG biochars,kinetics_pattern,Q_t_at_recorded_contact_time,Competitive,analysis_copy_candidate_Competative_to_Competitive,observed_zero_DOM_only_source_also_reports_5_mg_L,nonnegative_capacity,2.4_kinetics,source_order_candidate_pending_table_or_figure_confirmation,source methods and contiguous workbook block order; source table/figure row IDs are not available in the XML export
2151,Alkali-modified SCG biochars,kinetics_pattern,Q_t_at_recorded_contact_time,Competitive,analysis_copy_candidate_Competative_to_Competitive,observed_zero_DOM_only_source_also_reports_5_mg_L,nonnegative_capacity,2.4_kinetics,source_order_candidate_pending_table_or_figure_confirmation,source methods and contiguous workbook block order; source table/figure row IDs are not available in the XML export
2152,Alkali-modified SCG biochars,kinetics_pattern,Q_t_at_recorded_contact_time,Competitive,analysis_copy_candidate_Competative_to_Competitive,observed_zero_DOM_only_source_also_reports_5_mg_L,nonnegative_capacity,2.4_kinetics,source_order_candidate_pending_table_or_figure_confirmation,source methods and contiguous workbook block order; source table/figure row IDs are not available in the XML export
2153,Alkali-modified SCG biochars,kinetics_pattern,Q_t_at_recorded_contact_time,Competitive,analysis_copy_candidate_Competative_to_Competitive,observed_zero_DOM_only_source_also_reports_5_mg_L,nonnegative_capacity,2.4_kinetics,source_order_candidate_pending_table_or_figure_confirmation,source methods and contiguous workbook block order; source table/figure row IDs are not available in the XML export
2154,Alkali-modified SCG biochars,kinetics_pattern,Q_t_at_recorded_contact_time,Competitive,analysis_copy_candidate_Competative_to_Competitive,observed_zero_DOM_only_source_also_reports_5_mg_L,nonnegative_capacity,2.4_kinetics,source_order_candidate_pending_table_or_figure_confirmation,source methods and contiguous workbook block order; source table/figure row IDs are not available in the XML export
2155,Alkali-modified SCG biochars,kinetics_pattern,Q_t_at_recorded_contact_time,Competitive,analysis_copy_candidate_Competative_to_Competitive,observed_zero_DOM_only_source_also_reports_5_mg_L,nonnegative_capacity,2.4_kinetics,source_order_candidate_pending_table_or_figure_confirmation,source methods and contiguous workbook block order; source table/figure row IDs are not available in the XML export
2156,Alkali-modified SCG biochars,kinetics_pattern,Q_t_at_recorded_contact_time,Competitive,analysis_copy_candidate_Competative_to_Competitive,observed_zero_DOM_only_source_also_reports_5_mg_L,nonnegative_capacity,2.4_kinetics,source_order_candidate_pending_table_or_figure_confirmation,source methods and contiguous workbook block order; source table/figure row IDs are not available in the XML export
2157,Alkali-modified SCG biochars,kinetics_pattern,Q_t_at_recorded_contact_time,Competitive,analysis_copy_candidate_Competative_to_Competitive,observed_zero_DOM_only_source_also_reports_5_mg_L,nonnegative_capacity,2.4_kinetics,source_order_candidate_pending_table_or_figure_confirmation,source methods and contiguous workbook block order; source table/figure row IDs are not available in the XML export
2158,Alkali-modified SCG biochars,kinetics_pattern,Q_t_at_recorded_contact_time,Competitive,analysis_copy_candidate_Competative_to_Competitive,observed_zero_DOM_only_source_also_reports_5_mg_L,nonnegative_capacity,2.4_kinetics,source_order_candidate_pending_table_or_figure_confirmation,source methods and contiguous workbook block order; source table/figure row IDs are not available in the XML export
2159,Alkali-modified SCG biochars,kinetics_pattern,Q_t_at_recorded_contact_time,Competitive,analysis_copy_candidate_Competative_to_Competitive,observed_zero_DOM_only_source_also_reports_5_mg_L,nonnegative_capacity,2.4_kinetics,source_order_candidate_pending_table_or_figure_confirmation,source methods and contiguous workbook block order; source table/figure row IDs are not available in the XML export
2160,Alkali-modified SCG biochars,kinetics_pattern,Q_t_at_recorded_contact_time,Competitive,analysis_copy_candidate_Competative_to_Competitive,observed_zero_DOM_only_source_also_reports_5_mg_L,nonnegative_capacity,2.4_kinetics,source_order_candidate_pending_table_or_figure_confirmation,source methods and contiguous workbook block order; source table/figure row IDs are not available in the XML export
2161,Alkali-modified SCG biochars,kinetics_pattern,Q_t_at_recorded_contact_time,Competitive,analysis_copy_candidate_Competative_to_Competitive,observed_zero_DOM_only_source_also_reports_5_mg_L,nonnegative_capacity,2.4_kinetics,source_order_candidate_pending_table_or_figure_confirmation,source methods and contiguous workbook block order; source table/figure row IDs are not available in the XML export
2162,Alkali-modified SCG biochars,kinetics_pattern,Q_t_at_recorded_contact_time,Competitive,analysis_copy_candidate_Competative_to_Competitive,observed_zero_DOM_only_source_also_reports_5_mg_L,nonnegative_capacity,2.4_kinetics,source_order_candidate_pending_table_or_figure_confirmation,source methods and contiguous workbook block order; source table/figure row IDs are not available in the XML export
2163,Alkali-modified SCG biochars,kinetics_pattern,Q_t_at_recorded_contact_time,Competitive,analysis_copy_candidate_Competative_to_Competitive,observed_zero_DOM_only_source_also_reports_5_mg_L,nonnegative_capacity,2.4_kinetics,source_order_candidate_pending_table_or_figure_confirmation,source methods and contiguous workbook block order; source table/figure row IDs are not available in the XML export
2164,Alkali-modified SCG biochars,kinetics_pattern,Q_t_at_recorded_contact_time,Competitive,analysis_copy_candidate_Competative_to_Competitive,observed_zero_DOM_only_source_also_reports_5_mg_L,nonnegative_capacity,2.4_kinetics,source_order_candidate_pending_table_or_figure_confirmation,source methods and contiguous workbook block order; source table/figure row IDs are not available in the XML export
2165,Alkali-modified SCG biochars,kinetics_pattern,Q_t_at_recorded_contact_time,Competitive,analysis_copy_candidate_Competative_to_Competitive,observed_zero_DOM_only_source_also_reports_5_mg_L,nonnegative_capacity,2.4_kinetics,source_order_candidate_pending_table_or_figure_confirmation,source methods and contiguous workbook block order; source table/figure row IDs are not available in the XML export
2166,Alkali-modified SCG biochars,kinetics_pattern,Q_t_at_recorded_contact_time,Competitive,analysis_copy_candidate_Competative_to_Competitive,observed_zero_DOM_only_source_also_reports_5_mg_L,nonnegative_capacity,2.4_kinetics,source_order_candidate_pending_table_or_figure_confirmation,source methods and contiguous workbook block order; source table/figure row IDs are not available in the XML export
2167,Alkali-modified SCG biochars,kinetics_pattern,Q_t_at_recorded_contact_time,Competitive,analysis_copy_candidate_Competative_to_Competitive,observed_zero_DOM_only_source_also_reports_5_mg_L,nonnegative_capacity,2.4_kinetics,source_order_candidate_pending_table_or_figure_confirmation,source methods and contiguous workbook block order; source table/figure row IDs are not available in the XML export
2168,Alkali-modified SCG biochars,kinetics_pattern,Q_t_at_recorded_contact_time,Competitive,analysis_copy_candidate_Competative_to_Competitive,observed_zero_DOM_only_source_also_reports_5_mg_L,nonnegative_capacity,2.4_kinetics,source_order_candidate_pending_table_or_figure_confirmation,source methods and contiguous workbook block order; source table/figure row IDs are not available in the XML export
2169,Alkali-modified SCG biochars,kinetics_pattern,Q_t_at_recorded_contact_time,Competitive,analysis_copy_candidate_Competative_to_Competitive,observed_zero_DOM_only_source_also_reports_5_mg_L,nonnegative_capacity,2.4_kinetics,source_order_candidate_pending_table_or_figure_confirmation,source methods and contiguous workbook block order; source table/figure row IDs are not available in the XML export
2170,Alkali-modified SCG biochars,kinetics_pattern,Q_t_at_recorded_contact_time,Competitive,analysis_copy_candidate_Competative_to_Competitive,observed_zero_DOM_only_source_also_reports_5_mg_L,nonnegative_capacity,2.4_kinetics,source_order_candidate_pending_table_or_figure_confirmation,source methods and contiguous workbook block order; source table/figure row IDs are not available in the XML export
2171,Alkali-modified SCG biochars,kinetics_pattern,Q_t_at_recorded_contact_time,Competitive,analysis_copy_candidate_Competative_to_Competitive,observed_zero_DOM_only_source_also_reports_5_mg_L,nonnegative_capacity,2.4_kinetics,source_order_candidate_pending_table_or_figure_confirmation,source methods and contiguous workbook block order; source table/figure row IDs are not available in the XML export
2172,Alkali-modified SCG biochars,kinetics_pattern,Q_t_at_recorded_contact_time,Competitive,analysis_copy_candidate_Competative_to_Competitive,observed_zero_DOM_only_source_also_reports_5_mg_L,nonnegative_capacity,2.4_kinetics,source_order_candidate_pending_table_or_figure_confirmation,source methods and contiguous workbook block order; source table/figure row IDs are not available in the XML export
2173,Alkali-modified SCG biochars,kinetics_pattern,Q_t_at_recorded_contact_time,Competitive,analysis_copy_candidate_Competative_to_Competitive,observed_zero_DOM_only_source_also_reports_5_mg_L,nonnegative_capacity,2.4_kinetics,source_order_candidate_pending_table_or_figure_confirmation,source methods and contiguous workbook block order; source table/figure row IDs are not available in the XML export
2174,Alkali-modified SCG biochars,kinetics_pattern,Q_t_at_recorded_contact_time,Competitive,analysis_copy_candidate_Competative_to_Competitive,observed_zero_DOM_only_source_also_reports_5_mg_L,nonnegative_capacity,2.4_kinetics,source_order_candidate_pending_table_or_figure_confirmation,source methods and contiguous workbook block order; source table/figure row IDs are not available in the XML export
2175,Alkali-modified SCG biochars,kinetics_pattern,Q_t_at_recorded_contact_time,Competitive,analysis_copy_candidate_Competative_to_Competitive,observed_zero_DOM_only_source_also_reports_5_mg_L,nonnegative_capacity,2.4_kinetics,source_order_candidate_pending_table_or_figure_confirmation,source methods and contiguous workbook block order; source table/figure row IDs are not available in the XML export
2176,Alkali-modified SCG biochars,kinetics_pattern,Q_t_at_recorded_contact_time,Competitive,analysis_copy_candidate_Competative_to_Competitive,observed_zero_DOM_only_source_also_reports_5_mg_L,nonnegative_capacity,2.4_kinetics,source_order_candidate_pending_table_or_figure_confirmation,source methods and contiguous workbook block order; source table/figure row IDs are not available in the XML export
2177,Alkali-modified SCG biochars,kinetics_pattern,Q_t_at_recorded_contact_time,Competitive,analysis_copy_candidate_Competative_to_Competitive,observed_zero_DOM_only_source_also_reports_5_mg_L,nonnegative_capacity,2.4_kinetics,source_order_candidate_pending_table_or_figure_confirmation,source methods and contiguous workbook block order; source table/figure row IDs are not available in the XML export
2178,Alkali-modified SCG biochars,kinetics_pattern,Q_t_at_recorded_contact_time,Competitive,analysis_copy_candidate_Competative_to_Competitive,observed_zero_DOM_only_source_also_reports_5_mg_L,nonnegative_capacity,2.4_kinetics,source_order_candidate_pending_table_or_figure_confirmation,source methods and contiguous workbook block order; source table/figure row IDs are not available in the XML export
2179,Alkali-modified SCG biochars,kinetics_pattern,Q_t_at_recorded_contact_time,Competitive,analysis_copy_candidate_Competative_to_Competitive,observed_zero_DOM_only_source_also_reports_5_mg_L,nonnegative_capacity,2.4_kinetics,source_order_candidate_pending_table_or_figure_confirmation,source methods and contiguous workbook block order; source table/figure row IDs are not available in the XML export
2180,Alkali-modified SCG biochars,kinetics_pattern,Q_t_at_recorded_contact_time,Competitive,analysis_copy_candidate_Competative_to_Competitive,observed_zero_DOM_only_source_also_reports_5_mg_L,nonnegative_capacity,2.4_kinetics,source_order_candidate_pending_table_or_figure_confirmation,source methods and contiguous workbook block order; source table/figure row IDs are not available in the XML export
2181,Alkali-modified SCG biochars,kinetics_pattern,Q_t_at_recorded_contact_time,Competitive,analysis_copy_candidate_Competative_to_Competitive,observed_zero_DOM_only_source_also_reports_5_mg_L,nonnegative_capacity,2.4_kinetics,source_order_candidate_pending_table_or_figure_confirmation,source methods and contiguous workbook block order; source table/figure row IDs are not available in the XML export
2182,Alkali-modified SCG biochars,kinetics_pattern,Q_t_at_recorded_contact_time,Competitive,analysis_copy_candidate_Competative_to_Competitive,observed_zero_DOM_only_source_also_reports_5_mg_L,nonnegative_capacity,2.4_kinetics,source_order_candidate_pending_table_or_figure_confirmation,source methods and contiguous workbook block order; source table/figure row IDs are not available in the XML export
2183,Alkali-modified SCG biochars,kinetics_pattern,Q_t_at_recorded_contact_time,Competitive,analysis_copy_candidate_Competative_to_Competitive,observed_zero_DOM_only_source_also_reports_5_mg_L,nonnegative_capacity,2.4_kinetics,source_order_candidate_pending_table_or_figure_confirmation,source methods and contiguous workbook block order; source table/figure row IDs are not available in the XML export
2184,Alkali-modified SCG biochars,kinetics_pattern,Q_t_at_recorded_contact_time,Competitive,analysis_copy_candidate_Competative_to_Competitive,observed_zero_DOM_only_source_also_reports_5_mg_L,nonnegative_capacity,2.4_kinetics,source_order_candidate_pending_table_or_figure_confirmation,source methods and contiguous workbook block order; source table/figure row IDs are not available in the XML export
2185,Alkali-modified SCG biochars,kinetics_pattern,Q_t_at_recorded_contact_time,Competitive,analysis_copy_candidate_Competative_to_Competitive,observed_zero_DOM_only_source_also_reports_5_mg_L,nonnegative_capacity,2.4_kinetics,source_order_candidate_pending_table_or_figure_confirmation,source methods and contiguous workbook block order; source table/figure row IDs are not available in the XML export
2186,Alkali-modified SCG biochars,kinetics_pattern,Q_t_at_recorded_contact_time,Competitive,analysis_copy_candidate_Competative_to_Competitive,observed_zero_DOM_only_source_also_reports_5_mg_L,nonnegative_capacity,2.4_kinetics,source_order_candidate_pending_table_or_figure_confirmation,source methods and contiguous workbook block order; source table/figure row IDs are not available in the XML export
2187,Alkali-modified SCG biochars,kinetics_pattern,Q_t_at_recorded_contact_time,Competitive,analysis_copy_candidate_Competative_to_Competitive,observed_zero_DOM_only_source_also_reports_5_mg_L,nonnegative_capacity,2.4_kinetics,source_order_candidate_pending_table_or_figure_confirmation,source methods and contiguous workbook block order; source table/figure row IDs are not available in the XML export
2188,Alkali-modified SCG biochars,kinetics_pattern,Q_t_at_recorded_contact_time,Competitive,analysis_copy_candidate_Competative_to_Competitive,observed_zero_DOM_only_source_also_reports_5_mg_L,nonnegative_capacity,2.4_kinetics,source_order_candidate_pending_table_or_figure_confirmation,source methods and contiguous workbook block order; source table/figure row IDs are not available in the XML export
2189,Alkali-modified SCG biochars,kinetics_pattern,Q_t_at_recorded_contact_time,Competitive,analysis_copy_candidate_Competative_to_Competitive,observed_zero_DOM_only_source_also_reports_5_mg_L,nonnegative_capacity,2.4_kinetics,source_order_candidate_pending_table_or_figure_confirmation,source methods and contiguous workbook block order; source table/figure row IDs are not available in the XML export
2190,Alkali-modified SCG biochars,kinetics_pattern,Q_t_at_recorded_contact_time,Competitive,analysis_copy_candidate_Competative_to_Competitive,observed_zero_DOM_only_source_also_reports_5_mg_L,nonnegative_capacity,2.4_kinetics,source_order_candidate_pending_table_or_figure_confirmation,source methods and contiguous workbook block order; source table/figure row IDs are not available in the XML export
2191,Alkali-modified SCG biochars,kinetics_pattern,Q_t_at_recorded_contact_time,Competitive,analysis_copy_candidate_Competative_to_Competitive,observed_zero_DOM_only_source_also_reports_5_mg_L,nonnegative_capacity,2.4_kinetics,source_order_candidate_pending_table_or_figure_confirmation,source methods and contiguous workbook block order; source table/figure row IDs are not available in the XML export
2192,Alkali-modified SCG biochars,kinetics_pattern,Q_t_at_recorded_contact_time,Competitive,analysis_copy_candidate_Competative_to_Competitive,observed_zero_DOM_only_source_also_reports_5_mg_L,nonnegative_capacity,2.4_kinetics,source_order_candidate_pending_table_or_figure_confirmation,source methods and contiguous workbook block order; source table/figure row IDs are not available in the XML export
2193,Alkali-modified SCG biochars,kinetics_pattern,Q_t_at_recorded_contact_time,Competitive,analysis_copy_candidate_Competative_to_Competitive,observed_zero_DOM_only_source_also_reports_5_mg_L,nonnegative_capacity,2.4_kinetics,source_order_candidate_pending_table_or_figure_confirmation,source methods and contiguous workbook block order; source table/figure row IDs are not available in the XML export
2194,Alkali-modified SCG biochars,kinetics_pattern,Q_t_at_recorded_contact_time,Competitive,analysis_copy_candidate_Competative_to_Competitive,observed_zero_DOM_only_source_also_reports_5_mg_L,nonnegative_capacity,2.4_kinetics,source_order_candidate_pending_table_or_figure_confirmation,source methods and contiguous workbook block order; source table/figure row IDs are not available in the XML export
2195,Alkali-modified SCG biochars,pH_pattern,Q_e_at_equilibrium_condition,Single,raw_label_retained,observed_zero_DOM_only_source_also_reports_5_mg_L,nonnegative_capacity,2.4_pH,source_order_candidate_pending_table_or_figure_confirmation,source methods and contiguous workbook block order; source table/figure row IDs are not available in the XML export
2196,Alkali-modified SCG biochars,pH_pattern,Q_e_at_equilibrium_condition,Single,raw_label_retained,observed_zero_DOM_only_source_also_reports_5_mg_L,nonnegative_capacity,2.4_pH,source_order_candidate_pending_table_or_figure_confirmation,source methods and contiguous workbook block order; source table/figure row IDs are not available in the XML export
2197,Alkali-modified SCG biochars,pH_pattern,Q_e_at_equilibrium_condition,Single,raw_label_retained,observed_zero_DOM_only_source_also_reports_5_mg_L,nonnegative_capacity,2.4_pH,source_order_candidate_pending_table_or_figure_confirmation,source methods and contiguous workbook block order; source table/figure row IDs are not available in the XML export
2198,Alkali-modified SCG biochars,pH_pattern,Q_e_at_equilibrium_condition,Single,raw_label_retained,observed_zero_DOM_only_source_also_reports_5_mg_L,nonnegative_capacity,2.4_pH,source_order_candidate_pending_table_or_figure_confirmation,source methods and contiguous workbook block order; source table/figure row IDs are not available in the XML export
2199,Alkali-modified SCG biochars,pH_pattern,Q_e_at_equilibrium_condition,Single,raw_label_retained,observed_zero_DOM_only_source_also_reports_5_mg_L,nonnegative_capacity,2.4_pH,source_order_candidate_pending_table_or_figure_confirmation,source methods and contiguous workbook block order; source table/figure row IDs are not available in the XML export
2200,Alkali-modified SCG biochars,pH_pattern,Q_e_at_equilibrium_condition,Single,raw_label_retained,observed_zero_DOM_only_source_also_reports_5_mg_L,nonnegative_capacity,2.4_pH,source_order_candidate_pending_table_or_figure_confirmation,source methods and contiguous workbook block order; source table/figure row IDs are not available in the XML export
2201,Alkali-modified SCG biochars,pH_pattern,Q_e_at_equilibrium_condition,Single,raw_label_retained,observed_zero_DOM_only_source_also_reports_5_mg_L,nonnegative_capacity,2.4_pH,source_order_candidate_pending_table_or_figure_confirmation,source methods and contiguous workbook block order; source table/figure row IDs are not available in the XML export
2202,Alkali-modified SCG biochars,pH_pattern,Q_e_at_equilibrium_condition,Single,raw_label_retained,observed_zero_DOM_only_source_also_reports_5_mg_L,nonnegative_capacity,2.4_pH,source_order_candidate_pending_table_or_figure_confirmation,source methods and contiguous workbook block order; source table/figure row IDs are not available in the XML export
2203,Alkali-modified SCG biochars,pH_pattern,Q_e_at_equilibrium_condition,Single,raw_label_retained,observed_zero_DOM_only_source_also_reports_5_mg_L,nonnegative_capacity,2.4_pH,source_order_candidate_pending_table_or_figure_confirmation,source methods and contiguous workbook block order; source table/figure row IDs are not available in the XML export
2204,Alkali-modified SCG biochars,pH_pattern,Q_e_at_equilibrium_condition,Single,raw_label_retained,observed_zero_DOM_only_source_also_reports_5_mg_L,nonnegative_capacity,2.4_pH,source_order_candidate_pending_table_or_figure_confirmation,source methods and contiguous workbook block order; source table/figure row IDs are not available in the XML export
2205,Alkali-modified SCG biochars,pH_pattern,Q_e_at_equilibrium_condition,Single,raw_label_retained,observed_zero_DOM_only_source_also_reports_5_mg_L,nonnegative_capacity,2.4_pH,source_order_candidate_pending_table_or_figure_confirmation,source methods and contiguous workbook block order; source table/figure row IDs are not available in the XML export
2206,Alkali-modified SCG biochars,pH_pattern,Q_e_at_equilibrium_condition,Single,raw_label_retained,observed_zero_DOM_only_source_also_reports_5_mg_L,nonnegative_capacity,2.4_pH,source_order_candidate_pending_table_or_figure_confirmation,source methods and contiguous workbook block order; source table/figure row IDs are not available in the XML export
2207,Alkali-modified SCG biochars,pH_pattern,Q_e_at_equilibrium_condition,Single,raw_label_retained,observed_zero_DOM_only_source_also_reports_5_mg_L,nonnegative_capacity,2.4_pH,source_order_candidate_pending_table_or_figure_confirmation,source methods and contiguous workbook block order; source table/figure row IDs are not available in the XML export
2208,Alkali-modified SCG biochars,pH_pattern,Q_e_at_equilibrium_condition,Single,raw_label_retained,observed_zero_DOM_only_source_also_reports_5_mg_L,nonnegative_capacity,2.4_pH,source_order_candidate_pending_table_or_figure_confirmation,source methods and contiguous workbook block order; source table/figure row IDs are not available in the XML export
2209,Alkali-modified SCG biochars,pH_pattern,Q_e_at_equilibrium_condition,Single,raw_label_retained,observed_zero_DOM_only_source_also_reports_5_mg_L,nonnegative_capacity,2.4_pH,source_order_candidate_pending_table_or_figure_confirmation,source methods and contiguous workbook block order; source table/figure row IDs are not available in the XML export
2210,Alkali-modified SCG biochars,pH_pattern,Q_e_at_equilibrium_condition,Single,raw_label_retained,observed_zero_DOM_only_source_also_reports_5_mg_L,nonnegative_capacity,2.4_pH,source_order_candidate_pending_table_or_figure_confirmation,source methods and contiguous workbook block order; source table/figure row IDs are not available in the XML export
2211,Alkali-modified SCG biochars,pH_pattern,Q_e_at_equilibrium_condition,Single,raw_label_retained,observed_zero_DOM_only_source_also_reports_5_mg_L,nonnegative_capacity,2.4_pH,source_order_candidate_pending_table_or_figure_confirmation,source methods and contiguous workbook block order; source table/figure row IDs are not available in the XML export
2212,Alkali-modified SCG biochars,pH_pattern,Q_e_at_equilibrium_condition,Single,raw_label_retained,observed_zero_DOM_only_source_also_reports_5_mg_L,nonnegative_capacity,2.4_pH,source_order_candidate_pending_table_or_figure_confirmation,source methods and contiguous workbook block order; source table/figure row IDs are not available in the XML export
2213,Alkali-modified SCG biochars,pH_pattern,Q_e_at_equilibrium_condition,Single,raw_label_retained,observed_zero_DOM_only_source_also_reports_5_mg_L,nonnegative_capacity,2.4_pH,source_order_candidate_pending_table_or_figure_confirmation,source methods and contiguous workbook block order; source table/figure row IDs are not available in the XML export
2214,Alkali-modified SCG biochars,pH_pattern,Q_e_at_equilibrium_condition,Competitive,analysis_copy_candidate_Competative_to_Competitive,observed_zero_DOM_only_source_also_reports_5_mg_L,nonnegative_capacity,2.4_pH,source_order_candidate_pending_table_or_figure_confirmation,source methods and contiguous workbook block order; source table/figure row IDs are not available in the XML export
2215,Alkali-modified SCG biochars,pH_pattern,Q_e_at_equilibrium_condition,Competitive,analysis_copy_candidate_Competative_to_Competitive,observed_zero_DOM_only_source_also_reports_5_mg_L,nonnegative_capacity,2.4_pH,source_order_candidate_pending_table_or_figure_confirmation,source methods and contiguous workbook block order; source table/figure row IDs are not available in the XML export
2216,Alkali-modified SCG biochars,pH_pattern,Q_e_at_equilibrium_condition,Competitive,analysis_copy_candidate_Competative_to_Competitive,observed_zero_DOM_only_source_also_reports_5_mg_L,nonnegative_capacity,2.4_pH,source_order_candidate_pending_table_or_figure_confirmation,source methods and contiguous workbook block order; source table/figure row IDs are not available in the XML export
2217,Alkali-modified SCG biochars,pH_pattern,Q_e_at_equilibrium_condition,Competitive,analysis_copy_candidate_Competative_to_Competitive,observed_zero_DOM_only_source_also_reports_5_mg_L,nonnegative_capacity,2.4_pH,source_order_candidate_pending_table_or_figure_confirmation,source methods and contiguous workbook block order; source table/figure row IDs are not available in the XML export
2218,Alkali-modified SCG biochars,pH_pattern,Q_e_at_equilibrium_condition,Competitive,analysis_copy_candidate_Competative_to_Competitive,observed_zero_DOM_only_source_also_reports_5_mg_L,nonnegative_capacity,2.4_pH,source_order_candidate_pending_table_or_figure_confirmation,source methods and contiguous workbook block order; source table/figure row IDs are not available in the XML export
2219,Alkali-modified SCG biochars,pH_pattern,Q_e_at_equilibrium_condition,Competitive,analysis_copy_candidate_Competative_to_Competitive,observed_zero_DOM_only_source_also_reports_5_mg_L,nonnegative_capacity,2.4_pH,source_order_candidate_pending_table_or_figure_confirmation,source methods and contiguous workbook block order; source table/figure row IDs are not available in the XML export
2220,Alkali-modified SCG biochars,pH_pattern,Q_e_at_equilibrium_condition,Competitive,analysis_copy_candidate_Competative_to_Competitive,observed_zero_DOM_only_source_also_reports_5_mg_L,nonnegative_capacity,2.4_pH,source_order_candidate_pending_table_or_figure_confirmation,source methods and contiguous workbook block order; source table/figure row IDs are not available in the XML export
2221,Alkali-modified SCG biochars,pH_pattern,Q_e_at_equilibrium_condition,Competitive,analysis_copy_candidate_Competative_to_Competitive,observed_zero_DOM_only_source_also_reports_5_mg_L,nonnegative_capacity,2.4_pH,source_order_candidate_pending_table_or_figure_confirmation,source methods and contiguous workbook block order; source table/figure row IDs are not available in the XML export
2222,Alkali-modified SCG biochars,pH_pattern,Q_e_at_equilibrium_condition,Competitive,analysis_copy_candidate_Competative_to_Competitive,observed_zero_DOM_only_source_also_reports_5_mg_L,nonnegative_capacity,2.4_pH,source_order_candidate_pending_table_or_figure_confirmation,source methods and contiguous workbook block order; source table/figure row IDs are not available in the XML export
2223,Alkali-modified SCG biochars,pH_pattern,Q_e_at_equilibrium_condition,Competitive,analysis_copy_candidate_Competative_to_Competitive,observed_zero_DOM_only_source_also_reports_5_mg_L,nonnegative_capacity,2.4_pH,source_order_candidate_pending_table_or_figure_confirmation,source methods and contiguous workbook block order; source table/figure row IDs are not available in the XML export
2224,Alkali-modified SCG biochars,pH_pattern,Q_e_at_equilibrium_condition,Competitive,analysis_copy_candidate_Competative_to_Competitive,observed_zero_DOM_only_source_also_reports_5_mg_L,nonnegative_capacity,2.4_pH,source_order_candidate_pending_table_or_figure_confirmation,source methods and contiguous workbook block order; source table/figure row IDs are not available in the XML export
2225,Alkali-modified SCG biochars,pH_pattern,Q_e_at_equilibrium_condition,Competitive,analysis_copy_candidate_Competative_to_Competitive,observed_zero_DOM_only_source_also_reports_5_mg_L,nonnegative_capacity,2.4_pH,source_order_candidate_pending_table_or_figure_confirmation,source methods and contiguous workbook block order; source table/figure row IDs are not available in the XML export
2226,Alkali-modified SCG biochars,pH_pattern,Q_e_at_equilibrium_condition,Competitive,analysis_copy_candidate_Competative_to_Competitive,observed_zero_DOM_only_source_also_reports_5_mg_L,nonnegative_capacity,2.4_pH,source_order_candidate_pending_table_or_figure_confirmation,source methods and contiguous workbook block order; source table/figure row IDs are not available in the XML export
2227,Alkali-modified SCG biochars,pH_pattern,Q_e_at_equilibrium_condition,Competitive,analysis_copy_candidate_Competative_to_Competitive,observed_zero_DOM_only_source_also_reports_5_mg_L,nonnegative_capacity,2.4_pH,source_order_candidate_pending_table_or_figure_confirmation,source methods and contiguous workbook block order; source table/figure row IDs are not available in the XML export
2228,Alkali-modified SCG biochars,pH_pattern,Q_e_at_equilibrium_condition,Competitive,analysis_copy_candidate_Competative_to_Competitive,observed_zero_DOM_only_source_also_reports_5_mg_L,nonnegative_capacity,2.4_pH,source_order_candidate_pending_table_or_figure_confirmation,source methods and contiguous workbook block order; source table/figure row IDs are not available in the XML export
2229,Alkali-modified SCG biochars,pH_pattern,Q_e_at_equilibrium_condition,Competitive,analysis_copy_candidate_Competative_to_Competitive,observed_zero_DOM_only_source_also_reports_5_mg_L,nonnegative_capacity,2.4_pH,source_order_candidate_pending_table_or_figure_confirmation,source methods and contiguous workbook block order; source table/figure row IDs are not available in the XML export
2230,Alkali-modified SCG biochars,pH_pattern,Q_e_at_equilibrium_condition,Competitive,analysis_copy_candidate_Competative_to_Competitive,observed_zero_DOM_only_source_also_reports_5_mg_L,nonnegative_capacity,2.4_pH,source_order_candidate_pending_table_or_figure_confirmation,source methods and contiguous workbook block order; source table/figure row IDs are not available in the XML export
2231,Alkali-modified SCG biochars,pH_pattern,Q_e_at_equilibrium_condition,Competitive,analysis_copy_candidate_Competative_to_Competitive,observed_zero_DOM_only_source_also_reports_5_mg_L,nonnegative_capacity,2.4_pH,source_order_candidate_pending_table_or_figure_confirmation,source methods and contiguous workbook block order; source table/figure row IDs are not available in the XML export
2232,Alkali-modified SCG biochars,pH_pattern,Q_e_at_equilibrium_condition,Competitive,analysis_copy_candidate_Competative_to_Competitive,observed_zero_DOM_only_source_also_reports_5_mg_L,nonnegative_capacity,2.4_pH,source_order_candidate_pending_table_or_figure_confirmation,source methods and contiguous workbook block order; source table/figure row IDs are not available in the XML export
2233,Alkali-modified SCG biochars,pH_pattern,Q_e_at_equilibrium_condition,Competitive,analysis_copy_candidate_Competative_to_Competitive,observed_zero_DOM_only_source_also_reports_5_mg_L,nonnegative_capacity,2.4_pH,source_order_candidate_pending_table_or_figure_confirmation,source methods and contiguous workbook block order; source table/figure row IDs are not available in the XML export
2234,Alkali-modified SCG biochars,pH_pattern,Q_e_at_equilibrium_condition,Competitive,analysis_copy_candidate_Competative_to_Competitive,observed_zero_DOM_only_source_also_reports_5_mg_L,nonnegative_capacity,2.4_pH,source_order_candidate_pending_table_or_figure_confirmation,source methods and contiguous workbook block order; source table/figure row IDs are not available in the XML export
2235,Alkali-modified SCG biochars,pH_pattern,Q_e_at_equilibrium_condition,Competitive,analysis_copy_candidate_Competative_to_Competitive,observed_zero_DOM_only_source_also_reports_5_mg_L,nonnegative_capacity,2.4_pH,source_order_candidate_pending_table_or_figure_confirmation,source methods and contiguous workbook block order; source table/figure row IDs are not available in the XML export
2236,Alkali-modified SCG biochars,pH_pattern,Q_e_at_equilibrium_condition,Competitive,analysis_copy_candidate_Competative_to_Competitive,observed_zero_DOM_only_source_also_reports_5_mg_L,nonnegative_capacity,2.4_pH,source_order_candidate_pending_table_or_figure_confirmation,source methods and contiguous workbook block order; source table/figure row IDs are not available in the XML export
2237,Alkali-modified SCG biochars,pH_pattern,Q_e_at_equilibrium_condition,Competitive,analysis_copy_candidate_Competative_to_Competitive,observed_zero_DOM_only_source_also_reports_5_mg_L,nonnegative_capacity,2.4_pH,source_order_candidate_pending_table_or_figure_confirmation,source methods and contiguous workbook block order; source table/figure row IDs are not available in the XML export
2238,Alkali-modified SCG biochars,pH_pattern,Q_e_at_equilibrium_condition,Competitive,analysis_copy_candidate_Competative_to_Competitive,observed_zero_DOM_only_source_also_reports_5_mg_L,nonnegative_capacity,2.4_pH,source_order_candidate_pending_table_or_figure_confirmation,source methods and contiguous workbook block order; source table/figure row IDs are not available in the XML export
2239,Alkali-modified SCG biochars,pH_pattern,Q_e_at_equilibrium_condition,Competitive,analysis_copy_candidate_Competative_to_Competitive,observed_zero_DOM_only_source_also_reports_5_mg_L,nonnegative_capacity,2.4_pH,source_order_candidate_pending_table_or_figure_confirmation,source methods and contiguous workbook block order; source table/figure row IDs are not available in the XML export
2240,Alkali-modified SCG biochars,pH_pattern,Q_e_at_equilibrium_condition,Competitive,analysis_copy_candidate_Competative_to_Competitive,observed_zero_DOM_only_source_also_reports_5_mg_L,nonnegative_capacity,2.4_pH,source_order_candidate_pending_table_or_figure_confirmation,source methods and contiguous workbook block order; source table/figure row IDs are not available in the XML export
2241,Alkali-modified SCG biochars,ionic_strength_pattern,Q_e_at_equilibrium_condition,Single,raw_label_retained,observed_zero_DOM_only_source_also_reports_5_mg_L,nonnegative_capacity,2.4_ionic_strength,source_order_candidate_pending_table_or_figure_confirmation,source methods and contiguous workbook block order; source table/figure row IDs are not available in the XML export
2242,Alkali-modified SCG biochars,ionic_strength_pattern,Q_e_at_equilibrium_condition,Single,raw_label_retained,observed_zero_DOM_only_source_also_reports_5_mg_L,nonnegative_capacity,2.4_ionic_strength,source_order_candidate_pending_table_or_figure_confirmation,source methods and contiguous workbook block order; source table/figure row IDs are not available in the XML export
2243,Alkali-modified SCG biochars,ionic_strength_pattern,Q_e_at_equilibrium_condition,Single,raw_label_retained,observed_zero_DOM_only_source_also_reports_5_mg_L,nonnegative_capacity,2.4_ionic_strength,source_order_candidate_pending_table_or_figure_confirmation,source methods and contiguous workbook block order; source table/figure row IDs are not available in the XML export
2244,Alkali-modified SCG biochars,ionic_strength_pattern,Q_e_at_equilibrium_condition,Single,raw_label_retained,observed_zero_DOM_only_source_also_reports_5_mg_L,nonnegative_capacity,2.4_ionic_strength,source_order_candidate_pending_table_or_figure_confirmation,source methods and contiguous workbook block order; source table/figure row IDs are not available in the XML export
2245,Alkali-modified SCG biochars,ionic_strength_pattern,Q_e_at_equilibrium_condition,Single,raw_label_retained,observed_zero_DOM_only_source_also_reports_5_mg_L,nonnegative_capacity,2.4_ionic_strength,source_order_candidate_pending_table_or_figure_confirmation,source methods and contiguous workbook block order; source table/figure row IDs are not available in the XML export
2246,Alkali-modified SCG biochars,ionic_strength_pattern,Q_e_at_equilibrium_condition,Single,raw_label_retained,observed_zero_DOM_only_source_also_reports_5_mg_L,nonnegative_capacity,2.4_ionic_strength,source_order_candidate_pending_table_or_figure_confirmation,source methods and contiguous workbook block order; source table/figure row IDs are not available in the XML export
2247,Alkali-modified SCG biochars,ionic_strength_pattern,Q_e_at_equilibrium_condition,Single,raw_label_retained,observed_zero_DOM_only_source_also_reports_5_mg_L,nonnegative_capacity,2.4_ionic_strength,source_order_candidate_pending_table_or_figure_confirmation,source methods and contiguous workbook block order; source table/figure row IDs are not available in the XML export
2248,Alkali-modified SCG biochars,ionic_strength_pattern,Q_e_at_equilibrium_condition,Single,raw_label_retained,observed_zero_DOM_only_source_also_reports_5_mg_L,nonnegative_capacity,2.4_ionic_strength,source_order_candidate_pending_table_or_figure_confirmation,source methods and contiguous workbook block order; source table/figure row IDs are not available in the XML export
2249,Alkali-modified SCG biochars,ionic_strength_pattern,Q_e_at_equilibrium_condition,Single,raw_label_retained,observed_zero_DOM_only_source_also_reports_5_mg_L,nonnegative_capacity,2.4_ionic_strength,source_order_candidate_pending_table_or_figure_confirmation,source methods and contiguous workbook block order; source table/figure row IDs are not available in the XML export
2250,Alkali-modified SCG biochars,ionic_strength_pattern,Q_e_at_equilibrium_condition,Single,raw_label_retained,observed_zero_DOM_only_source_also_reports_5_mg_L,nonnegative_capacity,2.4_ionic_strength,source_order_candidate_pending_table_or_figure_confirmation,source methods and contiguous workbook block order; source table/figure row IDs are not available in the XML export
2251,Alkali-modified SCG biochars,ionic_strength_pattern,Q_e_at_equilibrium_condition,Single,raw_label_retained,observed_zero_DOM_only_source_also_reports_5_mg_L,nonnegative_capacity,2.4_ionic_strength,source_order_candidate_pending_table_or_figure_confirmation,source methods and contiguous workbook block order; source table/figure row IDs are not available in the XML export
2252,Alkali-modified SCG biochars,ionic_strength_pattern,Q_e_at_equilibrium_condition,Single,raw_label_retained,observed_zero_DOM_only_source_also_reports_5_mg_L,nonnegative_capacity,2.4_ionic_strength,source_order_candidate_pending_table_or_figure_confirmation,source methods and contiguous workbook block order; source table/figure row IDs are not available in the XML export
2253,Alkali-modified SCG biochars,ionic_strength_pattern,Q_e_at_equilibrium_condition,Single,raw_label_retained,observed_zero_DOM_only_source_also_reports_5_mg_L,nonnegative_capacity,2.4_ionic_strength,source_order_candidate_pending_table_or_figure_confirmation,source methods and contiguous workbook block order; source table/figure row IDs are not available in the XML export
2254,Alkali-modified SCG biochars,ionic_strength_pattern,Q_e_at_equilibrium_condition,Single,raw_label_retained,observed_zero_DOM_only_source_also_reports_5_mg_L,nonnegative_capacity,2.4_ionic_strength,source_order_candidate_pending_table_or_figure_confirmation,source methods and contiguous workbook block order; source table/figure row IDs are not available in the XML export
2255,Alkali-modified SCG biochars,ionic_strength_pattern,Q_e_at_equilibrium_condition,Single,raw_label_retained,observed_zero_DOM_only_source_also_reports_5_mg_L,nonnegative_capacity,2.4_ionic_strength,source_order_candidate_pending_table_or_figure_confirmation,source methods and contiguous workbook block order; source table/figure row IDs are not available in the XML export
2256,Alkali-modified SCG biochars,ionic_strength_pattern,Q_e_at_equilibrium_condition,Single,raw_label_retained,observed_zero_DOM_only_source_also_reports_5_mg_L,nonnegative_capacity,2.4_ionic_strength,source_order_candidate_pending_table_or_figure_confirmation,source methods and contiguous workbook block order; source table/figure row IDs are not available in the XML export
2257,Alkali-modified SCG biochars,ionic_strength_pattern,Q_e_at_equilibrium_condition,Single,raw_label_retained,observed_zero_DOM_only_source_also_reports_5_mg_L,nonnegative_capacity,2.4_ionic_strength,source_order_candidate_pending_table_or_figure_confirmation,source methods and contiguous workbook block order; source table/figure row IDs are not available in the XML export
2258,Alkali-modified SCG biochars,ionic_strength_pattern,Q_e_at_equilibrium_condition,Single,raw_label_retained,observed_zero_DOM_only_source_also_reports_5_mg_L,nonnegative_capacity,2.4_ionic_strength,source_order_candidate_pending_table_or_figure_confirmation,source methods and contiguous workbook block order; source table/figure row IDs are not available in the XML export
2259,Alkali-modified SCG biochars,ionic_strength_pattern,Q_e_at_equilibrium_condition,Single,raw_label_retained,observed_zero_DOM_only_source_also_reports_5_mg_L,nonnegative_capacity,2.4_ionic_strength,source_order_candidate_pending_table_or_figure_confirmation,source methods and contiguous workbook block order; source table/figure row IDs are not available in the XML export
2260,Alkali-modified SCG biochars,ionic_strength_pattern,Q_e_at_equilibrium_condition,Single,raw_label_retained,observed_zero_DOM_only_source_also_reports_5_mg_L,nonnegative_capacity,2.4_ionic_strength,source_order_candidate_pending_table_or_figure_confirmation,source methods and contiguous workbook block order; source table/figure row IDs are not available in the XML export
2261,Alkali-modified SCG biochars,ionic_strength_pattern,Q_e_at_equilibrium_condition,Single,raw_label_retained,observed_zero_DOM_only_source_also_reports_5_mg_L,nonnegative_capacity,2.4_ionic_strength,source_order_candidate_pending_table_or_figure_confirmation,source methods and contiguous workbook block order; source table/figure row IDs are not available in the XML export
2262,Alkali-modified SCG biochars,ionic_strength_pattern,Q_e_at_equilibrium_condition,Single,raw_label_retained,observed_zero_DOM_only_source_also_reports_5_mg_L,nonnegative_capacity,2.4_ionic_strength,source_order_candidate_pending_table_or_figure_confirmation,source methods and contiguous workbook block order; source table/figure row IDs are not available in the XML export
2263,Alkali-modified SCG biochars,ionic_strength_pattern,Q_e_at_equilibrium_condition,Single,raw_label_retained,observed_zero_DOM_only_source_also_reports_5_mg_L,nonnegative_capacity,2.4_ionic_strength,source_order_candidate_pending_table_or_figure_confirmation,source methods and contiguous workbook block order; source table/figure row IDs are not available in the XML export
2264,Alkali-modified SCG biochars,ionic_strength_pattern,Q_e_at_equilibrium_condition,Single,raw_label_retained,observed_zero_DOM_only_source_also_reports_5_mg_L,nonnegative_capacity,2.4_ionic_strength,source_order_candidate_pending_table_or_figure_confirmation,source methods and contiguous workbook block order; source table/figure row IDs are not available in the XML export
2265,Alkali-modified SCG biochars,ionic_strength_pattern,Q_e_at_equilibrium_condition,Single,raw_label_retained,observed_zero_DOM_only_source_also_reports_5_mg_L,nonnegative_capacity,2.4_ionic_strength,source_order_candidate_pending_table_or_figure_confirmation,source methods and contiguous workbook block order; source table/figure row IDs are not available in the XML export
2266,Alkali-modified SCG biochars,ionic_strength_pattern,Q_e_at_equilibrium_condition,Single,raw_label_retained,observed_zero_DOM_only_source_also_reports_5_mg_L,nonnegative_capacity,2.4_ionic_strength,source_order_candidate_pending_table_or_figure_confirmation,source methods and contiguous workbook block order; source table/figure row IDs are not available in the XML export
2267,Alkali-modified SCG biochars,ionic_strength_pattern,Q_e_at_equilibrium_condition,Single,raw_label_retained,observed_zero_DOM_only_source_also_reports_5_mg_L,nonnegative_capacity,2.4_ionic_strength,source_order_candidate_pending_table_or_figure_confirmation,source methods and contiguous workbook block order; source table/figure row IDs are not available in the XML export
2268,Alkali-modified SCG biochars,ionic_strength_pattern,Q_e_at_equilibrium_condition,Single,raw_label_retained,observed_zero_DOM_only_source_also_reports_5_mg_L,nonnegative_capacity,2.4_ionic_strength,source_order_candidate_pending_table_or_figure_confirmation,source methods and contiguous workbook block order; source table/figure row IDs are not available in the XML export
2269,Alkali-modified SCG biochars,ionic_strength_pattern,Q_e_at_equilibrium_condition,Single,raw_label_retained,observed_zero_DOM_only_source_also_reports_5_mg_L,nonnegative_capacity,2.4_ionic_strength,source_order_candidate_pending_table_or_figure_confirmation,source methods and contiguous workbook block order; source table/figure row IDs are not available in the XML export
2270,Alkali-modified SCG biochars,ionic_strength_pattern,Q_e_at_equilibrium_condition,Single,raw_label_retained,observed_zero_DOM_only_source_also_reports_5_mg_L,nonnegative_capacity,2.4_ionic_strength,source_order_candidate_pending_table_or_figure_confirmation,source methods and contiguous workbook block order; source table/figure row IDs are not available in the XML export
2271,Alkali-modified SCG biochars,ionic_strength_pattern,Q_e_at_equilibrium_condition,Single,raw_label_retained,observed_zero_DOM_only_source_also_reports_5_mg_L,nonnegative_capacity,2.4_ionic_strength,source_order_candidate_pending_table_or_figure_confirmation,source methods and contiguous workbook block order; source table/figure row IDs are not available in the XML export
2272,Alkali-modified SCG biochars,ionic_strength_pattern,Q_e_at_equilibrium_condition,Competitive,analysis_copy_candidate_Competative_to_Competitive,observed_zero_DOM_only_source_also_reports_5_mg_L,nonnegative_capacity,2.4_ionic_strength,source_order_candidate_pending_table_or_figure_confirmation,source methods and contiguous workbook block order; source table/figure row IDs are not available in the XML export
2273,Alkali-modified SCG biochars,ionic_strength_pattern,Q_e_at_equilibrium_condition,Competitive,analysis_copy_candidate_Competative_to_Competitive,observed_zero_DOM_only_source_also_reports_5_mg_L,nonnegative_capacity,2.4_ionic_strength,source_order_candidate_pending_table_or_figure_confirmation,source methods and contiguous workbook block order; source table/figure row IDs are not available in the XML export
2274,Alkali-modified SCG biochars,ionic_strength_pattern,Q_e_at_equilibrium_condition,Competitive,analysis_copy_candidate_Competative_to_Competitive,observed_zero_DOM_only_source_also_reports_5_mg_L,nonnegative_capacity,2.4_ionic_strength,source_order_candidate_pending_table_or_figure_confirmation,source methods and contiguous workbook block order; source table/figure row IDs are not available in the XML export
2275,Alkali-modified SCG biochars,ionic_strength_pattern,Q_e_at_equilibrium_condition,Competitive,analysis_copy_candidate_Competative_to_Competitive,observed_zero_DOM_only_source_also_reports_5_mg_L,nonnegative_capacity,2.4_ionic_strength,source_order_candidate_pending_table_or_figure_confirmation,source methods and contiguous workbook block order; source table/figure row IDs are not available in the XML export
2276,Alkali-modified SCG biochars,ionic_strength_pattern,Q_e_at_equilibrium_condition,Competitive,analysis_copy_candidate_Competative_to_Competitive,observed_zero_DOM_only_source_also_reports_5_mg_L,nonnegative_capacity,2.4_ionic_strength,source_order_candidate_pending_table_or_figure_confirmation,source methods and contiguous workbook block order; source table/figure row IDs are not available in the XML export
2277,Alkali-modified SCG biochars,ionic_strength_pattern,Q_e_at_equilibrium_condition,Competitive,analysis_copy_candidate_Competative_to_Competitive,observed_zero_DOM_only_source_also_reports_5_mg_L,nonnegative_capacity,2.4_ionic_strength,source_order_candidate_pending_table_or_figure_confirmation,source methods and contiguous workbook block order; source table/figure row IDs are not available in the XML export
2278,Alkali-modified SCG biochars,ionic_strength_pattern,Q_e_at_equilibrium_condition,Competitive,analysis_copy_candidate_Competative_to_Competitive,observed_zero_DOM_only_source_also_reports_5_mg_L,nonnegative_capacity,2.4_ionic_strength,source_order_candidate_pending_table_or_figure_confirmation,source methods and contiguous workbook block order; source table/figure row IDs are not available in the XML export
2279,Alkali-modified SCG biochars,ionic_strength_pattern,Q_e_at_equilibrium_condition,Competitive,analysis_copy_candidate_Competative_to_Competitive,observed_zero_DOM_only_source_also_reports_5_mg_L,nonnegative_capacity,2.4_ionic_strength,source_order_candidate_pending_table_or_figure_confirmation,source methods and contiguous workbook block order; source table/figure row IDs are not available in the XML export
2280,Alkali-modified SCG biochars,ionic_strength_pattern,Q_e_at_equilibrium_condition,Competitive,analysis_copy_candidate_Competative_to_Competitive,observed_zero_DOM_only_source_also_reports_5_mg_L,nonnegative_capacity,2.4_ionic_strength,source_order_candidate_pending_table_or_figure_confirmation,source methods and contiguous workbook block order; source table/figure row IDs are not available in the XML export
2281,Alkali-modified SCG biochars,ionic_strength_pattern,Q_e_at_equilibrium_condition,Competitive,analysis_copy_candidate_Competative_to_Competitive,observed_zero_DOM_only_source_also_reports_5_mg_L,nonnegative_capacity,2.4_ionic_strength,source_order_candidate_pending_table_or_figure_confirmation,source methods and contiguous workbook block order; source table/figure row IDs are not available in the XML export
2282,Alkali-modified SCG biochars,ionic_strength_pattern,Q_e_at_equilibrium_condition,Competitive,analysis_copy_candidate_Competative_to_Competitive,observed_zero_DOM_only_source_also_reports_5_mg_L,nonnegative_capacity,2.4_ionic_strength,source_order_candidate_pending_table_or_figure_confirmation,source methods and contiguous workbook block order; source table/figure row IDs are not available in the XML export
2283,Alkali-modified SCG biochars,ionic_strength_pattern,Q_e_at_equilibrium_condition,Competitive,analysis_copy_candidate_Competative_to_Competitive,observed_zero_DOM_only_source_also_reports_5_mg_L,nonnegative_capacity,2.4_ionic_strength,source_order_candidate_pending_table_or_figure_confirmation,source methods and contiguous workbook block order; source table/figure row IDs are not available in the XML export
2284,Alkali-modified SCG biochars,ionic_strength_pattern,Q_e_at_equilibrium_condition,Competitive,analysis_copy_candidate_Competative_to_Competitive,observed_zero_DOM_only_source_also_reports_5_mg_L,nonnegative_capacity,2.4_ionic_strength,source_order_candidate_pending_table_or_figure_confirmation,source methods and contiguous workbook block order; source table/figure row IDs are not available in the XML export
2285,Alkali-modified SCG biochars,ionic_strength_pattern,Q_e_at_equilibrium_condition,Competitive,analysis_copy_candidate_Competative_to_Competitive,observed_zero_DOM_only_source_also_reports_5_mg_L,nonnegative_capacity,2.4_ionic_strength,source_order_candidate_pending_table_or_figure_confirmation,source methods and contiguous workbook block order; source table/figure row IDs are not available in the XML export
2286,Alkali-modified SCG biochars,ionic_strength_pattern,Q_e_at_equilibrium_condition,Competitive,analysis_copy_candidate_Competative_to_Competitive,observed_zero_DOM_only_source_also_reports_5_mg_L,nonnegative_capacity,2.4_ionic_strength,source_order_candidate_pending_table_or_figure_confirmation,source methods and contiguous workbook block order; source table/figure row IDs are not available in the XML export
2287,Alkali-modified SCG biochars,ionic_strength_pattern,Q_e_at_equilibrium_condition,Competitive,analysis_copy_candidate_Competative_to_Competitive,observed_zero_DOM_only_source_also_reports_5_mg_L,nonnegative_capacity,2.4_ionic_strength,source_order_candidate_pending_table_or_figure_confirmation,source methods and contiguous workbook block order; source table/figure row IDs are not available in the XML export
2288,Alkali-modified SCG biochars,ionic_strength_pattern,Q_e_at_equilibrium_condition,Competitive,analysis_copy_candidate_Competative_to_Competitive,observed_zero_DOM_only_source_also_reports_5_mg_L,nonnegative_capacity,2.4_ionic_strength,source_order_candidate_pending_table_or_figure_confirmation,source methods and contiguous workbook block order; source table/figure row IDs are not available in the XML export
2289,Alkali-modified SCG biochars,ionic_strength_pattern,Q_e_at_equilibrium_condition,Competitive,analysis_copy_candidate_Competative_to_Competitive,observed_zero_DOM_only_source_also_reports_5_mg_L,nonnegative_capacity,2.4_ionic_strength,source_order_candidate_pending_table_or_figure_confirmation,source methods and contiguous workbook block order; source table/figure row IDs are not available in the XML export
2290,Alkali-modified SCG biochars,ionic_strength_pattern,Q_e_at_equilibrium_condition,Competitive,analysis_copy_candidate_Competative_to_Competitive,observed_zero_DOM_only_source_also_reports_5_mg_L,nonnegative_capacity,2.4_ionic_strength,source_order_candidate_pending_table_or_figure_confirmation,source methods and contiguous workbook block order; source table/figure row IDs are not available in the XML export
2291,Alkali-modified SCG biochars,ionic_strength_pattern,Q_e_at_equilibrium_condition,Competitive,analysis_copy_candidate_Competative_to_Competitive,observed_zero_DOM_only_source_also_reports_5_mg_L,nonnegative_capacity,2.4_ionic_strength,source_order_candidate_pending_table_or_figure_confirmation,source methods and contiguous workbook block order; source table/figure row IDs are not available in the XML export
2292,Alkali-modified SCG biochars,ionic_strength_pattern,Q_e_at_equilibrium_condition,Competitive,analysis_copy_candidate_Competative_to_Competitive,observed_zero_DOM_only_source_also_reports_5_mg_L,nonnegative_capacity,2.4_ionic_strength,source_order_candidate_pending_table_or_figure_confirmation,source methods and contiguous workbook block order; source table/figure row IDs are not available in the XML export
2293,Alkali-modified SCG biochars,ionic_strength_pattern,Q_e_at_equilibrium_condition,Competitive,analysis_copy_candidate_Competative_to_Competitive,observed_zero_DOM_only_source_also_reports_5_mg_L,nonnegative_capacity,2.4_ionic_strength,source_order_candidate_pending_table_or_figure_confirmation,source methods and contiguous workbook block order; source table/figure row IDs are not available in the XML export
2294,Alkali-modified SCG biochars,ionic_strength_pattern,Q_e_at_equilibrium_condition,Competitive,analysis_copy_candidate_Competative_to_Competitive,observed_zero_DOM_only_source_also_reports_5_mg_L,nonnegative_capacity,2.4_ionic_strength,source_order_candidate_pending_table_or_figure_confirmation,source methods and contiguous workbook block order; source table/figure row IDs are not available in the XML export
2295,Alkali-modified SCG biochars,ionic_strength_pattern,Q_e_at_equilibrium_condition,Competitive,analysis_copy_candidate_Competative_to_Competitive,observed_zero_DOM_only_source_also_reports_5_mg_L,nonnegative_capacity,2.4_ionic_strength,source_order_candidate_pending_table_or_figure_confirmation,source methods and contiguous workbook block order; source table/figure row IDs are not available in the XML export
2296,Alkali-modified SCG biochars,ionic_strength_pattern,Q_e_at_equilibrium_condition,Competitive,analysis_copy_candidate_Competative_to_Competitive,observed_zero_DOM_only_source_also_reports_5_mg_L,nonnegative_capacity,2.4_ionic_strength,source_order_candidate_pending_table_or_figure_confirmation,source methods and contiguous workbook block order; source table/figure row IDs are not available in the XML export
2297,Alkali-modified SCG biochars,ionic_strength_pattern,Q_e_at_equilibrium_condition,Competitive,analysis_copy_candidate_Competative_to_Competitive,observed_zero_DOM_only_source_also_reports_5_mg_L,nonnegative_capacity,2.4_ionic_strength,source_order_candidate_pending_table_or_figure_confirmation,source methods and contiguous workbook block order; source table/figure row IDs are not available in the XML export
2298,Alkali-modified SCG biochars,ionic_strength_pattern,Q_e_at_equilibrium_condition,Competitive,analysis_copy_candidate_Competative_to_Competitive,observed_zero_DOM_only_source_also_reports_5_mg_L,nonnegative_capacity,2.4_ionic_strength,source_order_candidate_pending_table_or_figure_confirmation,source methods and contiguous workbook block order; source table/figure row IDs are not available in the XML export
2299,Alkali-modified SCG biochars,ionic_strength_pattern,Q_e_at_equilibrium_condition,Competitive,analysis_copy_candidate_Competative_to_Competitive,observed_zero_DOM_only_source_also_reports_5_mg_L,nonnegative_capacity,2.4_ionic_strength,source_order_candidate_pending_table_or_figure_confirmation,source methods and contiguous workbook block order; source table/figure row IDs are not available in the XML export
2300,Alkali-modified SCG biochars,ionic_strength_pattern,Q_e_at_equilibrium_condition,Competitive,analysis_copy_candidate_Competative_to_Competitive,observed_zero_DOM_only_source_also_reports_5_mg_L,nonnegative_capacity,2.4_ionic_strength,source_order_candidate_pending_table_or_figure_confirmation,source methods and contiguous workbook block order; source table/figure row IDs are not available in the XML export
2301,Alkali-modified SCG biochars,ionic_strength_pattern,Q_e_at_equilibrium_condition,Competitive,analysis_copy_candidate_Competative_to_Competitive,observed_zero_DOM_only_source_also_reports_5_mg_L,nonnegative_capacity,2.4_ionic_strength,source_order_candidate_pending_table_or_figure_confirmation,source methods and contiguous workbook block order; source table/figure row IDs are not available in the XML export
2302,Alkali-modified SCG biochars,ionic_strength_pattern,Q_e_at_equilibrium_condition,Competitive,analysis_copy_candidate_Competative_to_Competitive,observed_zero_DOM_only_source_also_reports_5_mg_L,nonnegative_capacity,2.4_ionic_strength,source_order_candidate_pending_table_or_figure_confirmation,source methods and contiguous workbook block order; source table/figure row IDs are not available in the XML export
2303,Alkali-modified SCG biochars,ionic_strength_pattern,Q_e_at_equilibrium_condition,Competitive,analysis_copy_candidate_Competative_to_Competitive,observed_zero_DOM_only_source_also_reports_5_mg_L,nonnegative_capacity,2.4_ionic_strength,source_order_candidate_pending_table_or_figure_confirmation,source methods and contiguous workbook block order; source table/figure row IDs are not available in the XML export
2304,Alkali-modified SCG biochars,ionic_strength_pattern,Q_e_at_equilibrium_condition,Competitive,analysis_copy_candidate_Competative_to_Competitive,observed_zero_DOM_only_source_also_reports_5_mg_L,nonnegative_capacity,2.4_ionic_strength,source_order_candidate_pending_table_or_figure_confirmation,source methods and contiguous workbook block order; source table/figure row IDs are not available in the XML export
2305,Alkali-modified SCG biochars,ionic_strength_pattern,Q_e_at_equilibrium_condition,Competitive,analysis_copy_candidate_Competative_to_Competitive,observed_zero_DOM_only_source_also_reports_5_mg_L,nonnegative_capacity,2.4_ionic_strength,source_order_candidate_pending_table_or_figure_confirmation,source methods and contiguous workbook block order; source table/figure row IDs are not available in the XML export
2306,Alkali-modified SCG biochars,ionic_strength_pattern,Q_e_at_equilibrium_condition,Competitive,analysis_copy_candidate_Competative_to_Competitive,observed_zero_DOM_only_source_also_reports_5_mg_L,nonnegative_capacity,2.4_ionic_strength,source_order_candidate_pending_table_or_figure_confirmation,source methods and contiguous workbook block order; source table/figure row IDs are not available in the XML export
2307,Alkali-modified SCG biochars,ionic_strength_pattern,Q_e_at_equilibrium_condition,Competitive,analysis_copy_candidate_Competative_to_Competitive,observed_zero_DOM_only_source_also_reports_5_mg_L,nonnegative_capacity,2.4_ionic_strength,source_order_candidate_pending_table_or_figure_confirmation,source methods and contiguous workbook block order; source table/figure row IDs are not available in the XML export
2308,Alkali-modified SCG biochars,ionic_strength_pattern,Q_e_at_equilibrium_condition,Competitive,analysis_copy_candidate_Competative_to_Competitive,observed_zero_DOM_only_source_also_reports_5_mg_L,nonnegative_capacity,2.4_ionic_strength,source_order_candidate_pending_table_or_figure_confirmation,source methods and contiguous workbook block order; source table/figure row IDs are not available in the XML export
2309,Alkali-modified SCG biochars,ionic_strength_pattern,Q_e_at_equilibrium_condition,Competitive,analysis_copy_candidate_Competative_to_Competitive,observed_zero_DOM_only_source_also_reports_5_mg_L,nonnegative_capacity,2.4_ionic_strength,source_order_candidate_pending_table_or_figure_confirmation,source methods and contiguous workbook block order; source table/figure row IDs are not available in the XML export
2310,Alkali-modified SCG biochars,ionic_strength_pattern,Q_e_at_equilibrium_condition,Competitive,analysis_copy_candidate_Competative_to_Competitive,observed_zero_DOM_only_source_also_reports_5_mg_L,nonnegative_capacity,2.4_ionic_strength,source_order_candidate_pending_table_or_figure_confirmation,source methods and contiguous workbook block order; source table/figure row IDs are not available in the XML export
2311,Alkali-modified SCG biochars,ionic_strength_pattern,Q_e_at_equilibrium_condition,Competitive,analysis_copy_candidate_Competative_to_Competitive,observed_zero_DOM_only_source_also_reports_5_mg_L,nonnegative_capacity,2.4_ionic_strength,source_order_candidate_pending_table_or_figure_confirmation,source methods and contiguous workbook block order; source table/figure row IDs are not available in the XML export
2312,Alkali-modified SCG biochars,ionic_strength_pattern,Q_e_at_equilibrium_condition,Competitive,analysis_copy_candidate_Competative_to_Competitive,observed_zero_DOM_only_source_also_reports_5_mg_L,nonnegative_capacity,2.4_ionic_strength,source_order_candidate_pending_table_or_figure_confirmation,source methods and contiguous workbook block order; source table/figure row IDs are not available in the XML export
2313,Alkali-modified SCG biochars,ionic_strength_pattern,Q_e_at_equilibrium_condition,Competitive,analysis_copy_candidate_Competative_to_Competitive,observed_zero_DOM_only_source_also_reports_5_mg_L,nonnegative_capacity,2.4_ionic_strength,source_order_candidate_pending_table_or_figure_confirmation,source methods and contiguous workbook block order; source table/figure row IDs are not available in the XML export
2314,Alkali-modified SCG biochars,ionic_strength_pattern,Q_e_at_equilibrium_condition,Competitive,analysis_copy_candidate_Competative_to_Competitive,observed_zero_DOM_only_source_also_reports_5_mg_L,nonnegative_capacity,2.4_ionic_strength,source_order_candidate_pending_table_or_figure_confirmation,source methods and contiguous workbook block order; source table/figure row IDs are not available in the XML export
2315,Alkali-modified SCG biochars,ionic_strength_pattern,Q_e_at_equilibrium_condition,Competitive,analysis_copy_candidate_Competative_to_Competitive,observed_zero_DOM_only_source_also_reports_5_mg_L,nonnegative_capacity,2.4_ionic_strength,source_order_candidate_pending_table_or_figure_confirmation,source methods and contiguous workbook block order; source table/figure row IDs are not available in the XML export
2316,Alkali-modified SCG biochars,ionic_strength_pattern,Q_e_at_equilibrium_condition,Competitive,analysis_copy_candidate_Competative_to_Competitive,observed_zero_DOM_only_source_also_reports_5_mg_L,nonnegative_capacity,2.4_ionic_strength,source_order_candidate_pending_table_or_figure_confirmation,source methods and contiguous workbook block order; source table/figure row IDs are not available in the XML export
2317,Alkali-modified SCG biochars,ionic_strength_pattern,Q_e_at_equilibrium_condition,Competitive,analysis_copy_candidate_Competative_to_Competitive,observed_zero_DOM_only_source_also_reports_5_mg_L,nonnegative_capacity,2.4_ionic_strength,source_order_candidate_pending_table_or_figure_confirmation,source methods and contiguous workbook block order; source table/figure row IDs are not available in the XML export
2318,Alkali-modified SCG biochars,ionic_strength_pattern,Q_e_at_equilibrium_condition,Competitive,analysis_copy_candidate_Competative_to_Competitive,observed_zero_DOM_only_source_also_reports_5_mg_L,nonnegative_capacity,2.4_ionic_strength,source_order_candidate_pending_table_or_figure_confirmation,source methods and contiguous workbook block order; source table/figure row IDs are not available in the XML export
2319,Alkali-modified SCG biochars,ionic_strength_pattern,Q_e_at_equilibrium_condition,Competitive,analysis_copy_candidate_Competative_to_Competitive,observed_zero_DOM_only_source_also_reports_5_mg_L,nonnegative_capacity,2.4_ionic_strength,source_order_candidate_pending_table_or_figure_confirmation,source methods and contiguous workbook block order; source table/figure row IDs are not available in the XML export
2320,Alkali-modified SCG biochars,ionic_strength_pattern,Q_e_at_equilibrium_condition,Competitive,analysis_copy_candidate_Competative_to_Competitive,observed_zero_DOM_only_source_also_reports_5_mg_L,nonnegative_capacity,2.4_ionic_strength,source_order_candidate_pending_table_or_figure_confirmation,source methods and contiguous workbook block order; source table/figure row IDs are not available in the XML export
2321,Alkali-modified SCG biochars,ionic_strength_pattern,Q_e_at_equilibrium_condition,Competitive,analysis_copy_candidate_Competative_to_Competitive,observed_zero_DOM_only_source_also_reports_5_mg_L,nonnegative_capacity,2.4_ionic_strength,source_order_candidate_pending_table_or_figure_confirmation,source methods and contiguous workbook block order; source table/figure row IDs are not available in the XML export
2322,Alkali-modified SCG biochars,ionic_strength_pattern,Q_e_at_equilibrium_condition,Competitive,analysis_copy_candidate_Competative_to_Competitive,observed_zero_DOM_only_source_also_reports_5_mg_L,nonnegative_capacity,2.4_ionic_strength,source_order_candidate_pending_table_or_figure_confirmation,source methods and contiguous workbook block order; source table/figure row IDs are not available in the XML export
2323,Alkali-modified SCG biochars,ionic_strength_pattern,Q_e_at_equilibrium_condition,Competitive,analysis_copy_candidate_Competative_to_Competitive,observed_zero_DOM_only_source_also_reports_5_mg_L,nonnegative_capacity,2.4_ionic_strength,source_order_candidate_pending_table_or_figure_confirmation,source methods and contiguous workbook block order; source table/figure row IDs are not available in the XML export
2324,Alkali-modified SCG biochars,ionic_strength_pattern,Q_e_at_equilibrium_condition,Competitive,analysis_copy_candidate_Competative_to_Competitive,observed_zero_DOM_only_source_also_reports_5_mg_L,nonnegative_capacity,2.4_ionic_strength,source_order_candidate_pending_table_or_figure_confirmation,source methods and contiguous workbook block order; source table/figure row IDs are not available in the XML export
2325,Alkali-modified SCG biochars,ionic_strength_pattern,Q_e_at_equilibrium_condition,Competitive,analysis_copy_candidate_Competative_to_Competitive,observed_zero_DOM_only_source_also_reports_5_mg_L,nonnegative_capacity,2.4_ionic_strength,source_order_candidate_pending_table_or_figure_confirmation,source methods and contiguous workbook block order; source table/figure row IDs are not available in the XML export
