source_row_id,original_material_label,candidate_material_label,candidate_series,response_endpoint_candidate,material_label_mapping_status,candidate_time_min,response_quality_status,source_article_section,source_order_mapping_status,series_evidence
3253,CB,CB,kinetics_pattern,Q_t_at_recorded_contact_time,raw_label_retained,0,nonnegative_capacity,2.4_kinetics,source_order_candidate_pending_table_or_figure_confirmation,source methods/Table 2--3 and contiguous workbook block order; source table/figure row IDs are not available in the XML export
3254,CB,CB,kinetics_pattern,Q_t_at_recorded_contact_time,raw_label_retained,30,nonnegative_capacity,2.4_kinetics,source_order_candidate_pending_table_or_figure_confirmation,source methods/Table 2--3 and contiguous workbook block order; source table/figure row IDs are not available in the XML export
3255,CB,CB,kinetics_pattern,Q_t_at_recorded_contact_time,raw_label_retained,60,nonnegative_capacity,2.4_kinetics,source_order_candidate_pending_table_or_figure_confirmation,source methods/Table 2--3 and contiguous workbook block order; source table/figure row IDs are not available in the XML export
3256,CB,CB,kinetics_pattern,Q_t_at_recorded_contact_time,raw_label_retained,120,nonnegative_capacity,2.4_kinetics,source_order_candidate_pending_table_or_figure_confirmation,source methods/Table 2--3 and contiguous workbook block order; source table/figure row IDs are not available in the XML export
3257,CB,CB,kinetics_pattern,Q_t_at_recorded_contact_time,raw_label_retained,240,nonnegative_capacity,2.4_kinetics,source_order_candidate_pending_table_or_figure_confirmation,source methods/Table 2--3 and contiguous workbook block order; source table/figure row IDs are not available in the XML export
3258,CB,CB,kinetics_pattern,Q_t_at_recorded_contact_time,raw_label_retained,480,nonnegative_capacity,2.4_kinetics,source_order_candidate_pending_table_or_figure_confirmation,source methods/Table 2--3 and contiguous workbook block order; source table/figure row IDs are not available in the XML export
3259,CB,CB,kinetics_pattern,Q_t_at_recorded_contact_time,raw_label_retained,720,nonnegative_capacity,2.4_kinetics,source_order_candidate_pending_table_or_figure_confirmation,source methods/Table 2--3 and contiguous workbook block order; source table/figure row IDs are not available in the XML export
3260,CB,CB,kinetics_pattern,Q_t_at_recorded_contact_time,raw_label_retained,960,nonnegative_capacity,2.4_kinetics,source_order_candidate_pending_table_or_figure_confirmation,source methods/Table 2--3 and contiguous workbook block order; source table/figure row IDs are not available in the XML export
3261,CB,CB,kinetics_pattern,Q_t_at_recorded_contact_time,raw_label_retained,1440,nonnegative_capacity,2.4_kinetics,source_order_candidate_pending_table_or_figure_confirmation,source methods/Table 2--3 and contiguous workbook block order; source table/figure row IDs are not available in the XML export
3262,CB,CB,kinetics_pattern,Q_t_at_recorded_contact_time,raw_label_retained,0,nonnegative_capacity,2.4_kinetics,source_order_candidate_pending_table_or_figure_confirmation,source methods/Table 2--3 and contiguous workbook block order; source table/figure row IDs are not available in the XML export
3263,CB,CB,kinetics_pattern,Q_t_at_recorded_contact_time,raw_label_retained,30,nonnegative_capacity,2.4_kinetics,source_order_candidate_pending_table_or_figure_confirmation,source methods/Table 2--3 and contiguous workbook block order; source table/figure row IDs are not available in the XML export
3264,CB,CB,kinetics_pattern,Q_t_at_recorded_contact_time,raw_label_retained,60,nonnegative_capacity,2.4_kinetics,source_order_candidate_pending_table_or_figure_confirmation,source methods/Table 2--3 and contiguous workbook block order; source table/figure row IDs are not available in the XML export
3265,CB,CB,kinetics_pattern,Q_t_at_recorded_contact_time,raw_label_retained,120,nonnegative_capacity,2.4_kinetics,source_order_candidate_pending_table_or_figure_confirmation,source methods/Table 2--3 and contiguous workbook block order; source table/figure row IDs are not available in the XML export
3266,CB,CB,kinetics_pattern,Q_t_at_recorded_contact_time,raw_label_retained,240,nonnegative_capacity,2.4_kinetics,source_order_candidate_pending_table_or_figure_confirmation,source methods/Table 2--3 and contiguous workbook block order; source table/figure row IDs are not available in the XML export
3267,CB,CB,kinetics_pattern,Q_t_at_recorded_contact_time,raw_label_retained,480,nonnegative_capacity,2.4_kinetics,source_order_candidate_pending_table_or_figure_confirmation,source methods/Table 2--3 and contiguous workbook block order; source table/figure row IDs are not available in the XML export
3268,CB,CB,kinetics_pattern,Q_t_at_recorded_contact_time,raw_label_retained,720,nonnegative_capacity,2.4_kinetics,source_order_candidate_pending_table_or_figure_confirmation,source methods/Table 2--3 and contiguous workbook block order; source table/figure row IDs are not available in the XML export
3269,CB,CB,kinetics_pattern,Q_t_at_recorded_contact_time,raw_label_retained,960,nonnegative_capacity,2.4_kinetics,source_order_candidate_pending_table_or_figure_confirmation,source methods/Table 2--3 and contiguous workbook block order; source table/figure row IDs are not available in the XML export
3270,CB,CB,kinetics_pattern,Q_t_at_recorded_contact_time,raw_label_retained,1440,nonnegative_capacity,2.4_kinetics,source_order_candidate_pending_table_or_figure_confirmation,source methods/Table 2--3 and contiguous workbook block order; source table/figure row IDs are not available in the XML export
3271,CB,CB,kinetics_pattern,Q_t_at_recorded_contact_time,raw_label_retained,0,nonnegative_capacity,2.4_kinetics,source_order_candidate_pending_table_or_figure_confirmation,source methods/Table 2--3 and contiguous workbook block order; source table/figure row IDs are not available in the XML export
3272,CB,CB,kinetics_pattern,Q_t_at_recorded_contact_time,raw_label_retained,30,nonnegative_capacity,2.4_kinetics,source_order_candidate_pending_table_or_figure_confirmation,source methods/Table 2--3 and contiguous workbook block order; source table/figure row IDs are not available in the XML export
3273,CB,CB,kinetics_pattern,Q_t_at_recorded_contact_time,raw_label_retained,60,nonnegative_capacity,2.4_kinetics,source_order_candidate_pending_table_or_figure_confirmation,source methods/Table 2--3 and contiguous workbook block order; source table/figure row IDs are not available in the XML export
3274,CB,CB,kinetics_pattern,Q_t_at_recorded_contact_time,raw_label_retained,120,nonnegative_capacity,2.4_kinetics,source_order_candidate_pending_table_or_figure_confirmation,source methods/Table 2--3 and contiguous workbook block order; source table/figure row IDs are not available in the XML export
3275,CB,CB,kinetics_pattern,Q_t_at_recorded_contact_time,raw_label_retained,240,nonnegative_capacity,2.4_kinetics,source_order_candidate_pending_table_or_figure_confirmation,source methods/Table 2--3 and contiguous workbook block order; source table/figure row IDs are not available in the XML export
3276,CB,CB,kinetics_pattern,Q_t_at_recorded_contact_time,raw_label_retained,480,nonnegative_capacity,2.4_kinetics,source_order_candidate_pending_table_or_figure_confirmation,source methods/Table 2--3 and contiguous workbook block order; source table/figure row IDs are not available in the XML export
3277,CB,CB,kinetics_pattern,Q_t_at_recorded_contact_time,raw_label_retained,720,nonnegative_capacity,2.4_kinetics,source_order_candidate_pending_table_or_figure_confirmation,source methods/Table 2--3 and contiguous workbook block order; source table/figure row IDs are not available in the XML export
3278,CB,CB,kinetics_pattern,Q_t_at_recorded_contact_time,raw_label_retained,960,nonnegative_capacity,2.4_kinetics,source_order_candidate_pending_table_or_figure_confirmation,source methods/Table 2--3 and contiguous workbook block order; source table/figure row IDs are not available in the XML export
3279,CB,CB,kinetics_pattern,Q_t_at_recorded_contact_time,raw_label_retained,1440,nonnegative_capacity,2.4_kinetics,source_order_candidate_pending_table_or_figure_confirmation,source methods/Table 2--3 and contiguous workbook block order; source table/figure row IDs are not available in the XML export
3280,MCB,MCB,kinetics_pattern,Q_t_at_recorded_contact_time,raw_label_retained,0,nonnegative_capacity,2.4_kinetics,source_order_candidate_pending_table_or_figure_confirmation,source methods/Table 2--3 and contiguous workbook block order; source table/figure row IDs are not available in the XML export
3281,MCB,MCB,kinetics_pattern,Q_t_at_recorded_contact_time,raw_label_retained,30,nonnegative_capacity,2.4_kinetics,source_order_candidate_pending_table_or_figure_confirmation,source methods/Table 2--3 and contiguous workbook block order; source table/figure row IDs are not available in the XML export
3282,MCB,MCB,kinetics_pattern,Q_t_at_recorded_contact_time,raw_label_retained,60,nonnegative_capacity,2.4_kinetics,source_order_candidate_pending_table_or_figure_confirmation,source methods/Table 2--3 and contiguous workbook block order; source table/figure row IDs are not available in the XML export
3283,MCB,MCB,kinetics_pattern,Q_t_at_recorded_contact_time,raw_label_retained,120,nonnegative_capacity,2.4_kinetics,source_order_candidate_pending_table_or_figure_confirmation,source methods/Table 2--3 and contiguous workbook block order; source table/figure row IDs are not available in the XML export
3284,MCB,MCB,kinetics_pattern,Q_t_at_recorded_contact_time,raw_label_retained,240,nonnegative_capacity,2.4_kinetics,source_order_candidate_pending_table_or_figure_confirmation,source methods/Table 2--3 and contiguous workbook block order; source table/figure row IDs are not available in the XML export
3285,MCB,MCB,kinetics_pattern,Q_t_at_recorded_contact_time,raw_label_retained,480,nonnegative_capacity,2.4_kinetics,source_order_candidate_pending_table_or_figure_confirmation,source methods/Table 2--3 and contiguous workbook block order; source table/figure row IDs are not available in the XML export
3286,MCB,MCB,kinetics_pattern,Q_t_at_recorded_contact_time,raw_label_retained,720,nonnegative_capacity,2.4_kinetics,source_order_candidate_pending_table_or_figure_confirmation,source methods/Table 2--3 and contiguous workbook block order; source table/figure row IDs are not available in the XML export
3287,MCB,MCB,kinetics_pattern,Q_t_at_recorded_contact_time,raw_label_retained,960,nonnegative_capacity,2.4_kinetics,source_order_candidate_pending_table_or_figure_confirmation,source methods/Table 2--3 and contiguous workbook block order; source table/figure row IDs are not available in the XML export
3288,MCB,MCB,kinetics_pattern,Q_t_at_recorded_contact_time,raw_label_retained,1440,nonnegative_capacity,2.4_kinetics,source_order_candidate_pending_table_or_figure_confirmation,source methods/Table 2--3 and contiguous workbook block order; source table/figure row IDs are not available in the XML export
3289,MCB,MCB,kinetics_pattern,Q_t_at_recorded_contact_time,raw_label_retained,0,nonnegative_capacity,2.4_kinetics,source_order_candidate_pending_table_or_figure_confirmation,source methods/Table 2--3 and contiguous workbook block order; source table/figure row IDs are not available in the XML export
3290,MCB,MCB,kinetics_pattern,Q_t_at_recorded_contact_time,raw_label_retained,30,nonnegative_capacity,2.4_kinetics,source_order_candidate_pending_table_or_figure_confirmation,source methods/Table 2--3 and contiguous workbook block order; source table/figure row IDs are not available in the XML export
3291,MCB,MCB,kinetics_pattern,Q_t_at_recorded_contact_time,raw_label_retained,60,nonnegative_capacity,2.4_kinetics,source_order_candidate_pending_table_or_figure_confirmation,source methods/Table 2--3 and contiguous workbook block order; source table/figure row IDs are not available in the XML export
3292,MCB,MCB,kinetics_pattern,Q_t_at_recorded_contact_time,raw_label_retained,120,nonnegative_capacity,2.4_kinetics,source_order_candidate_pending_table_or_figure_confirmation,source methods/Table 2--3 and contiguous workbook block order; source table/figure row IDs are not available in the XML export
3293,MCB,MCB,kinetics_pattern,Q_t_at_recorded_contact_time,raw_label_retained,240,nonnegative_capacity,2.4_kinetics,source_order_candidate_pending_table_or_figure_confirmation,source methods/Table 2--3 and contiguous workbook block order; source table/figure row IDs are not available in the XML export
3294,MCB,MCB,kinetics_pattern,Q_t_at_recorded_contact_time,raw_label_retained,480,nonnegative_capacity,2.4_kinetics,source_order_candidate_pending_table_or_figure_confirmation,source methods/Table 2--3 and contiguous workbook block order; source table/figure row IDs are not available in the XML export
3295,MCB,MCB,kinetics_pattern,Q_t_at_recorded_contact_time,raw_label_retained,720,nonnegative_capacity,2.4_kinetics,source_order_candidate_pending_table_or_figure_confirmation,source methods/Table 2--3 and contiguous workbook block order; source table/figure row IDs are not available in the XML export
3296,MCB,MCB,kinetics_pattern,Q_t_at_recorded_contact_time,raw_label_retained,960,nonnegative_capacity,2.4_kinetics,source_order_candidate_pending_table_or_figure_confirmation,source methods/Table 2--3 and contiguous workbook block order; source table/figure row IDs are not available in the XML export
3297,MCB,MCB,kinetics_pattern,Q_t_at_recorded_contact_time,raw_label_retained,1440,nonnegative_capacity,2.4_kinetics,source_order_candidate_pending_table_or_figure_confirmation,source methods/Table 2--3 and contiguous workbook block order; source table/figure row IDs are not available in the XML export
3298,MCB,MCB,kinetics_pattern,Q_t_at_recorded_contact_time,raw_label_retained,0,nonnegative_capacity,2.4_kinetics,source_order_candidate_pending_table_or_figure_confirmation,source methods/Table 2--3 and contiguous workbook block order; source table/figure row IDs are not available in the XML export
3299,MCB,MCB,kinetics_pattern,Q_t_at_recorded_contact_time,raw_label_retained,30,nonnegative_capacity,2.4_kinetics,source_order_candidate_pending_table_or_figure_confirmation,source methods/Table 2--3 and contiguous workbook block order; source table/figure row IDs are not available in the XML export
3300,MCB,MCB,kinetics_pattern,Q_t_at_recorded_contact_time,raw_label_retained,60,nonnegative_capacity,2.4_kinetics,source_order_candidate_pending_table_or_figure_confirmation,source methods/Table 2--3 and contiguous workbook block order; source table/figure row IDs are not available in the XML export
3301,MCB,MCB,kinetics_pattern,Q_t_at_recorded_contact_time,raw_label_retained,120,nonnegative_capacity,2.4_kinetics,source_order_candidate_pending_table_or_figure_confirmation,source methods/Table 2--3 and contiguous workbook block order; source table/figure row IDs are not available in the XML export
3302,MCB,MCB,kinetics_pattern,Q_t_at_recorded_contact_time,raw_label_retained,240,nonnegative_capacity,2.4_kinetics,source_order_candidate_pending_table_or_figure_confirmation,source methods/Table 2--3 and contiguous workbook block order; source table/figure row IDs are not available in the XML export
3303,MCB,MCB,kinetics_pattern,Q_t_at_recorded_contact_time,raw_label_retained,480,nonnegative_capacity,2.4_kinetics,source_order_candidate_pending_table_or_figure_confirmation,source methods/Table 2--3 and contiguous workbook block order; source table/figure row IDs are not available in the XML export
3304,MCB,MCB,kinetics_pattern,Q_t_at_recorded_contact_time,raw_label_retained,720,nonnegative_capacity,2.4_kinetics,source_order_candidate_pending_table_or_figure_confirmation,source methods/Table 2--3 and contiguous workbook block order; source table/figure row IDs are not available in the XML export
3305,MCB,MCB,kinetics_pattern,Q_t_at_recorded_contact_time,raw_label_retained,960,nonnegative_capacity,2.4_kinetics,source_order_candidate_pending_table_or_figure_confirmation,source methods/Table 2--3 and contiguous workbook block order; source table/figure row IDs are not available in the XML export
3306,MCB,MCB,kinetics_pattern,Q_t_at_recorded_contact_time,raw_label_retained,1440,nonnegative_capacity,2.4_kinetics,source_order_candidate_pending_table_or_figure_confirmation,source methods/Table 2--3 and contiguous workbook block order; source table/figure row IDs are not available in the XML export
3307,AMCB,MACB,kinetics_pattern,Q_t_at_recorded_contact_time,analysis_copy_candidate_AMCB_to_MACB,0,nonnegative_capacity,2.4_kinetics,source_order_candidate_pending_table_or_figure_confirmation,source methods/Table 2--3 and contiguous workbook block order; source table/figure row IDs are not available in the XML export
3308,AMCB,MACB,kinetics_pattern,Q_t_at_recorded_contact_time,analysis_copy_candidate_AMCB_to_MACB,30,nonnegative_capacity,2.4_kinetics,source_order_candidate_pending_table_or_figure_confirmation,source methods/Table 2--3 and contiguous workbook block order; source table/figure row IDs are not available in the XML export
3309,AMCB,MACB,kinetics_pattern,Q_t_at_recorded_contact_time,analysis_copy_candidate_AMCB_to_MACB,60,nonnegative_capacity,2.4_kinetics,source_order_candidate_pending_table_or_figure_confirmation,source methods/Table 2--3 and contiguous workbook block order; source table/figure row IDs are not available in the XML export
3310,AMCB,MACB,kinetics_pattern,Q_t_at_recorded_contact_time,analysis_copy_candidate_AMCB_to_MACB,120,nonnegative_capacity,2.4_kinetics,source_order_candidate_pending_table_or_figure_confirmation,source methods/Table 2--3 and contiguous workbook block order; source table/figure row IDs are not available in the XML export
3311,AMCB,MACB,kinetics_pattern,Q_t_at_recorded_contact_time,analysis_copy_candidate_AMCB_to_MACB,240,nonnegative_capacity,2.4_kinetics,source_order_candidate_pending_table_or_figure_confirmation,source methods/Table 2--3 and contiguous workbook block order; source table/figure row IDs are not available in the XML export
3312,AMCB,MACB,kinetics_pattern,Q_t_at_recorded_contact_time,analysis_copy_candidate_AMCB_to_MACB,480,nonnegative_capacity,2.4_kinetics,source_order_candidate_pending_table_or_figure_confirmation,source methods/Table 2--3 and contiguous workbook block order; source table/figure row IDs are not available in the XML export
3313,AMCB,MACB,kinetics_pattern,Q_t_at_recorded_contact_time,analysis_copy_candidate_AMCB_to_MACB,720,nonnegative_capacity,2.4_kinetics,source_order_candidate_pending_table_or_figure_confirmation,source methods/Table 2--3 and contiguous workbook block order; source table/figure row IDs are not available in the XML export
3314,AMCB,MACB,kinetics_pattern,Q_t_at_recorded_contact_time,analysis_copy_candidate_AMCB_to_MACB,960,nonnegative_capacity,2.4_kinetics,source_order_candidate_pending_table_or_figure_confirmation,source methods/Table 2--3 and contiguous workbook block order; source table/figure row IDs are not available in the XML export
3315,AMCB,MACB,kinetics_pattern,Q_t_at_recorded_contact_time,analysis_copy_candidate_AMCB_to_MACB,1440,nonnegative_capacity,2.4_kinetics,source_order_candidate_pending_table_or_figure_confirmation,source methods/Table 2--3 and contiguous workbook block order; source table/figure row IDs are not available in the XML export
3316,AMCB,MACB,kinetics_pattern,Q_t_at_recorded_contact_time,analysis_copy_candidate_AMCB_to_MACB,0,nonnegative_capacity,2.4_kinetics,source_order_candidate_pending_table_or_figure_confirmation,source methods/Table 2--3 and contiguous workbook block order; source table/figure row IDs are not available in the XML export
3317,AMCB,MACB,kinetics_pattern,Q_t_at_recorded_contact_time,analysis_copy_candidate_AMCB_to_MACB,30,nonnegative_capacity,2.4_kinetics,source_order_candidate_pending_table_or_figure_confirmation,source methods/Table 2--3 and contiguous workbook block order; source table/figure row IDs are not available in the XML export
3318,AMCB,MACB,kinetics_pattern,Q_t_at_recorded_contact_time,analysis_copy_candidate_AMCB_to_MACB,60,nonnegative_capacity,2.4_kinetics,source_order_candidate_pending_table_or_figure_confirmation,source methods/Table 2--3 and contiguous workbook block order; source table/figure row IDs are not available in the XML export
3319,AMCB,MACB,kinetics_pattern,Q_t_at_recorded_contact_time,analysis_copy_candidate_AMCB_to_MACB,120,nonnegative_capacity,2.4_kinetics,source_order_candidate_pending_table_or_figure_confirmation,source methods/Table 2--3 and contiguous workbook block order; source table/figure row IDs are not available in the XML export
3320,AMCB,MACB,kinetics_pattern,Q_t_at_recorded_contact_time,analysis_copy_candidate_AMCB_to_MACB,240,nonnegative_capacity,2.4_kinetics,source_order_candidate_pending_table_or_figure_confirmation,source methods/Table 2--3 and contiguous workbook block order; source table/figure row IDs are not available in the XML export
3321,AMCB,MACB,kinetics_pattern,Q_t_at_recorded_contact_time,analysis_copy_candidate_AMCB_to_MACB,480,nonnegative_capacity,2.4_kinetics,source_order_candidate_pending_table_or_figure_confirmation,source methods/Table 2--3 and contiguous workbook block order; source table/figure row IDs are not available in the XML export
3322,AMCB,MACB,kinetics_pattern,Q_t_at_recorded_contact_time,analysis_copy_candidate_AMCB_to_MACB,720,nonnegative_capacity,2.4_kinetics,source_order_candidate_pending_table_or_figure_confirmation,source methods/Table 2--3 and contiguous workbook block order; source table/figure row IDs are not available in the XML export
3323,AMCB,MACB,kinetics_pattern,Q_t_at_recorded_contact_time,analysis_copy_candidate_AMCB_to_MACB,960,nonnegative_capacity,2.4_kinetics,source_order_candidate_pending_table_or_figure_confirmation,source methods/Table 2--3 and contiguous workbook block order; source table/figure row IDs are not available in the XML export
3324,AMCB,MACB,kinetics_pattern,Q_t_at_recorded_contact_time,analysis_copy_candidate_AMCB_to_MACB,1440,nonnegative_capacity,2.4_kinetics,source_order_candidate_pending_table_or_figure_confirmation,source methods/Table 2--3 and contiguous workbook block order; source table/figure row IDs are not available in the XML export
3325,AMCB,MACB,kinetics_pattern,Q_t_at_recorded_contact_time,analysis_copy_candidate_AMCB_to_MACB,0,nonnegative_capacity,2.4_kinetics,source_order_candidate_pending_table_or_figure_confirmation,source methods/Table 2--3 and contiguous workbook block order; source table/figure row IDs are not available in the XML export
3326,AMCB,MACB,kinetics_pattern,Q_t_at_recorded_contact_time,analysis_copy_candidate_AMCB_to_MACB,30,nonnegative_capacity,2.4_kinetics,source_order_candidate_pending_table_or_figure_confirmation,source methods/Table 2--3 and contiguous workbook block order; source table/figure row IDs are not available in the XML export
3327,AMCB,MACB,kinetics_pattern,Q_t_at_recorded_contact_time,analysis_copy_candidate_AMCB_to_MACB,60,nonnegative_capacity,2.4_kinetics,source_order_candidate_pending_table_or_figure_confirmation,source methods/Table 2--3 and contiguous workbook block order; source table/figure row IDs are not available in the XML export
3328,AMCB,MACB,kinetics_pattern,Q_t_at_recorded_contact_time,analysis_copy_candidate_AMCB_to_MACB,120,nonnegative_capacity,2.4_kinetics,source_order_candidate_pending_table_or_figure_confirmation,source methods/Table 2--3 and contiguous workbook block order; source table/figure row IDs are not available in the XML export
3329,AMCB,MACB,kinetics_pattern,Q_t_at_recorded_contact_time,analysis_copy_candidate_AMCB_to_MACB,240,nonnegative_capacity,2.4_kinetics,source_order_candidate_pending_table_or_figure_confirmation,source methods/Table 2--3 and contiguous workbook block order; source table/figure row IDs are not available in the XML export
3330,AMCB,MACB,kinetics_pattern,Q_t_at_recorded_contact_time,analysis_copy_candidate_AMCB_to_MACB,480,nonnegative_capacity,2.4_kinetics,source_order_candidate_pending_table_or_figure_confirmation,source methods/Table 2--3 and contiguous workbook block order; source table/figure row IDs are not available in the XML export
3331,AMCB,MACB,kinetics_pattern,Q_t_at_recorded_contact_time,analysis_copy_candidate_AMCB_to_MACB,720,nonnegative_capacity,2.4_kinetics,source_order_candidate_pending_table_or_figure_confirmation,source methods/Table 2--3 and contiguous workbook block order; source table/figure row IDs are not available in the XML export
3332,AMCB,MACB,kinetics_pattern,Q_t_at_recorded_contact_time,analysis_copy_candidate_AMCB_to_MACB,960,nonnegative_capacity,2.4_kinetics,source_order_candidate_pending_table_or_figure_confirmation,source methods/Table 2--3 and contiguous workbook block order; source table/figure row IDs are not available in the XML export
3333,AMCB,MACB,kinetics_pattern,Q_t_at_recorded_contact_time,analysis_copy_candidate_AMCB_to_MACB,1440,nonnegative_capacity,2.4_kinetics,source_order_candidate_pending_table_or_figure_confirmation,source methods/Table 2--3 and contiguous workbook block order; source table/figure row IDs are not available in the XML export
3334,CB,CB,kinetics_pattern,Q_t_at_recorded_contact_time,raw_label_retained,0,nonnegative_capacity,2.4_kinetics,source_order_candidate_pending_table_or_figure_confirmation,source methods/Table 2--3 and contiguous workbook block order; source table/figure row IDs are not available in the XML export
3335,CB,CB,kinetics_pattern,Q_t_at_recorded_contact_time,raw_label_retained,30,nonnegative_capacity,2.4_kinetics,source_order_candidate_pending_table_or_figure_confirmation,source methods/Table 2--3 and contiguous workbook block order; source table/figure row IDs are not available in the XML export
3336,CB,CB,kinetics_pattern,Q_t_at_recorded_contact_time,raw_label_retained,60,nonnegative_capacity,2.4_kinetics,source_order_candidate_pending_table_or_figure_confirmation,source methods/Table 2--3 and contiguous workbook block order; source table/figure row IDs are not available in the XML export
3337,CB,CB,kinetics_pattern,Q_t_at_recorded_contact_time,raw_label_retained,120,nonnegative_capacity,2.4_kinetics,source_order_candidate_pending_table_or_figure_confirmation,source methods/Table 2--3 and contiguous workbook block order; source table/figure row IDs are not available in the XML export
3338,CB,CB,kinetics_pattern,Q_t_at_recorded_contact_time,raw_label_retained,240,nonnegative_capacity,2.4_kinetics,source_order_candidate_pending_table_or_figure_confirmation,source methods/Table 2--3 and contiguous workbook block order; source table/figure row IDs are not available in the XML export
3339,CB,CB,kinetics_pattern,Q_t_at_recorded_contact_time,raw_label_retained,480,nonnegative_capacity,2.4_kinetics,source_order_candidate_pending_table_or_figure_confirmation,source methods/Table 2--3 and contiguous workbook block order; source table/figure row IDs are not available in the XML export
3340,CB,CB,kinetics_pattern,Q_t_at_recorded_contact_time,raw_label_retained,720,nonnegative_capacity,2.4_kinetics,source_order_candidate_pending_table_or_figure_confirmation,source methods/Table 2--3 and contiguous workbook block order; source table/figure row IDs are not available in the XML export
3341,CB,CB,kinetics_pattern,Q_t_at_recorded_contact_time,raw_label_retained,960,nonnegative_capacity,2.4_kinetics,source_order_candidate_pending_table_or_figure_confirmation,source methods/Table 2--3 and contiguous workbook block order; source table/figure row IDs are not available in the XML export
3342,CB,CB,kinetics_pattern,Q_t_at_recorded_contact_time,raw_label_retained,1440,nonnegative_capacity,2.4_kinetics,source_order_candidate_pending_table_or_figure_confirmation,source methods/Table 2--3 and contiguous workbook block order; source table/figure row IDs are not available in the XML export
3343,CB,CB,kinetics_pattern,Q_t_at_recorded_contact_time,raw_label_retained,0,nonnegative_capacity,2.4_kinetics,source_order_candidate_pending_table_or_figure_confirmation,source methods/Table 2--3 and contiguous workbook block order; source table/figure row IDs are not available in the XML export
3344,CB,CB,kinetics_pattern,Q_t_at_recorded_contact_time,raw_label_retained,30,nonnegative_capacity,2.4_kinetics,source_order_candidate_pending_table_or_figure_confirmation,source methods/Table 2--3 and contiguous workbook block order; source table/figure row IDs are not available in the XML export
3345,CB,CB,kinetics_pattern,Q_t_at_recorded_contact_time,raw_label_retained,60,nonnegative_capacity,2.4_kinetics,source_order_candidate_pending_table_or_figure_confirmation,source methods/Table 2--3 and contiguous workbook block order; source table/figure row IDs are not available in the XML export
3346,CB,CB,kinetics_pattern,Q_t_at_recorded_contact_time,raw_label_retained,120,nonnegative_capacity,2.4_kinetics,source_order_candidate_pending_table_or_figure_confirmation,source methods/Table 2--3 and contiguous workbook block order; source table/figure row IDs are not available in the XML export
3347,CB,CB,kinetics_pattern,Q_t_at_recorded_contact_time,raw_label_retained,240,nonnegative_capacity,2.4_kinetics,source_order_candidate_pending_table_or_figure_confirmation,source methods/Table 2--3 and contiguous workbook block order; source table/figure row IDs are not available in the XML export
3348,CB,CB,kinetics_pattern,Q_t_at_recorded_contact_time,raw_label_retained,480,nonnegative_capacity,2.4_kinetics,source_order_candidate_pending_table_or_figure_confirmation,source methods/Table 2--3 and contiguous workbook block order; source table/figure row IDs are not available in the XML export
3349,CB,CB,kinetics_pattern,Q_t_at_recorded_contact_time,raw_label_retained,720,nonnegative_capacity,2.4_kinetics,source_order_candidate_pending_table_or_figure_confirmation,source methods/Table 2--3 and contiguous workbook block order; source table/figure row IDs are not available in the XML export
3350,CB,CB,kinetics_pattern,Q_t_at_recorded_contact_time,raw_label_retained,960,nonnegative_capacity,2.4_kinetics,source_order_candidate_pending_table_or_figure_confirmation,source methods/Table 2--3 and contiguous workbook block order; source table/figure row IDs are not available in the XML export
3351,CB,CB,kinetics_pattern,Q_t_at_recorded_contact_time,raw_label_retained,1440,nonnegative_capacity,2.4_kinetics,source_order_candidate_pending_table_or_figure_confirmation,source methods/Table 2--3 and contiguous workbook block order; source table/figure row IDs are not available in the XML export
3352,CB,CB,kinetics_pattern,Q_t_at_recorded_contact_time,raw_label_retained,0,nonnegative_capacity,2.4_kinetics,source_order_candidate_pending_table_or_figure_confirmation,source methods/Table 2--3 and contiguous workbook block order; source table/figure row IDs are not available in the XML export
3353,CB,CB,kinetics_pattern,Q_t_at_recorded_contact_time,raw_label_retained,30,nonnegative_capacity,2.4_kinetics,source_order_candidate_pending_table_or_figure_confirmation,source methods/Table 2--3 and contiguous workbook block order; source table/figure row IDs are not available in the XML export
3354,CB,CB,kinetics_pattern,Q_t_at_recorded_contact_time,raw_label_retained,60,nonnegative_capacity,2.4_kinetics,source_order_candidate_pending_table_or_figure_confirmation,source methods/Table 2--3 and contiguous workbook block order; source table/figure row IDs are not available in the XML export
3355,CB,CB,kinetics_pattern,Q_t_at_recorded_contact_time,raw_label_retained,120,nonnegative_capacity,2.4_kinetics,source_order_candidate_pending_table_or_figure_confirmation,source methods/Table 2--3 and contiguous workbook block order; source table/figure row IDs are not available in the XML export
3356,CB,CB,kinetics_pattern,Q_t_at_recorded_contact_time,raw_label_retained,240,nonnegative_capacity,2.4_kinetics,source_order_candidate_pending_table_or_figure_confirmation,source methods/Table 2--3 and contiguous workbook block order; source table/figure row IDs are not available in the XML export
3357,CB,CB,kinetics_pattern,Q_t_at_recorded_contact_time,raw_label_retained,480,nonnegative_capacity,2.4_kinetics,source_order_candidate_pending_table_or_figure_confirmation,source methods/Table 2--3 and contiguous workbook block order; source table/figure row IDs are not available in the XML export
3358,CB,CB,kinetics_pattern,Q_t_at_recorded_contact_time,raw_label_retained,720,nonnegative_capacity,2.4_kinetics,source_order_candidate_pending_table_or_figure_confirmation,source methods/Table 2--3 and contiguous workbook block order; source table/figure row IDs are not available in the XML export
3359,CB,CB,kinetics_pattern,Q_t_at_recorded_contact_time,raw_label_retained,960,nonnegative_capacity,2.4_kinetics,source_order_candidate_pending_table_or_figure_confirmation,source methods/Table 2--3 and contiguous workbook block order; source table/figure row IDs are not available in the XML export
3360,CB,CB,kinetics_pattern,Q_t_at_recorded_contact_time,raw_label_retained,1440,nonnegative_capacity,2.4_kinetics,source_order_candidate_pending_table_or_figure_confirmation,source methods/Table 2--3 and contiguous workbook block order; source table/figure row IDs are not available in the XML export
3361,MCB,MCB,kinetics_pattern,Q_t_at_recorded_contact_time,raw_label_retained,0,nonnegative_capacity,2.4_kinetics,source_order_candidate_pending_table_or_figure_confirmation,source methods/Table 2--3 and contiguous workbook block order; source table/figure row IDs are not available in the XML export
3362,MCB,MCB,kinetics_pattern,Q_t_at_recorded_contact_time,raw_label_retained,30,nonnegative_capacity,2.4_kinetics,source_order_candidate_pending_table_or_figure_confirmation,source methods/Table 2--3 and contiguous workbook block order; source table/figure row IDs are not available in the XML export
3363,MCB,MCB,kinetics_pattern,Q_t_at_recorded_contact_time,raw_label_retained,60,nonnegative_capacity,2.4_kinetics,source_order_candidate_pending_table_or_figure_confirmation,source methods/Table 2--3 and contiguous workbook block order; source table/figure row IDs are not available in the XML export
3364,MCB,MCB,kinetics_pattern,Q_t_at_recorded_contact_time,raw_label_retained,120,nonnegative_capacity,2.4_kinetics,source_order_candidate_pending_table_or_figure_confirmation,source methods/Table 2--3 and contiguous workbook block order; source table/figure row IDs are not available in the XML export
3365,MCB,MCB,kinetics_pattern,Q_t_at_recorded_contact_time,raw_label_retained,240,nonnegative_capacity,2.4_kinetics,source_order_candidate_pending_table_or_figure_confirmation,source methods/Table 2--3 and contiguous workbook block order; source table/figure row IDs are not available in the XML export
3366,MCB,MCB,kinetics_pattern,Q_t_at_recorded_contact_time,raw_label_retained,480,nonnegative_capacity,2.4_kinetics,source_order_candidate_pending_table_or_figure_confirmation,source methods/Table 2--3 and contiguous workbook block order; source table/figure row IDs are not available in the XML export
3367,MCB,MCB,kinetics_pattern,Q_t_at_recorded_contact_time,raw_label_retained,720,nonnegative_capacity,2.4_kinetics,source_order_candidate_pending_table_or_figure_confirmation,source methods/Table 2--3 and contiguous workbook block order; source table/figure row IDs are not available in the XML export
3368,MCB,MCB,kinetics_pattern,Q_t_at_recorded_contact_time,raw_label_retained,960,nonnegative_capacity,2.4_kinetics,source_order_candidate_pending_table_or_figure_confirmation,source methods/Table 2--3 and contiguous workbook block order; source table/figure row IDs are not available in the XML export
3369,MCB,MCB,kinetics_pattern,Q_t_at_recorded_contact_time,raw_label_retained,1440,nonnegative_capacity,2.4_kinetics,source_order_candidate_pending_table_or_figure_confirmation,source methods/Table 2--3 and contiguous workbook block order; source table/figure row IDs are not available in the XML export
3370,MCB,MCB,kinetics_pattern,Q_t_at_recorded_contact_time,raw_label_retained,0,nonnegative_capacity,2.4_kinetics,source_order_candidate_pending_table_or_figure_confirmation,source methods/Table 2--3 and contiguous workbook block order; source table/figure row IDs are not available in the XML export
3371,MCB,MCB,kinetics_pattern,Q_t_at_recorded_contact_time,raw_label_retained,30,nonnegative_capacity,2.4_kinetics,source_order_candidate_pending_table_or_figure_confirmation,source methods/Table 2--3 and contiguous workbook block order; source table/figure row IDs are not available in the XML export
3372,MCB,MCB,kinetics_pattern,Q_t_at_recorded_contact_time,raw_label_retained,60,nonnegative_capacity,2.4_kinetics,source_order_candidate_pending_table_or_figure_confirmation,source methods/Table 2--3 and contiguous workbook block order; source table/figure row IDs are not available in the XML export
3373,MCB,MCB,kinetics_pattern,Q_t_at_recorded_contact_time,raw_label_retained,120,nonnegative_capacity,2.4_kinetics,source_order_candidate_pending_table_or_figure_confirmation,source methods/Table 2--3 and contiguous workbook block order; source table/figure row IDs are not available in the XML export
3374,MCB,MCB,kinetics_pattern,Q_t_at_recorded_contact_time,raw_label_retained,240,nonnegative_capacity,2.4_kinetics,source_order_candidate_pending_table_or_figure_confirmation,source methods/Table 2--3 and contiguous workbook block order; source table/figure row IDs are not available in the XML export
3375,MCB,MCB,kinetics_pattern,Q_t_at_recorded_contact_time,raw_label_retained,480,nonnegative_capacity,2.4_kinetics,source_order_candidate_pending_table_or_figure_confirmation,source methods/Table 2--3 and contiguous workbook block order; source table/figure row IDs are not available in the XML export
3376,MCB,MCB,kinetics_pattern,Q_t_at_recorded_contact_time,raw_label_retained,720,nonnegative_capacity,2.4_kinetics,source_order_candidate_pending_table_or_figure_confirmation,source methods/Table 2--3 and contiguous workbook block order; source table/figure row IDs are not available in the XML export
3377,MCB,MCB,kinetics_pattern,Q_t_at_recorded_contact_time,raw_label_retained,960,nonnegative_capacity,2.4_kinetics,source_order_candidate_pending_table_or_figure_confirmation,source methods/Table 2--3 and contiguous workbook block order; source table/figure row IDs are not available in the XML export
3378,MCB,MCB,kinetics_pattern,Q_t_at_recorded_contact_time,raw_label_retained,1440,nonnegative_capacity,2.4_kinetics,source_order_candidate_pending_table_or_figure_confirmation,source methods/Table 2--3 and contiguous workbook block order; source table/figure row IDs are not available in the XML export
3379,MCB,MCB,kinetics_pattern,Q_t_at_recorded_contact_time,raw_label_retained,0,nonnegative_capacity,2.4_kinetics,source_order_candidate_pending_table_or_figure_confirmation,source methods/Table 2--3 and contiguous workbook block order; source table/figure row IDs are not available in the XML export
3380,MCB,MCB,kinetics_pattern,Q_t_at_recorded_contact_time,raw_label_retained,30,nonnegative_capacity,2.4_kinetics,source_order_candidate_pending_table_or_figure_confirmation,source methods/Table 2--3 and contiguous workbook block order; source table/figure row IDs are not available in the XML export
3381,MCB,MCB,kinetics_pattern,Q_t_at_recorded_contact_time,raw_label_retained,60,nonnegative_capacity,2.4_kinetics,source_order_candidate_pending_table_or_figure_confirmation,source methods/Table 2--3 and contiguous workbook block order; source table/figure row IDs are not available in the XML export
3382,MCB,MCB,kinetics_pattern,Q_t_at_recorded_contact_time,raw_label_retained,120,nonnegative_capacity,2.4_kinetics,source_order_candidate_pending_table_or_figure_confirmation,source methods/Table 2--3 and contiguous workbook block order; source table/figure row IDs are not available in the XML export
3383,MCB,MCB,kinetics_pattern,Q_t_at_recorded_contact_time,raw_label_retained,240,nonnegative_capacity,2.4_kinetics,source_order_candidate_pending_table_or_figure_confirmation,source methods/Table 2--3 and contiguous workbook block order; source table/figure row IDs are not available in the XML export
3384,MCB,MCB,kinetics_pattern,Q_t_at_recorded_contact_time,raw_label_retained,480,nonnegative_capacity,2.4_kinetics,source_order_candidate_pending_table_or_figure_confirmation,source methods/Table 2--3 and contiguous workbook block order; source table/figure row IDs are not available in the XML export
3385,MCB,MCB,kinetics_pattern,Q_t_at_recorded_contact_time,raw_label_retained,720,nonnegative_capacity,2.4_kinetics,source_order_candidate_pending_table_or_figure_confirmation,source methods/Table 2--3 and contiguous workbook block order; source table/figure row IDs are not available in the XML export
3386,MCB,MCB,kinetics_pattern,Q_t_at_recorded_contact_time,raw_label_retained,960,nonnegative_capacity,2.4_kinetics,source_order_candidate_pending_table_or_figure_confirmation,source methods/Table 2--3 and contiguous workbook block order; source table/figure row IDs are not available in the XML export
3387,MCB,MCB,kinetics_pattern,Q_t_at_recorded_contact_time,raw_label_retained,1440,nonnegative_capacity,2.4_kinetics,source_order_candidate_pending_table_or_figure_confirmation,source methods/Table 2--3 and contiguous workbook block order; source table/figure row IDs are not available in the XML export
3388,AMCB,MACB,kinetics_pattern,Q_t_at_recorded_contact_time,analysis_copy_candidate_AMCB_to_MACB,0,nonnegative_capacity,2.4_kinetics,source_order_candidate_pending_table_or_figure_confirmation,source methods/Table 2--3 and contiguous workbook block order; source table/figure row IDs are not available in the XML export
3389,AMCB,MACB,kinetics_pattern,Q_t_at_recorded_contact_time,analysis_copy_candidate_AMCB_to_MACB,30,nonnegative_capacity,2.4_kinetics,source_order_candidate_pending_table_or_figure_confirmation,source methods/Table 2--3 and contiguous workbook block order; source table/figure row IDs are not available in the XML export
3390,AMCB,MACB,kinetics_pattern,Q_t_at_recorded_contact_time,analysis_copy_candidate_AMCB_to_MACB,60,nonnegative_capacity,2.4_kinetics,source_order_candidate_pending_table_or_figure_confirmation,source methods/Table 2--3 and contiguous workbook block order; source table/figure row IDs are not available in the XML export
3391,AMCB,MACB,kinetics_pattern,Q_t_at_recorded_contact_time,analysis_copy_candidate_AMCB_to_MACB,120,nonnegative_capacity,2.4_kinetics,source_order_candidate_pending_table_or_figure_confirmation,source methods/Table 2--3 and contiguous workbook block order; source table/figure row IDs are not available in the XML export
3392,AMCB,MACB,kinetics_pattern,Q_t_at_recorded_contact_time,analysis_copy_candidate_AMCB_to_MACB,240,nonnegative_capacity,2.4_kinetics,source_order_candidate_pending_table_or_figure_confirmation,source methods/Table 2--3 and contiguous workbook block order; source table/figure row IDs are not available in the XML export
3393,AMCB,MACB,kinetics_pattern,Q_t_at_recorded_contact_time,analysis_copy_candidate_AMCB_to_MACB,480,nonnegative_capacity,2.4_kinetics,source_order_candidate_pending_table_or_figure_confirmation,source methods/Table 2--3 and contiguous workbook block order; source table/figure row IDs are not available in the XML export
3394,AMCB,MACB,kinetics_pattern,Q_t_at_recorded_contact_time,analysis_copy_candidate_AMCB_to_MACB,720,nonnegative_capacity,2.4_kinetics,source_order_candidate_pending_table_or_figure_confirmation,source methods/Table 2--3 and contiguous workbook block order; source table/figure row IDs are not available in the XML export
3395,AMCB,MACB,kinetics_pattern,Q_t_at_recorded_contact_time,analysis_copy_candidate_AMCB_to_MACB,960,nonnegative_capacity,2.4_kinetics,source_order_candidate_pending_table_or_figure_confirmation,source methods/Table 2--3 and contiguous workbook block order; source table/figure row IDs are not available in the XML export
3396,AMCB,MACB,kinetics_pattern,Q_t_at_recorded_contact_time,analysis_copy_candidate_AMCB_to_MACB,1440,nonnegative_capacity,2.4_kinetics,source_order_candidate_pending_table_or_figure_confirmation,source methods/Table 2--3 and contiguous workbook block order; source table/figure row IDs are not available in the XML export
3397,AMCB,MACB,kinetics_pattern,Q_t_at_recorded_contact_time,analysis_copy_candidate_AMCB_to_MACB,0,nonnegative_capacity,2.4_kinetics,source_order_candidate_pending_table_or_figure_confirmation,source methods/Table 2--3 and contiguous workbook block order; source table/figure row IDs are not available in the XML export
3398,AMCB,MACB,kinetics_pattern,Q_t_at_recorded_contact_time,analysis_copy_candidate_AMCB_to_MACB,30,nonnegative_capacity,2.4_kinetics,source_order_candidate_pending_table_or_figure_confirmation,source methods/Table 2--3 and contiguous workbook block order; source table/figure row IDs are not available in the XML export
3399,AMCB,MACB,kinetics_pattern,Q_t_at_recorded_contact_time,analysis_copy_candidate_AMCB_to_MACB,60,nonnegative_capacity,2.4_kinetics,source_order_candidate_pending_table_or_figure_confirmation,source methods/Table 2--3 and contiguous workbook block order; source table/figure row IDs are not available in the XML export
3400,AMCB,MACB,kinetics_pattern,Q_t_at_recorded_contact_time,analysis_copy_candidate_AMCB_to_MACB,120,nonnegative_capacity,2.4_kinetics,source_order_candidate_pending_table_or_figure_confirmation,source methods/Table 2--3 and contiguous workbook block order; source table/figure row IDs are not available in the XML export
3401,AMCB,MACB,kinetics_pattern,Q_t_at_recorded_contact_time,analysis_copy_candidate_AMCB_to_MACB,240,nonnegative_capacity,2.4_kinetics,source_order_candidate_pending_table_or_figure_confirmation,source methods/Table 2--3 and contiguous workbook block order; source table/figure row IDs are not available in the XML export
3402,AMCB,MACB,kinetics_pattern,Q_t_at_recorded_contact_time,analysis_copy_candidate_AMCB_to_MACB,480,nonnegative_capacity,2.4_kinetics,source_order_candidate_pending_table_or_figure_confirmation,source methods/Table 2--3 and contiguous workbook block order; source table/figure row IDs are not available in the XML export
3403,AMCB,MACB,kinetics_pattern,Q_t_at_recorded_contact_time,analysis_copy_candidate_AMCB_to_MACB,720,nonnegative_capacity,2.4_kinetics,source_order_candidate_pending_table_or_figure_confirmation,source methods/Table 2--3 and contiguous workbook block order; source table/figure row IDs are not available in the XML export
3404,AMCB,MACB,kinetics_pattern,Q_t_at_recorded_contact_time,analysis_copy_candidate_AMCB_to_MACB,960,nonnegative_capacity,2.4_kinetics,source_order_candidate_pending_table_or_figure_confirmation,source methods/Table 2--3 and contiguous workbook block order; source table/figure row IDs are not available in the XML export
3405,AMCB,MACB,kinetics_pattern,Q_t_at_recorded_contact_time,analysis_copy_candidate_AMCB_to_MACB,1440,nonnegative_capacity,2.4_kinetics,source_order_candidate_pending_table_or_figure_confirmation,source methods/Table 2--3 and contiguous workbook block order; source table/figure row IDs are not available in the XML export
3406,AMCB,MACB,kinetics_pattern,Q_t_at_recorded_contact_time,analysis_copy_candidate_AMCB_to_MACB,0,nonnegative_capacity,2.4_kinetics,source_order_candidate_pending_table_or_figure_confirmation,source methods/Table 2--3 and contiguous workbook block order; source table/figure row IDs are not available in the XML export
3407,AMCB,MACB,kinetics_pattern,Q_t_at_recorded_contact_time,analysis_copy_candidate_AMCB_to_MACB,30,nonnegative_capacity,2.4_kinetics,source_order_candidate_pending_table_or_figure_confirmation,source methods/Table 2--3 and contiguous workbook block order; source table/figure row IDs are not available in the XML export
3408,AMCB,MACB,kinetics_pattern,Q_t_at_recorded_contact_time,analysis_copy_candidate_AMCB_to_MACB,60,nonnegative_capacity,2.4_kinetics,source_order_candidate_pending_table_or_figure_confirmation,source methods/Table 2--3 and contiguous workbook block order; source table/figure row IDs are not available in the XML export
3409,AMCB,MACB,kinetics_pattern,Q_t_at_recorded_contact_time,analysis_copy_candidate_AMCB_to_MACB,120,nonnegative_capacity,2.4_kinetics,source_order_candidate_pending_table_or_figure_confirmation,source methods/Table 2--3 and contiguous workbook block order; source table/figure row IDs are not available in the XML export
3410,AMCB,MACB,kinetics_pattern,Q_t_at_recorded_contact_time,analysis_copy_candidate_AMCB_to_MACB,240,nonnegative_capacity,2.4_kinetics,source_order_candidate_pending_table_or_figure_confirmation,source methods/Table 2--3 and contiguous workbook block order; source table/figure row IDs are not available in the XML export
3411,AMCB,MACB,kinetics_pattern,Q_t_at_recorded_contact_time,analysis_copy_candidate_AMCB_to_MACB,480,nonnegative_capacity,2.4_kinetics,source_order_candidate_pending_table_or_figure_confirmation,source methods/Table 2--3 and contiguous workbook block order; source table/figure row IDs are not available in the XML export
3412,AMCB,MACB,kinetics_pattern,Q_t_at_recorded_contact_time,analysis_copy_candidate_AMCB_to_MACB,720,nonnegative_capacity,2.4_kinetics,source_order_candidate_pending_table_or_figure_confirmation,source methods/Table 2--3 and contiguous workbook block order; source table/figure row IDs are not available in the XML export
3413,AMCB,MACB,kinetics_pattern,Q_t_at_recorded_contact_time,analysis_copy_candidate_AMCB_to_MACB,960,nonnegative_capacity,2.4_kinetics,source_order_candidate_pending_table_or_figure_confirmation,source methods/Table 2--3 and contiguous workbook block order; source table/figure row IDs are not available in the XML export
3414,AMCB,MACB,kinetics_pattern,Q_t_at_recorded_contact_time,analysis_copy_candidate_AMCB_to_MACB,1440,nonnegative_capacity,2.4_kinetics,source_order_candidate_pending_table_or_figure_confirmation,source methods/Table 2--3 and contiguous workbook block order; source table/figure row IDs are not available in the XML export
3415,CB,CB,isotherm_pattern,Q_e_at_24_h_equilibrium,raw_label_retained,1440,negative_capacity_requires_source_response_review,2.4_isotherm,source_order_candidate_pending_table_or_figure_confirmation,source methods/Table 2--3 and contiguous workbook block order; source table/figure row IDs are not available in the XML export
3416,CB,CB,isotherm_pattern,Q_e_at_24_h_equilibrium,raw_label_retained,1440,nonnegative_capacity,2.4_isotherm,source_order_candidate_pending_table_or_figure_confirmation,source methods/Table 2--3 and contiguous workbook block order; source table/figure row IDs are not available in the XML export
3417,CB,CB,isotherm_pattern,Q_e_at_24_h_equilibrium,raw_label_retained,1440,nonnegative_capacity,2.4_isotherm,source_order_candidate_pending_table_or_figure_confirmation,source methods/Table 2--3 and contiguous workbook block order; source table/figure row IDs are not available in the XML export
3418,CB,CB,isotherm_pattern,Q_e_at_24_h_equilibrium,raw_label_retained,1440,nonnegative_capacity,2.4_isotherm,source_order_candidate_pending_table_or_figure_confirmation,source methods/Table 2--3 and contiguous workbook block order; source table/figure row IDs are not available in the XML export
3419,CB,CB,isotherm_pattern,Q_e_at_24_h_equilibrium,raw_label_retained,1440,nonnegative_capacity,2.4_isotherm,source_order_candidate_pending_table_or_figure_confirmation,source methods/Table 2--3 and contiguous workbook block order; source table/figure row IDs are not available in the XML export
3420,CB,CB,isotherm_pattern,Q_e_at_24_h_equilibrium,raw_label_retained,1440,nonnegative_capacity,2.4_isotherm,source_order_candidate_pending_table_or_figure_confirmation,source methods/Table 2--3 and contiguous workbook block order; source table/figure row IDs are not available in the XML export
3421,CB,CB,isotherm_pattern,Q_e_at_24_h_equilibrium,raw_label_retained,1440,nonnegative_capacity,2.4_isotherm,source_order_candidate_pending_table_or_figure_confirmation,source methods/Table 2--3 and contiguous workbook block order; source table/figure row IDs are not available in the XML export
3422,CB,CB,isotherm_pattern,Q_e_at_24_h_equilibrium,raw_label_retained,1440,nonnegative_capacity,2.4_isotherm,source_order_candidate_pending_table_or_figure_confirmation,source methods/Table 2--3 and contiguous workbook block order; source table/figure row IDs are not available in the XML export
3423,CB,CB,isotherm_pattern,Q_e_at_24_h_equilibrium,raw_label_retained,1440,nonnegative_capacity,2.4_isotherm,source_order_candidate_pending_table_or_figure_confirmation,source methods/Table 2--3 and contiguous workbook block order; source table/figure row IDs are not available in the XML export
3424,CB,CB,isotherm_pattern,Q_e_at_24_h_equilibrium,raw_label_retained,1440,nonnegative_capacity,2.4_isotherm,source_order_candidate_pending_table_or_figure_confirmation,source methods/Table 2--3 and contiguous workbook block order; source table/figure row IDs are not available in the XML export
3425,CB,CB,isotherm_pattern,Q_e_at_24_h_equilibrium,raw_label_retained,1440,nonnegative_capacity,2.4_isotherm,source_order_candidate_pending_table_or_figure_confirmation,source methods/Table 2--3 and contiguous workbook block order; source table/figure row IDs are not available in the XML export
3426,CB,CB,isotherm_pattern,Q_e_at_24_h_equilibrium,raw_label_retained,1440,nonnegative_capacity,2.4_isotherm,source_order_candidate_pending_table_or_figure_confirmation,source methods/Table 2--3 and contiguous workbook block order; source table/figure row IDs are not available in the XML export
3427,CB,CB,isotherm_pattern,Q_e_at_24_h_equilibrium,raw_label_retained,1440,nonnegative_capacity,2.4_isotherm,source_order_candidate_pending_table_or_figure_confirmation,source methods/Table 2--3 and contiguous workbook block order; source table/figure row IDs are not available in the XML export
3428,CB,CB,isotherm_pattern,Q_e_at_24_h_equilibrium,raw_label_retained,1440,nonnegative_capacity,2.4_isotherm,source_order_candidate_pending_table_or_figure_confirmation,source methods/Table 2--3 and contiguous workbook block order; source table/figure row IDs are not available in the XML export
3429,CB,CB,isotherm_pattern,Q_e_at_24_h_equilibrium,raw_label_retained,1440,nonnegative_capacity,2.4_isotherm,source_order_candidate_pending_table_or_figure_confirmation,source methods/Table 2--3 and contiguous workbook block order; source table/figure row IDs are not available in the XML export
3430,CB,CB,isotherm_pattern,Q_e_at_24_h_equilibrium,raw_label_retained,1440,nonnegative_capacity,2.4_isotherm,source_order_candidate_pending_table_or_figure_confirmation,source methods/Table 2--3 and contiguous workbook block order; source table/figure row IDs are not available in the XML export
3431,CB,CB,isotherm_pattern,Q_e_at_24_h_equilibrium,raw_label_retained,1440,nonnegative_capacity,2.4_isotherm,source_order_candidate_pending_table_or_figure_confirmation,source methods/Table 2--3 and contiguous workbook block order; source table/figure row IDs are not available in the XML export
3432,CB,CB,isotherm_pattern,Q_e_at_24_h_equilibrium,raw_label_retained,1440,nonnegative_capacity,2.4_isotherm,source_order_candidate_pending_table_or_figure_confirmation,source methods/Table 2--3 and contiguous workbook block order; source table/figure row IDs are not available in the XML export
3433,CB,CB,isotherm_pattern,Q_e_at_24_h_equilibrium,raw_label_retained,1440,nonnegative_capacity,2.4_isotherm,source_order_candidate_pending_table_or_figure_confirmation,source methods/Table 2--3 and contiguous workbook block order; source table/figure row IDs are not available in the XML export
3434,CB,CB,isotherm_pattern,Q_e_at_24_h_equilibrium,raw_label_retained,1440,nonnegative_capacity,2.4_isotherm,source_order_candidate_pending_table_or_figure_confirmation,source methods/Table 2--3 and contiguous workbook block order; source table/figure row IDs are not available in the XML export
3435,CB,CB,isotherm_pattern,Q_e_at_24_h_equilibrium,raw_label_retained,1440,nonnegative_capacity,2.4_isotherm,source_order_candidate_pending_table_or_figure_confirmation,source methods/Table 2--3 and contiguous workbook block order; source table/figure row IDs are not available in the XML export
3436,CB,CB,isotherm_pattern,Q_e_at_24_h_equilibrium,raw_label_retained,1440,nonnegative_capacity,2.4_isotherm,source_order_candidate_pending_table_or_figure_confirmation,source methods/Table 2--3 and contiguous workbook block order; source table/figure row IDs are not available in the XML export
3437,CB,CB,isotherm_pattern,Q_e_at_24_h_equilibrium,raw_label_retained,1440,nonnegative_capacity,2.4_isotherm,source_order_candidate_pending_table_or_figure_confirmation,source methods/Table 2--3 and contiguous workbook block order; source table/figure row IDs are not available in the XML export
3438,CB,CB,isotherm_pattern,Q_e_at_24_h_equilibrium,raw_label_retained,1440,nonnegative_capacity,2.4_isotherm,source_order_candidate_pending_table_or_figure_confirmation,source methods/Table 2--3 and contiguous workbook block order; source table/figure row IDs are not available in the XML export
3439,CB,CB,isotherm_pattern,Q_e_at_24_h_equilibrium,raw_label_retained,1440,nonnegative_capacity,2.4_isotherm,source_order_candidate_pending_table_or_figure_confirmation,source methods/Table 2--3 and contiguous workbook block order; source table/figure row IDs are not available in the XML export
3440,CB,CB,isotherm_pattern,Q_e_at_24_h_equilibrium,raw_label_retained,1440,nonnegative_capacity,2.4_isotherm,source_order_candidate_pending_table_or_figure_confirmation,source methods/Table 2--3 and contiguous workbook block order; source table/figure row IDs are not available in the XML export
3441,CB,CB,isotherm_pattern,Q_e_at_24_h_equilibrium,raw_label_retained,1440,nonnegative_capacity,2.4_isotherm,source_order_candidate_pending_table_or_figure_confirmation,source methods/Table 2--3 and contiguous workbook block order; source table/figure row IDs are not available in the XML export
3442,CB,CB,isotherm_pattern,Q_e_at_24_h_equilibrium,raw_label_retained,1440,nonnegative_capacity,2.4_isotherm,source_order_candidate_pending_table_or_figure_confirmation,source methods/Table 2--3 and contiguous workbook block order; source table/figure row IDs are not available in the XML export
3443,CB,CB,isotherm_pattern,Q_e_at_24_h_equilibrium,raw_label_retained,1440,nonnegative_capacity,2.4_isotherm,source_order_candidate_pending_table_or_figure_confirmation,source methods/Table 2--3 and contiguous workbook block order; source table/figure row IDs are not available in the XML export
3444,CB,CB,isotherm_pattern,Q_e_at_24_h_equilibrium,raw_label_retained,1440,nonnegative_capacity,2.4_isotherm,source_order_candidate_pending_table_or_figure_confirmation,source methods/Table 2--3 and contiguous workbook block order; source table/figure row IDs are not available in the XML export
3445,CB,CB,isotherm_pattern,Q_e_at_24_h_equilibrium,raw_label_retained,1440,nonnegative_capacity,2.4_isotherm,source_order_candidate_pending_table_or_figure_confirmation,source methods/Table 2--3 and contiguous workbook block order; source table/figure row IDs are not available in the XML export
3446,CB,CB,isotherm_pattern,Q_e_at_24_h_equilibrium,raw_label_retained,1440,nonnegative_capacity,2.4_isotherm,source_order_candidate_pending_table_or_figure_confirmation,source methods/Table 2--3 and contiguous workbook block order; source table/figure row IDs are not available in the XML export
3447,CB,CB,isotherm_pattern,Q_e_at_24_h_equilibrium,raw_label_retained,1440,nonnegative_capacity,2.4_isotherm,source_order_candidate_pending_table_or_figure_confirmation,source methods/Table 2--3 and contiguous workbook block order; source table/figure row IDs are not available in the XML export
3448,CB,CB,isotherm_pattern,Q_e_at_24_h_equilibrium,raw_label_retained,1440,nonnegative_capacity,2.4_isotherm,source_order_candidate_pending_table_or_figure_confirmation,source methods/Table 2--3 and contiguous workbook block order; source table/figure row IDs are not available in the XML export
3449,CB,CB,isotherm_pattern,Q_e_at_24_h_equilibrium,raw_label_retained,1440,nonnegative_capacity,2.4_isotherm,source_order_candidate_pending_table_or_figure_confirmation,source methods/Table 2--3 and contiguous workbook block order; source table/figure row IDs are not available in the XML export
3450,CB,CB,isotherm_pattern,Q_e_at_24_h_equilibrium,raw_label_retained,1440,nonnegative_capacity,2.4_isotherm,source_order_candidate_pending_table_or_figure_confirmation,source methods/Table 2--3 and contiguous workbook block order; source table/figure row IDs are not available in the XML export
3451,CB,CB,isotherm_pattern,Q_e_at_24_h_equilibrium,raw_label_retained,1440,nonnegative_capacity,2.4_isotherm,source_order_candidate_pending_table_or_figure_confirmation,source methods/Table 2--3 and contiguous workbook block order; source table/figure row IDs are not available in the XML export
3452,CB,CB,isotherm_pattern,Q_e_at_24_h_equilibrium,raw_label_retained,1440,nonnegative_capacity,2.4_isotherm,source_order_candidate_pending_table_or_figure_confirmation,source methods/Table 2--3 and contiguous workbook block order; source table/figure row IDs are not available in the XML export
3453,CB,CB,isotherm_pattern,Q_e_at_24_h_equilibrium,raw_label_retained,1440,nonnegative_capacity,2.4_isotherm,source_order_candidate_pending_table_or_figure_confirmation,source methods/Table 2--3 and contiguous workbook block order; source table/figure row IDs are not available in the XML export
3454,CB,CB,isotherm_pattern,Q_e_at_24_h_equilibrium,raw_label_retained,1440,nonnegative_capacity,2.4_isotherm,source_order_candidate_pending_table_or_figure_confirmation,source methods/Table 2--3 and contiguous workbook block order; source table/figure row IDs are not available in the XML export
3455,CB,CB,isotherm_pattern,Q_e_at_24_h_equilibrium,raw_label_retained,1440,nonnegative_capacity,2.4_isotherm,source_order_candidate_pending_table_or_figure_confirmation,source methods/Table 2--3 and contiguous workbook block order; source table/figure row IDs are not available in the XML export
3456,CB,CB,isotherm_pattern,Q_e_at_24_h_equilibrium,raw_label_retained,1440,nonnegative_capacity,2.4_isotherm,source_order_candidate_pending_table_or_figure_confirmation,source methods/Table 2--3 and contiguous workbook block order; source table/figure row IDs are not available in the XML export
3457,CB,CB,isotherm_pattern,Q_e_at_24_h_equilibrium,raw_label_retained,1440,nonnegative_capacity,2.4_isotherm,source_order_candidate_pending_table_or_figure_confirmation,source methods/Table 2--3 and contiguous workbook block order; source table/figure row IDs are not available in the XML export
3458,CB,CB,isotherm_pattern,Q_e_at_24_h_equilibrium,raw_label_retained,1440,nonnegative_capacity,2.4_isotherm,source_order_candidate_pending_table_or_figure_confirmation,source methods/Table 2--3 and contiguous workbook block order; source table/figure row IDs are not available in the XML export
3459,CB,CB,isotherm_pattern,Q_e_at_24_h_equilibrium,raw_label_retained,1440,nonnegative_capacity,2.4_isotherm,source_order_candidate_pending_table_or_figure_confirmation,source methods/Table 2--3 and contiguous workbook block order; source table/figure row IDs are not available in the XML export
3460,MCB,MCB,isotherm_pattern,Q_e_at_24_h_equilibrium,raw_label_retained,1440,nonnegative_capacity,2.4_isotherm,source_order_candidate_pending_table_or_figure_confirmation,source methods/Table 2--3 and contiguous workbook block order; source table/figure row IDs are not available in the XML export
3461,MCB,MCB,isotherm_pattern,Q_e_at_24_h_equilibrium,raw_label_retained,1440,nonnegative_capacity,2.4_isotherm,source_order_candidate_pending_table_or_figure_confirmation,source methods/Table 2--3 and contiguous workbook block order; source table/figure row IDs are not available in the XML export
3462,MCB,MCB,isotherm_pattern,Q_e_at_24_h_equilibrium,raw_label_retained,1440,nonnegative_capacity,2.4_isotherm,source_order_candidate_pending_table_or_figure_confirmation,source methods/Table 2--3 and contiguous workbook block order; source table/figure row IDs are not available in the XML export
3463,MCB,MCB,isotherm_pattern,Q_e_at_24_h_equilibrium,raw_label_retained,1440,nonnegative_capacity,2.4_isotherm,source_order_candidate_pending_table_or_figure_confirmation,source methods/Table 2--3 and contiguous workbook block order; source table/figure row IDs are not available in the XML export
3464,MCB,MCB,isotherm_pattern,Q_e_at_24_h_equilibrium,raw_label_retained,1440,nonnegative_capacity,2.4_isotherm,source_order_candidate_pending_table_or_figure_confirmation,source methods/Table 2--3 and contiguous workbook block order; source table/figure row IDs are not available in the XML export
3465,MCB,MCB,isotherm_pattern,Q_e_at_24_h_equilibrium,raw_label_retained,1440,nonnegative_capacity,2.4_isotherm,source_order_candidate_pending_table_or_figure_confirmation,source methods/Table 2--3 and contiguous workbook block order; source table/figure row IDs are not available in the XML export
3466,MCB,MCB,isotherm_pattern,Q_e_at_24_h_equilibrium,raw_label_retained,1440,nonnegative_capacity,2.4_isotherm,source_order_candidate_pending_table_or_figure_confirmation,source methods/Table 2--3 and contiguous workbook block order; source table/figure row IDs are not available in the XML export
3467,MCB,MCB,isotherm_pattern,Q_e_at_24_h_equilibrium,raw_label_retained,1440,nonnegative_capacity,2.4_isotherm,source_order_candidate_pending_table_or_figure_confirmation,source methods/Table 2--3 and contiguous workbook block order; source table/figure row IDs are not available in the XML export
3468,MCB,MCB,isotherm_pattern,Q_e_at_24_h_equilibrium,raw_label_retained,1440,nonnegative_capacity,2.4_isotherm,source_order_candidate_pending_table_or_figure_confirmation,source methods/Table 2--3 and contiguous workbook block order; source table/figure row IDs are not available in the XML export
3469,MCB,MCB,isotherm_pattern,Q_e_at_24_h_equilibrium,raw_label_retained,1440,nonnegative_capacity,2.4_isotherm,source_order_candidate_pending_table_or_figure_confirmation,source methods/Table 2--3 and contiguous workbook block order; source table/figure row IDs are not available in the XML export
3470,MCB,MCB,isotherm_pattern,Q_e_at_24_h_equilibrium,raw_label_retained,1440,nonnegative_capacity,2.4_isotherm,source_order_candidate_pending_table_or_figure_confirmation,source methods/Table 2--3 and contiguous workbook block order; source table/figure row IDs are not available in the XML export
3471,MCB,MCB,isotherm_pattern,Q_e_at_24_h_equilibrium,raw_label_retained,1440,nonnegative_capacity,2.4_isotherm,source_order_candidate_pending_table_or_figure_confirmation,source methods/Table 2--3 and contiguous workbook block order; source table/figure row IDs are not available in the XML export
3472,MCB,MCB,isotherm_pattern,Q_e_at_24_h_equilibrium,raw_label_retained,1440,nonnegative_capacity,2.4_isotherm,source_order_candidate_pending_table_or_figure_confirmation,source methods/Table 2--3 and contiguous workbook block order; source table/figure row IDs are not available in the XML export
3473,MCB,MCB,isotherm_pattern,Q_e_at_24_h_equilibrium,raw_label_retained,1440,nonnegative_capacity,2.4_isotherm,source_order_candidate_pending_table_or_figure_confirmation,source methods/Table 2--3 and contiguous workbook block order; source table/figure row IDs are not available in the XML export
3474,MCB,MCB,isotherm_pattern,Q_e_at_24_h_equilibrium,raw_label_retained,1440,nonnegative_capacity,2.4_isotherm,source_order_candidate_pending_table_or_figure_confirmation,source methods/Table 2--3 and contiguous workbook block order; source table/figure row IDs are not available in the XML export
3475,MCB,MCB,isotherm_pattern,Q_e_at_24_h_equilibrium,raw_label_retained,1440,nonnegative_capacity,2.4_isotherm,source_order_candidate_pending_table_or_figure_confirmation,source methods/Table 2--3 and contiguous workbook block order; source table/figure row IDs are not available in the XML export
3476,MCB,MCB,isotherm_pattern,Q_e_at_24_h_equilibrium,raw_label_retained,1440,nonnegative_capacity,2.4_isotherm,source_order_candidate_pending_table_or_figure_confirmation,source methods/Table 2--3 and contiguous workbook block order; source table/figure row IDs are not available in the XML export
3477,MCB,MCB,isotherm_pattern,Q_e_at_24_h_equilibrium,raw_label_retained,1440,nonnegative_capacity,2.4_isotherm,source_order_candidate_pending_table_or_figure_confirmation,source methods/Table 2--3 and contiguous workbook block order; source table/figure row IDs are not available in the XML export
3478,MCB,MCB,isotherm_pattern,Q_e_at_24_h_equilibrium,raw_label_retained,1440,nonnegative_capacity,2.4_isotherm,source_order_candidate_pending_table_or_figure_confirmation,source methods/Table 2--3 and contiguous workbook block order; source table/figure row IDs are not available in the XML export
3479,MCB,MCB,isotherm_pattern,Q_e_at_24_h_equilibrium,raw_label_retained,1440,nonnegative_capacity,2.4_isotherm,source_order_candidate_pending_table_or_figure_confirmation,source methods/Table 2--3 and contiguous workbook block order; source table/figure row IDs are not available in the XML export
3480,MCB,MCB,isotherm_pattern,Q_e_at_24_h_equilibrium,raw_label_retained,1440,nonnegative_capacity,2.4_isotherm,source_order_candidate_pending_table_or_figure_confirmation,source methods/Table 2--3 and contiguous workbook block order; source table/figure row IDs are not available in the XML export
3481,MCB,MCB,isotherm_pattern,Q_e_at_24_h_equilibrium,raw_label_retained,1440,nonnegative_capacity,2.4_isotherm,source_order_candidate_pending_table_or_figure_confirmation,source methods/Table 2--3 and contiguous workbook block order; source table/figure row IDs are not available in the XML export
3482,MCB,MCB,isotherm_pattern,Q_e_at_24_h_equilibrium,raw_label_retained,1440,nonnegative_capacity,2.4_isotherm,source_order_candidate_pending_table_or_figure_confirmation,source methods/Table 2--3 and contiguous workbook block order; source table/figure row IDs are not available in the XML export
3483,MCB,MCB,isotherm_pattern,Q_e_at_24_h_equilibrium,raw_label_retained,1440,nonnegative_capacity,2.4_isotherm,source_order_candidate_pending_table_or_figure_confirmation,source methods/Table 2--3 and contiguous workbook block order; source table/figure row IDs are not available in the XML export
3484,MCB,MCB,isotherm_pattern,Q_e_at_24_h_equilibrium,raw_label_retained,1440,nonnegative_capacity,2.4_isotherm,source_order_candidate_pending_table_or_figure_confirmation,source methods/Table 2--3 and contiguous workbook block order; source table/figure row IDs are not available in the XML export
3485,MCB,MCB,isotherm_pattern,Q_e_at_24_h_equilibrium,raw_label_retained,1440,nonnegative_capacity,2.4_isotherm,source_order_candidate_pending_table_or_figure_confirmation,source methods/Table 2--3 and contiguous workbook block order; source table/figure row IDs are not available in the XML export
3486,MCB,MCB,isotherm_pattern,Q_e_at_24_h_equilibrium,raw_label_retained,1440,nonnegative_capacity,2.4_isotherm,source_order_candidate_pending_table_or_figure_confirmation,source methods/Table 2--3 and contiguous workbook block order; source table/figure row IDs are not available in the XML export
3487,MCB,MCB,isotherm_pattern,Q_e_at_24_h_equilibrium,raw_label_retained,1440,nonnegative_capacity,2.4_isotherm,source_order_candidate_pending_table_or_figure_confirmation,source methods/Table 2--3 and contiguous workbook block order; source table/figure row IDs are not available in the XML export
3488,MCB,MCB,isotherm_pattern,Q_e_at_24_h_equilibrium,raw_label_retained,1440,nonnegative_capacity,2.4_isotherm,source_order_candidate_pending_table_or_figure_confirmation,source methods/Table 2--3 and contiguous workbook block order; source table/figure row IDs are not available in the XML export
3489,MCB,MCB,isotherm_pattern,Q_e_at_24_h_equilibrium,raw_label_retained,1440,nonnegative_capacity,2.4_isotherm,source_order_candidate_pending_table_or_figure_confirmation,source methods/Table 2--3 and contiguous workbook block order; source table/figure row IDs are not available in the XML export
3490,MCB,MCB,isotherm_pattern,Q_e_at_24_h_equilibrium,raw_label_retained,1440,nonnegative_capacity,2.4_isotherm,source_order_candidate_pending_table_or_figure_confirmation,source methods/Table 2--3 and contiguous workbook block order; source table/figure row IDs are not available in the XML export
3491,MCB,MCB,isotherm_pattern,Q_e_at_24_h_equilibrium,raw_label_retained,1440,nonnegative_capacity,2.4_isotherm,source_order_candidate_pending_table_or_figure_confirmation,source methods/Table 2--3 and contiguous workbook block order; source table/figure row IDs are not available in the XML export
3492,MCB,MCB,isotherm_pattern,Q_e_at_24_h_equilibrium,raw_label_retained,1440,nonnegative_capacity,2.4_isotherm,source_order_candidate_pending_table_or_figure_confirmation,source methods/Table 2--3 and contiguous workbook block order; source table/figure row IDs are not available in the XML export
3493,MCB,MCB,isotherm_pattern,Q_e_at_24_h_equilibrium,raw_label_retained,1440,nonnegative_capacity,2.4_isotherm,source_order_candidate_pending_table_or_figure_confirmation,source methods/Table 2--3 and contiguous workbook block order; source table/figure row IDs are not available in the XML export
3494,MCB,MCB,isotherm_pattern,Q_e_at_24_h_equilibrium,raw_label_retained,1440,nonnegative_capacity,2.4_isotherm,source_order_candidate_pending_table_or_figure_confirmation,source methods/Table 2--3 and contiguous workbook block order; source table/figure row IDs are not available in the XML export
3495,MCB,MCB,isotherm_pattern,Q_e_at_24_h_equilibrium,raw_label_retained,1440,nonnegative_capacity,2.4_isotherm,source_order_candidate_pending_table_or_figure_confirmation,source methods/Table 2--3 and contiguous workbook block order; source table/figure row IDs are not available in the XML export
3496,MCB,MCB,isotherm_pattern,Q_e_at_24_h_equilibrium,raw_label_retained,1440,nonnegative_capacity,2.4_isotherm,source_order_candidate_pending_table_or_figure_confirmation,source methods/Table 2--3 and contiguous workbook block order; source table/figure row IDs are not available in the XML export
3497,MCB,MCB,isotherm_pattern,Q_e_at_24_h_equilibrium,raw_label_retained,1440,nonnegative_capacity,2.4_isotherm,source_order_candidate_pending_table_or_figure_confirmation,source methods/Table 2--3 and contiguous workbook block order; source table/figure row IDs are not available in the XML export
3498,MCB,MCB,isotherm_pattern,Q_e_at_24_h_equilibrium,raw_label_retained,1440,nonnegative_capacity,2.4_isotherm,source_order_candidate_pending_table_or_figure_confirmation,source methods/Table 2--3 and contiguous workbook block order; source table/figure row IDs are not available in the XML export
3499,MCB,MCB,isotherm_pattern,Q_e_at_24_h_equilibrium,raw_label_retained,1440,nonnegative_capacity,2.4_isotherm,source_order_candidate_pending_table_or_figure_confirmation,source methods/Table 2--3 and contiguous workbook block order; source table/figure row IDs are not available in the XML export
3500,MCB,MCB,isotherm_pattern,Q_e_at_24_h_equilibrium,raw_label_retained,1440,nonnegative_capacity,2.4_isotherm,source_order_candidate_pending_table_or_figure_confirmation,source methods/Table 2--3 and contiguous workbook block order; source table/figure row IDs are not available in the XML export
3501,MCB,MCB,isotherm_pattern,Q_e_at_24_h_equilibrium,raw_label_retained,1440,nonnegative_capacity,2.4_isotherm,source_order_candidate_pending_table_or_figure_confirmation,source methods/Table 2--3 and contiguous workbook block order; source table/figure row IDs are not available in the XML export
3502,MCB,MCB,isotherm_pattern,Q_e_at_24_h_equilibrium,raw_label_retained,1440,nonnegative_capacity,2.4_isotherm,source_order_candidate_pending_table_or_figure_confirmation,source methods/Table 2--3 and contiguous workbook block order; source table/figure row IDs are not available in the XML export
3503,MCB,MCB,isotherm_pattern,Q_e_at_24_h_equilibrium,raw_label_retained,1440,nonnegative_capacity,2.4_isotherm,source_order_candidate_pending_table_or_figure_confirmation,source methods/Table 2--3 and contiguous workbook block order; source table/figure row IDs are not available in the XML export
3504,MCB,MCB,isotherm_pattern,Q_e_at_24_h_equilibrium,raw_label_retained,1440,nonnegative_capacity,2.4_isotherm,source_order_candidate_pending_table_or_figure_confirmation,source methods/Table 2--3 and contiguous workbook block order; source table/figure row IDs are not available in the XML export
3505,AMCB,MACB,isotherm_pattern,Q_e_at_24_h_equilibrium,analysis_copy_candidate_AMCB_to_MACB,1440,nonnegative_capacity,2.4_isotherm,source_order_candidate_pending_table_or_figure_confirmation,source methods/Table 2--3 and contiguous workbook block order; source table/figure row IDs are not available in the XML export
3506,AMCB,MACB,isotherm_pattern,Q_e_at_24_h_equilibrium,analysis_copy_candidate_AMCB_to_MACB,1440,nonnegative_capacity,2.4_isotherm,source_order_candidate_pending_table_or_figure_confirmation,source methods/Table 2--3 and contiguous workbook block order; source table/figure row IDs are not available in the XML export
3507,AMCB,MACB,isotherm_pattern,Q_e_at_24_h_equilibrium,analysis_copy_candidate_AMCB_to_MACB,1440,nonnegative_capacity,2.4_isotherm,source_order_candidate_pending_table_or_figure_confirmation,source methods/Table 2--3 and contiguous workbook block order; source table/figure row IDs are not available in the XML export
3508,AMCB,MACB,isotherm_pattern,Q_e_at_24_h_equilibrium,analysis_copy_candidate_AMCB_to_MACB,1440,nonnegative_capacity,2.4_isotherm,source_order_candidate_pending_table_or_figure_confirmation,source methods/Table 2--3 and contiguous workbook block order; source table/figure row IDs are not available in the XML export
3509,AMCB,MACB,isotherm_pattern,Q_e_at_24_h_equilibrium,analysis_copy_candidate_AMCB_to_MACB,1440,nonnegative_capacity,2.4_isotherm,source_order_candidate_pending_table_or_figure_confirmation,source methods/Table 2--3 and contiguous workbook block order; source table/figure row IDs are not available in the XML export
3510,AMCB,MACB,isotherm_pattern,Q_e_at_24_h_equilibrium,analysis_copy_candidate_AMCB_to_MACB,1440,nonnegative_capacity,2.4_isotherm,source_order_candidate_pending_table_or_figure_confirmation,source methods/Table 2--3 and contiguous workbook block order; source table/figure row IDs are not available in the XML export
3511,AMCB,MACB,isotherm_pattern,Q_e_at_24_h_equilibrium,analysis_copy_candidate_AMCB_to_MACB,1440,nonnegative_capacity,2.4_isotherm,source_order_candidate_pending_table_or_figure_confirmation,source methods/Table 2--3 and contiguous workbook block order; source table/figure row IDs are not available in the XML export
3512,AMCB,MACB,isotherm_pattern,Q_e_at_24_h_equilibrium,analysis_copy_candidate_AMCB_to_MACB,1440,nonnegative_capacity,2.4_isotherm,source_order_candidate_pending_table_or_figure_confirmation,source methods/Table 2--3 and contiguous workbook block order; source table/figure row IDs are not available in the XML export
3513,AMCB,MACB,isotherm_pattern,Q_e_at_24_h_equilibrium,analysis_copy_candidate_AMCB_to_MACB,1440,nonnegative_capacity,2.4_isotherm,source_order_candidate_pending_table_or_figure_confirmation,source methods/Table 2--3 and contiguous workbook block order; source table/figure row IDs are not available in the XML export
3514,AMCB,MACB,isotherm_pattern,Q_e_at_24_h_equilibrium,analysis_copy_candidate_AMCB_to_MACB,1440,nonnegative_capacity,2.4_isotherm,source_order_candidate_pending_table_or_figure_confirmation,source methods/Table 2--3 and contiguous workbook block order; source table/figure row IDs are not available in the XML export
3515,AMCB,MACB,isotherm_pattern,Q_e_at_24_h_equilibrium,analysis_copy_candidate_AMCB_to_MACB,1440,nonnegative_capacity,2.4_isotherm,source_order_candidate_pending_table_or_figure_confirmation,source methods/Table 2--3 and contiguous workbook block order; source table/figure row IDs are not available in the XML export
3516,AMCB,MACB,isotherm_pattern,Q_e_at_24_h_equilibrium,analysis_copy_candidate_AMCB_to_MACB,1440,nonnegative_capacity,2.4_isotherm,source_order_candidate_pending_table_or_figure_confirmation,source methods/Table 2--3 and contiguous workbook block order; source table/figure row IDs are not available in the XML export
3517,AMCB,MACB,isotherm_pattern,Q_e_at_24_h_equilibrium,analysis_copy_candidate_AMCB_to_MACB,1440,nonnegative_capacity,2.4_isotherm,source_order_candidate_pending_table_or_figure_confirmation,source methods/Table 2--3 and contiguous workbook block order; source table/figure row IDs are not available in the XML export
3518,AMCB,MACB,isotherm_pattern,Q_e_at_24_h_equilibrium,analysis_copy_candidate_AMCB_to_MACB,1440,nonnegative_capacity,2.4_isotherm,source_order_candidate_pending_table_or_figure_confirmation,source methods/Table 2--3 and contiguous workbook block order; source table/figure row IDs are not available in the XML export
3519,AMCB,MACB,isotherm_pattern,Q_e_at_24_h_equilibrium,analysis_copy_candidate_AMCB_to_MACB,1440,nonnegative_capacity,2.4_isotherm,source_order_candidate_pending_table_or_figure_confirmation,source methods/Table 2--3 and contiguous workbook block order; source table/figure row IDs are not available in the XML export
3520,AMCB,MACB,isotherm_pattern,Q_e_at_24_h_equilibrium,analysis_copy_candidate_AMCB_to_MACB,1440,nonnegative_capacity,2.4_isotherm,source_order_candidate_pending_table_or_figure_confirmation,source methods/Table 2--3 and contiguous workbook block order; source table/figure row IDs are not available in the XML export
3521,AMCB,MACB,isotherm_pattern,Q_e_at_24_h_equilibrium,analysis_copy_candidate_AMCB_to_MACB,1440,nonnegative_capacity,2.4_isotherm,source_order_candidate_pending_table_or_figure_confirmation,source methods/Table 2--3 and contiguous workbook block order; source table/figure row IDs are not available in the XML export
3522,AMCB,MACB,isotherm_pattern,Q_e_at_24_h_equilibrium,analysis_copy_candidate_AMCB_to_MACB,1440,nonnegative_capacity,2.4_isotherm,source_order_candidate_pending_table_or_figure_confirmation,source methods/Table 2--3 and contiguous workbook block order; source table/figure row IDs are not available in the XML export
3523,AMCB,MACB,isotherm_pattern,Q_e_at_24_h_equilibrium,analysis_copy_candidate_AMCB_to_MACB,1440,nonnegative_capacity,2.4_isotherm,source_order_candidate_pending_table_or_figure_confirmation,source methods/Table 2--3 and contiguous workbook block order; source table/figure row IDs are not available in the XML export
3524,AMCB,MACB,isotherm_pattern,Q_e_at_24_h_equilibrium,analysis_copy_candidate_AMCB_to_MACB,1440,nonnegative_capacity,2.4_isotherm,source_order_candidate_pending_table_or_figure_confirmation,source methods/Table 2--3 and contiguous workbook block order; source table/figure row IDs are not available in the XML export
3525,AMCB,MACB,isotherm_pattern,Q_e_at_24_h_equilibrium,analysis_copy_candidate_AMCB_to_MACB,1440,nonnegative_capacity,2.4_isotherm,source_order_candidate_pending_table_or_figure_confirmation,source methods/Table 2--3 and contiguous workbook block order; source table/figure row IDs are not available in the XML export
3526,AMCB,MACB,isotherm_pattern,Q_e_at_24_h_equilibrium,analysis_copy_candidate_AMCB_to_MACB,1440,nonnegative_capacity,2.4_isotherm,source_order_candidate_pending_table_or_figure_confirmation,source methods/Table 2--3 and contiguous workbook block order; source table/figure row IDs are not available in the XML export
3527,AMCB,MACB,isotherm_pattern,Q_e_at_24_h_equilibrium,analysis_copy_candidate_AMCB_to_MACB,1440,nonnegative_capacity,2.4_isotherm,source_order_candidate_pending_table_or_figure_confirmation,source methods/Table 2--3 and contiguous workbook block order; source table/figure row IDs are not available in the XML export
3528,AMCB,MACB,isotherm_pattern,Q_e_at_24_h_equilibrium,analysis_copy_candidate_AMCB_to_MACB,1440,nonnegative_capacity,2.4_isotherm,source_order_candidate_pending_table_or_figure_confirmation,source methods/Table 2--3 and contiguous workbook block order; source table/figure row IDs are not available in the XML export
3529,AMCB,MACB,isotherm_pattern,Q_e_at_24_h_equilibrium,analysis_copy_candidate_AMCB_to_MACB,1440,nonnegative_capacity,2.4_isotherm,source_order_candidate_pending_table_or_figure_confirmation,source methods/Table 2--3 and contiguous workbook block order; source table/figure row IDs are not available in the XML export
3530,AMCB,MACB,isotherm_pattern,Q_e_at_24_h_equilibrium,analysis_copy_candidate_AMCB_to_MACB,1440,nonnegative_capacity,2.4_isotherm,source_order_candidate_pending_table_or_figure_confirmation,source methods/Table 2--3 and contiguous workbook block order; source table/figure row IDs are not available in the XML export
3531,AMCB,MACB,isotherm_pattern,Q_e_at_24_h_equilibrium,analysis_copy_candidate_AMCB_to_MACB,1440,nonnegative_capacity,2.4_isotherm,source_order_candidate_pending_table_or_figure_confirmation,source methods/Table 2--3 and contiguous workbook block order; source table/figure row IDs are not available in the XML export
3532,AMCB,MACB,isotherm_pattern,Q_e_at_24_h_equilibrium,analysis_copy_candidate_AMCB_to_MACB,1440,nonnegative_capacity,2.4_isotherm,source_order_candidate_pending_table_or_figure_confirmation,source methods/Table 2--3 and contiguous workbook block order; source table/figure row IDs are not available in the XML export
3533,AMCB,MACB,isotherm_pattern,Q_e_at_24_h_equilibrium,analysis_copy_candidate_AMCB_to_MACB,1440,nonnegative_capacity,2.4_isotherm,source_order_candidate_pending_table_or_figure_confirmation,source methods/Table 2--3 and contiguous workbook block order; source table/figure row IDs are not available in the XML export
3534,AMCB,MACB,isotherm_pattern,Q_e_at_24_h_equilibrium,analysis_copy_candidate_AMCB_to_MACB,1440,nonnegative_capacity,2.4_isotherm,source_order_candidate_pending_table_or_figure_confirmation,source methods/Table 2--3 and contiguous workbook block order; source table/figure row IDs are not available in the XML export
3535,AMCB,MACB,isotherm_pattern,Q_e_at_24_h_equilibrium,analysis_copy_candidate_AMCB_to_MACB,1440,nonnegative_capacity,2.4_isotherm,source_order_candidate_pending_table_or_figure_confirmation,source methods/Table 2--3 and contiguous workbook block order; source table/figure row IDs are not available in the XML export
3536,AMCB,MACB,isotherm_pattern,Q_e_at_24_h_equilibrium,analysis_copy_candidate_AMCB_to_MACB,1440,nonnegative_capacity,2.4_isotherm,source_order_candidate_pending_table_or_figure_confirmation,source methods/Table 2--3 and contiguous workbook block order; source table/figure row IDs are not available in the XML export
3537,AMCB,MACB,isotherm_pattern,Q_e_at_24_h_equilibrium,analysis_copy_candidate_AMCB_to_MACB,1440,nonnegative_capacity,2.4_isotherm,source_order_candidate_pending_table_or_figure_confirmation,source methods/Table 2--3 and contiguous workbook block order; source table/figure row IDs are not available in the XML export
3538,AMCB,MACB,isotherm_pattern,Q_e_at_24_h_equilibrium,analysis_copy_candidate_AMCB_to_MACB,1440,nonnegative_capacity,2.4_isotherm,source_order_candidate_pending_table_or_figure_confirmation,source methods/Table 2--3 and contiguous workbook block order; source table/figure row IDs are not available in the XML export
3539,AMCB,MACB,isotherm_pattern,Q_e_at_24_h_equilibrium,analysis_copy_candidate_AMCB_to_MACB,1440,nonnegative_capacity,2.4_isotherm,source_order_candidate_pending_table_or_figure_confirmation,source methods/Table 2--3 and contiguous workbook block order; source table/figure row IDs are not available in the XML export
3540,AMCB,MACB,isotherm_pattern,Q_e_at_24_h_equilibrium,analysis_copy_candidate_AMCB_to_MACB,1440,nonnegative_capacity,2.4_isotherm,source_order_candidate_pending_table_or_figure_confirmation,source methods/Table 2--3 and contiguous workbook block order; source table/figure row IDs are not available in the XML export
3541,AMCB,MACB,isotherm_pattern,Q_e_at_24_h_equilibrium,analysis_copy_candidate_AMCB_to_MACB,1440,nonnegative_capacity,2.4_isotherm,source_order_candidate_pending_table_or_figure_confirmation,source methods/Table 2--3 and contiguous workbook block order; source table/figure row IDs are not available in the XML export
3542,AMCB,MACB,isotherm_pattern,Q_e_at_24_h_equilibrium,analysis_copy_candidate_AMCB_to_MACB,1440,nonnegative_capacity,2.4_isotherm,source_order_candidate_pending_table_or_figure_confirmation,source methods/Table 2--3 and contiguous workbook block order; source table/figure row IDs are not available in the XML export
3543,AMCB,MACB,isotherm_pattern,Q_e_at_24_h_equilibrium,analysis_copy_candidate_AMCB_to_MACB,1440,nonnegative_capacity,2.4_isotherm,source_order_candidate_pending_table_or_figure_confirmation,source methods/Table 2--3 and contiguous workbook block order; source table/figure row IDs are not available in the XML export
3544,AMCB,MACB,isotherm_pattern,Q_e_at_24_h_equilibrium,analysis_copy_candidate_AMCB_to_MACB,1440,nonnegative_capacity,2.4_isotherm,source_order_candidate_pending_table_or_figure_confirmation,source methods/Table 2--3 and contiguous workbook block order; source table/figure row IDs are not available in the XML export
3545,AMCB,MACB,isotherm_pattern,Q_e_at_24_h_equilibrium,analysis_copy_candidate_AMCB_to_MACB,1440,nonnegative_capacity,2.4_isotherm,source_order_candidate_pending_table_or_figure_confirmation,source methods/Table 2--3 and contiguous workbook block order; source table/figure row IDs are not available in the XML export
3546,AMCB,MACB,isotherm_pattern,Q_e_at_24_h_equilibrium,analysis_copy_candidate_AMCB_to_MACB,1440,nonnegative_capacity,2.4_isotherm,source_order_candidate_pending_table_or_figure_confirmation,source methods/Table 2--3 and contiguous workbook block order; source table/figure row IDs are not available in the XML export
3547,AMCB,MACB,isotherm_pattern,Q_e_at_24_h_equilibrium,analysis_copy_candidate_AMCB_to_MACB,1440,nonnegative_capacity,2.4_isotherm,source_order_candidate_pending_table_or_figure_confirmation,source methods/Table 2--3 and contiguous workbook block order; source table/figure row IDs are not available in the XML export
3548,AMCB,MACB,isotherm_pattern,Q_e_at_24_h_equilibrium,analysis_copy_candidate_AMCB_to_MACB,1440,nonnegative_capacity,2.4_isotherm,source_order_candidate_pending_table_or_figure_confirmation,source methods/Table 2--3 and contiguous workbook block order; source table/figure row IDs are not available in the XML export
3549,AMCB,MACB,isotherm_pattern,Q_e_at_24_h_equilibrium,analysis_copy_candidate_AMCB_to_MACB,1440,nonnegative_capacity,2.4_isotherm,source_order_candidate_pending_table_or_figure_confirmation,source methods/Table 2--3 and contiguous workbook block order; source table/figure row IDs are not available in the XML export
3550,CB,CB,isotherm_pattern,Q_e_at_24_h_equilibrium,raw_label_retained,1440,negative_capacity_requires_source_response_review,2.4_isotherm,source_order_candidate_pending_table_or_figure_confirmation,source methods/Table 2--3 and contiguous workbook block order; source table/figure row IDs are not available in the XML export
3551,CB,CB,isotherm_pattern,Q_e_at_24_h_equilibrium,raw_label_retained,1440,nonnegative_capacity,2.4_isotherm,source_order_candidate_pending_table_or_figure_confirmation,source methods/Table 2--3 and contiguous workbook block order; source table/figure row IDs are not available in the XML export
3552,CB,CB,isotherm_pattern,Q_e_at_24_h_equilibrium,raw_label_retained,1440,nonnegative_capacity,2.4_isotherm,source_order_candidate_pending_table_or_figure_confirmation,source methods/Table 2--3 and contiguous workbook block order; source table/figure row IDs are not available in the XML export
3553,CB,CB,isotherm_pattern,Q_e_at_24_h_equilibrium,raw_label_retained,1440,nonnegative_capacity,2.4_isotherm,source_order_candidate_pending_table_or_figure_confirmation,source methods/Table 2--3 and contiguous workbook block order; source table/figure row IDs are not available in the XML export
3554,CB,CB,isotherm_pattern,Q_e_at_24_h_equilibrium,raw_label_retained,1440,nonnegative_capacity,2.4_isotherm,source_order_candidate_pending_table_or_figure_confirmation,source methods/Table 2--3 and contiguous workbook block order; source table/figure row IDs are not available in the XML export
3555,CB,CB,isotherm_pattern,Q_e_at_24_h_equilibrium,raw_label_retained,1440,negative_capacity_requires_source_response_review,2.4_isotherm,source_order_candidate_pending_table_or_figure_confirmation,source methods/Table 2--3 and contiguous workbook block order; source table/figure row IDs are not available in the XML export
3556,CB,CB,isotherm_pattern,Q_e_at_24_h_equilibrium,raw_label_retained,1440,nonnegative_capacity,2.4_isotherm,source_order_candidate_pending_table_or_figure_confirmation,source methods/Table 2--3 and contiguous workbook block order; source table/figure row IDs are not available in the XML export
3557,CB,CB,isotherm_pattern,Q_e_at_24_h_equilibrium,raw_label_retained,1440,nonnegative_capacity,2.4_isotherm,source_order_candidate_pending_table_or_figure_confirmation,source methods/Table 2--3 and contiguous workbook block order; source table/figure row IDs are not available in the XML export
3558,CB,CB,isotherm_pattern,Q_e_at_24_h_equilibrium,raw_label_retained,1440,nonnegative_capacity,2.4_isotherm,source_order_candidate_pending_table_or_figure_confirmation,source methods/Table 2--3 and contiguous workbook block order; source table/figure row IDs are not available in the XML export
3559,CB,CB,isotherm_pattern,Q_e_at_24_h_equilibrium,raw_label_retained,1440,nonnegative_capacity,2.4_isotherm,source_order_candidate_pending_table_or_figure_confirmation,source methods/Table 2--3 and contiguous workbook block order; source table/figure row IDs are not available in the XML export
3560,CB,CB,isotherm_pattern,Q_e_at_24_h_equilibrium,raw_label_retained,1440,negative_capacity_requires_source_response_review,2.4_isotherm,source_order_candidate_pending_table_or_figure_confirmation,source methods/Table 2--3 and contiguous workbook block order; source table/figure row IDs are not available in the XML export
3561,CB,CB,isotherm_pattern,Q_e_at_24_h_equilibrium,raw_label_retained,1440,nonnegative_capacity,2.4_isotherm,source_order_candidate_pending_table_or_figure_confirmation,source methods/Table 2--3 and contiguous workbook block order; source table/figure row IDs are not available in the XML export
3562,CB,CB,isotherm_pattern,Q_e_at_24_h_equilibrium,raw_label_retained,1440,nonnegative_capacity,2.4_isotherm,source_order_candidate_pending_table_or_figure_confirmation,source methods/Table 2--3 and contiguous workbook block order; source table/figure row IDs are not available in the XML export
3563,CB,CB,isotherm_pattern,Q_e_at_24_h_equilibrium,raw_label_retained,1440,nonnegative_capacity,2.4_isotherm,source_order_candidate_pending_table_or_figure_confirmation,source methods/Table 2--3 and contiguous workbook block order; source table/figure row IDs are not available in the XML export
3564,CB,CB,isotherm_pattern,Q_e_at_24_h_equilibrium,raw_label_retained,1440,nonnegative_capacity,2.4_isotherm,source_order_candidate_pending_table_or_figure_confirmation,source methods/Table 2--3 and contiguous workbook block order; source table/figure row IDs are not available in the XML export
3565,CB,CB,isotherm_pattern,Q_e_at_24_h_equilibrium,raw_label_retained,1440,nonnegative_capacity,2.4_isotherm,source_order_candidate_pending_table_or_figure_confirmation,source methods/Table 2--3 and contiguous workbook block order; source table/figure row IDs are not available in the XML export
3566,CB,CB,isotherm_pattern,Q_e_at_24_h_equilibrium,raw_label_retained,1440,nonnegative_capacity,2.4_isotherm,source_order_candidate_pending_table_or_figure_confirmation,source methods/Table 2--3 and contiguous workbook block order; source table/figure row IDs are not available in the XML export
3567,CB,CB,isotherm_pattern,Q_e_at_24_h_equilibrium,raw_label_retained,1440,nonnegative_capacity,2.4_isotherm,source_order_candidate_pending_table_or_figure_confirmation,source methods/Table 2--3 and contiguous workbook block order; source table/figure row IDs are not available in the XML export
3568,CB,CB,isotherm_pattern,Q_e_at_24_h_equilibrium,raw_label_retained,1440,nonnegative_capacity,2.4_isotherm,source_order_candidate_pending_table_or_figure_confirmation,source methods/Table 2--3 and contiguous workbook block order; source table/figure row IDs are not available in the XML export
3569,CB,CB,isotherm_pattern,Q_e_at_24_h_equilibrium,raw_label_retained,1440,nonnegative_capacity,2.4_isotherm,source_order_candidate_pending_table_or_figure_confirmation,source methods/Table 2--3 and contiguous workbook block order; source table/figure row IDs are not available in the XML export
3570,CB,CB,isotherm_pattern,Q_e_at_24_h_equilibrium,raw_label_retained,1440,nonnegative_capacity,2.4_isotherm,source_order_candidate_pending_table_or_figure_confirmation,source methods/Table 2--3 and contiguous workbook block order; source table/figure row IDs are not available in the XML export
3571,CB,CB,isotherm_pattern,Q_e_at_24_h_equilibrium,raw_label_retained,1440,nonnegative_capacity,2.4_isotherm,source_order_candidate_pending_table_or_figure_confirmation,source methods/Table 2--3 and contiguous workbook block order; source table/figure row IDs are not available in the XML export
3572,CB,CB,isotherm_pattern,Q_e_at_24_h_equilibrium,raw_label_retained,1440,nonnegative_capacity,2.4_isotherm,source_order_candidate_pending_table_or_figure_confirmation,source methods/Table 2--3 and contiguous workbook block order; source table/figure row IDs are not available in the XML export
3573,CB,CB,isotherm_pattern,Q_e_at_24_h_equilibrium,raw_label_retained,1440,nonnegative_capacity,2.4_isotherm,source_order_candidate_pending_table_or_figure_confirmation,source methods/Table 2--3 and contiguous workbook block order; source table/figure row IDs are not available in the XML export
3574,CB,CB,isotherm_pattern,Q_e_at_24_h_equilibrium,raw_label_retained,1440,nonnegative_capacity,2.4_isotherm,source_order_candidate_pending_table_or_figure_confirmation,source methods/Table 2--3 and contiguous workbook block order; source table/figure row IDs are not available in the XML export
3575,CB,CB,isotherm_pattern,Q_e_at_24_h_equilibrium,raw_label_retained,1440,nonnegative_capacity,2.4_isotherm,source_order_candidate_pending_table_or_figure_confirmation,source methods/Table 2--3 and contiguous workbook block order; source table/figure row IDs are not available in the XML export
3576,CB,CB,isotherm_pattern,Q_e_at_24_h_equilibrium,raw_label_retained,1440,nonnegative_capacity,2.4_isotherm,source_order_candidate_pending_table_or_figure_confirmation,source methods/Table 2--3 and contiguous workbook block order; source table/figure row IDs are not available in the XML export
3577,CB,CB,isotherm_pattern,Q_e_at_24_h_equilibrium,raw_label_retained,1440,nonnegative_capacity,2.4_isotherm,source_order_candidate_pending_table_or_figure_confirmation,source methods/Table 2--3 and contiguous workbook block order; source table/figure row IDs are not available in the XML export
3578,CB,CB,isotherm_pattern,Q_e_at_24_h_equilibrium,raw_label_retained,1440,nonnegative_capacity,2.4_isotherm,source_order_candidate_pending_table_or_figure_confirmation,source methods/Table 2--3 and contiguous workbook block order; source table/figure row IDs are not available in the XML export
3579,CB,CB,isotherm_pattern,Q_e_at_24_h_equilibrium,raw_label_retained,1440,nonnegative_capacity,2.4_isotherm,source_order_candidate_pending_table_or_figure_confirmation,source methods/Table 2--3 and contiguous workbook block order; source table/figure row IDs are not available in the XML export
3580,CB,CB,isotherm_pattern,Q_e_at_24_h_equilibrium,raw_label_retained,1440,nonnegative_capacity,2.4_isotherm,source_order_candidate_pending_table_or_figure_confirmation,source methods/Table 2--3 and contiguous workbook block order; source table/figure row IDs are not available in the XML export
3581,CB,CB,isotherm_pattern,Q_e_at_24_h_equilibrium,raw_label_retained,1440,nonnegative_capacity,2.4_isotherm,source_order_candidate_pending_table_or_figure_confirmation,source methods/Table 2--3 and contiguous workbook block order; source table/figure row IDs are not available in the XML export
3582,CB,CB,isotherm_pattern,Q_e_at_24_h_equilibrium,raw_label_retained,1440,nonnegative_capacity,2.4_isotherm,source_order_candidate_pending_table_or_figure_confirmation,source methods/Table 2--3 and contiguous workbook block order; source table/figure row IDs are not available in the XML export
3583,CB,CB,isotherm_pattern,Q_e_at_24_h_equilibrium,raw_label_retained,1440,nonnegative_capacity,2.4_isotherm,source_order_candidate_pending_table_or_figure_confirmation,source methods/Table 2--3 and contiguous workbook block order; source table/figure row IDs are not available in the XML export
3584,CB,CB,isotherm_pattern,Q_e_at_24_h_equilibrium,raw_label_retained,1440,nonnegative_capacity,2.4_isotherm,source_order_candidate_pending_table_or_figure_confirmation,source methods/Table 2--3 and contiguous workbook block order; source table/figure row IDs are not available in the XML export
3585,CB,CB,isotherm_pattern,Q_e_at_24_h_equilibrium,raw_label_retained,1440,nonnegative_capacity,2.4_isotherm,source_order_candidate_pending_table_or_figure_confirmation,source methods/Table 2--3 and contiguous workbook block order; source table/figure row IDs are not available in the XML export
3586,CB,CB,isotherm_pattern,Q_e_at_24_h_equilibrium,raw_label_retained,1440,nonnegative_capacity,2.4_isotherm,source_order_candidate_pending_table_or_figure_confirmation,source methods/Table 2--3 and contiguous workbook block order; source table/figure row IDs are not available in the XML export
3587,CB,CB,isotherm_pattern,Q_e_at_24_h_equilibrium,raw_label_retained,1440,nonnegative_capacity,2.4_isotherm,source_order_candidate_pending_table_or_figure_confirmation,source methods/Table 2--3 and contiguous workbook block order; source table/figure row IDs are not available in the XML export
3588,CB,CB,isotherm_pattern,Q_e_at_24_h_equilibrium,raw_label_retained,1440,nonnegative_capacity,2.4_isotherm,source_order_candidate_pending_table_or_figure_confirmation,source methods/Table 2--3 and contiguous workbook block order; source table/figure row IDs are not available in the XML export
3589,CB,CB,isotherm_pattern,Q_e_at_24_h_equilibrium,raw_label_retained,1440,nonnegative_capacity,2.4_isotherm,source_order_candidate_pending_table_or_figure_confirmation,source methods/Table 2--3 and contiguous workbook block order; source table/figure row IDs are not available in the XML export
3590,CB,CB,isotherm_pattern,Q_e_at_24_h_equilibrium,raw_label_retained,1440,nonnegative_capacity,2.4_isotherm,source_order_candidate_pending_table_or_figure_confirmation,source methods/Table 2--3 and contiguous workbook block order; source table/figure row IDs are not available in the XML export
3591,CB,CB,isotherm_pattern,Q_e_at_24_h_equilibrium,raw_label_retained,1440,nonnegative_capacity,2.4_isotherm,source_order_candidate_pending_table_or_figure_confirmation,source methods/Table 2--3 and contiguous workbook block order; source table/figure row IDs are not available in the XML export
3592,CB,CB,isotherm_pattern,Q_e_at_24_h_equilibrium,raw_label_retained,1440,nonnegative_capacity,2.4_isotherm,source_order_candidate_pending_table_or_figure_confirmation,source methods/Table 2--3 and contiguous workbook block order; source table/figure row IDs are not available in the XML export
3593,CB,CB,isotherm_pattern,Q_e_at_24_h_equilibrium,raw_label_retained,1440,nonnegative_capacity,2.4_isotherm,source_order_candidate_pending_table_or_figure_confirmation,source methods/Table 2--3 and contiguous workbook block order; source table/figure row IDs are not available in the XML export
3594,CB,CB,isotherm_pattern,Q_e_at_24_h_equilibrium,raw_label_retained,1440,nonnegative_capacity,2.4_isotherm,source_order_candidate_pending_table_or_figure_confirmation,source methods/Table 2--3 and contiguous workbook block order; source table/figure row IDs are not available in the XML export
3595,MCB,MCB,isotherm_pattern,Q_e_at_24_h_equilibrium,raw_label_retained,1440,nonnegative_capacity,2.4_isotherm,source_order_candidate_pending_table_or_figure_confirmation,source methods/Table 2--3 and contiguous workbook block order; source table/figure row IDs are not available in the XML export
3596,MCB,MCB,isotherm_pattern,Q_e_at_24_h_equilibrium,raw_label_retained,1440,nonnegative_capacity,2.4_isotherm,source_order_candidate_pending_table_or_figure_confirmation,source methods/Table 2--3 and contiguous workbook block order; source table/figure row IDs are not available in the XML export
3597,MCB,MCB,isotherm_pattern,Q_e_at_24_h_equilibrium,raw_label_retained,1440,nonnegative_capacity,2.4_isotherm,source_order_candidate_pending_table_or_figure_confirmation,source methods/Table 2--3 and contiguous workbook block order; source table/figure row IDs are not available in the XML export
3598,MCB,MCB,isotherm_pattern,Q_e_at_24_h_equilibrium,raw_label_retained,1440,nonnegative_capacity,2.4_isotherm,source_order_candidate_pending_table_or_figure_confirmation,source methods/Table 2--3 and contiguous workbook block order; source table/figure row IDs are not available in the XML export
3599,MCB,MCB,isotherm_pattern,Q_e_at_24_h_equilibrium,raw_label_retained,1440,nonnegative_capacity,2.4_isotherm,source_order_candidate_pending_table_or_figure_confirmation,source methods/Table 2--3 and contiguous workbook block order; source table/figure row IDs are not available in the XML export
3600,MCB,MCB,isotherm_pattern,Q_e_at_24_h_equilibrium,raw_label_retained,1440,nonnegative_capacity,2.4_isotherm,source_order_candidate_pending_table_or_figure_confirmation,source methods/Table 2--3 and contiguous workbook block order; source table/figure row IDs are not available in the XML export
3601,MCB,MCB,isotherm_pattern,Q_e_at_24_h_equilibrium,raw_label_retained,1440,nonnegative_capacity,2.4_isotherm,source_order_candidate_pending_table_or_figure_confirmation,source methods/Table 2--3 and contiguous workbook block order; source table/figure row IDs are not available in the XML export
3602,MCB,MCB,isotherm_pattern,Q_e_at_24_h_equilibrium,raw_label_retained,1440,nonnegative_capacity,2.4_isotherm,source_order_candidate_pending_table_or_figure_confirmation,source methods/Table 2--3 and contiguous workbook block order; source table/figure row IDs are not available in the XML export
3603,MCB,MCB,isotherm_pattern,Q_e_at_24_h_equilibrium,raw_label_retained,1440,nonnegative_capacity,2.4_isotherm,source_order_candidate_pending_table_or_figure_confirmation,source methods/Table 2--3 and contiguous workbook block order; source table/figure row IDs are not available in the XML export
3604,MCB,MCB,isotherm_pattern,Q_e_at_24_h_equilibrium,raw_label_retained,1440,nonnegative_capacity,2.4_isotherm,source_order_candidate_pending_table_or_figure_confirmation,source methods/Table 2--3 and contiguous workbook block order; source table/figure row IDs are not available in the XML export
3605,MCB,MCB,isotherm_pattern,Q_e_at_24_h_equilibrium,raw_label_retained,1440,nonnegative_capacity,2.4_isotherm,source_order_candidate_pending_table_or_figure_confirmation,source methods/Table 2--3 and contiguous workbook block order; source table/figure row IDs are not available in the XML export
3606,MCB,MCB,isotherm_pattern,Q_e_at_24_h_equilibrium,raw_label_retained,1440,nonnegative_capacity,2.4_isotherm,source_order_candidate_pending_table_or_figure_confirmation,source methods/Table 2--3 and contiguous workbook block order; source table/figure row IDs are not available in the XML export
3607,MCB,MCB,isotherm_pattern,Q_e_at_24_h_equilibrium,raw_label_retained,1440,nonnegative_capacity,2.4_isotherm,source_order_candidate_pending_table_or_figure_confirmation,source methods/Table 2--3 and contiguous workbook block order; source table/figure row IDs are not available in the XML export
3608,MCB,MCB,isotherm_pattern,Q_e_at_24_h_equilibrium,raw_label_retained,1440,nonnegative_capacity,2.4_isotherm,source_order_candidate_pending_table_or_figure_confirmation,source methods/Table 2--3 and contiguous workbook block order; source table/figure row IDs are not available in the XML export
3609,MCB,MCB,isotherm_pattern,Q_e_at_24_h_equilibrium,raw_label_retained,1440,nonnegative_capacity,2.4_isotherm,source_order_candidate_pending_table_or_figure_confirmation,source methods/Table 2--3 and contiguous workbook block order; source table/figure row IDs are not available in the XML export
3610,MCB,MCB,isotherm_pattern,Q_e_at_24_h_equilibrium,raw_label_retained,1440,nonnegative_capacity,2.4_isotherm,source_order_candidate_pending_table_or_figure_confirmation,source methods/Table 2--3 and contiguous workbook block order; source table/figure row IDs are not available in the XML export
3611,MCB,MCB,isotherm_pattern,Q_e_at_24_h_equilibrium,raw_label_retained,1440,nonnegative_capacity,2.4_isotherm,source_order_candidate_pending_table_or_figure_confirmation,source methods/Table 2--3 and contiguous workbook block order; source table/figure row IDs are not available in the XML export
3612,MCB,MCB,isotherm_pattern,Q_e_at_24_h_equilibrium,raw_label_retained,1440,nonnegative_capacity,2.4_isotherm,source_order_candidate_pending_table_or_figure_confirmation,source methods/Table 2--3 and contiguous workbook block order; source table/figure row IDs are not available in the XML export
3613,MCB,MCB,isotherm_pattern,Q_e_at_24_h_equilibrium,raw_label_retained,1440,nonnegative_capacity,2.4_isotherm,source_order_candidate_pending_table_or_figure_confirmation,source methods/Table 2--3 and contiguous workbook block order; source table/figure row IDs are not available in the XML export
3614,MCB,MCB,isotherm_pattern,Q_e_at_24_h_equilibrium,raw_label_retained,1440,nonnegative_capacity,2.4_isotherm,source_order_candidate_pending_table_or_figure_confirmation,source methods/Table 2--3 and contiguous workbook block order; source table/figure row IDs are not available in the XML export
3615,MCB,MCB,isotherm_pattern,Q_e_at_24_h_equilibrium,raw_label_retained,1440,nonnegative_capacity,2.4_isotherm,source_order_candidate_pending_table_or_figure_confirmation,source methods/Table 2--3 and contiguous workbook block order; source table/figure row IDs are not available in the XML export
3616,MCB,MCB,isotherm_pattern,Q_e_at_24_h_equilibrium,raw_label_retained,1440,nonnegative_capacity,2.4_isotherm,source_order_candidate_pending_table_or_figure_confirmation,source methods/Table 2--3 and contiguous workbook block order; source table/figure row IDs are not available in the XML export
3617,MCB,MCB,isotherm_pattern,Q_e_at_24_h_equilibrium,raw_label_retained,1440,nonnegative_capacity,2.4_isotherm,source_order_candidate_pending_table_or_figure_confirmation,source methods/Table 2--3 and contiguous workbook block order; source table/figure row IDs are not available in the XML export
3618,MCB,MCB,isotherm_pattern,Q_e_at_24_h_equilibrium,raw_label_retained,1440,nonnegative_capacity,2.4_isotherm,source_order_candidate_pending_table_or_figure_confirmation,source methods/Table 2--3 and contiguous workbook block order; source table/figure row IDs are not available in the XML export
3619,MCB,MCB,isotherm_pattern,Q_e_at_24_h_equilibrium,raw_label_retained,1440,nonnegative_capacity,2.4_isotherm,source_order_candidate_pending_table_or_figure_confirmation,source methods/Table 2--3 and contiguous workbook block order; source table/figure row IDs are not available in the XML export
3620,MCB,MCB,isotherm_pattern,Q_e_at_24_h_equilibrium,raw_label_retained,1440,nonnegative_capacity,2.4_isotherm,source_order_candidate_pending_table_or_figure_confirmation,source methods/Table 2--3 and contiguous workbook block order; source table/figure row IDs are not available in the XML export
3621,MCB,MCB,isotherm_pattern,Q_e_at_24_h_equilibrium,raw_label_retained,1440,nonnegative_capacity,2.4_isotherm,source_order_candidate_pending_table_or_figure_confirmation,source methods/Table 2--3 and contiguous workbook block order; source table/figure row IDs are not available in the XML export
3622,MCB,MCB,isotherm_pattern,Q_e_at_24_h_equilibrium,raw_label_retained,1440,nonnegative_capacity,2.4_isotherm,source_order_candidate_pending_table_or_figure_confirmation,source methods/Table 2--3 and contiguous workbook block order; source table/figure row IDs are not available in the XML export
3623,MCB,MCB,isotherm_pattern,Q_e_at_24_h_equilibrium,raw_label_retained,1440,nonnegative_capacity,2.4_isotherm,source_order_candidate_pending_table_or_figure_confirmation,source methods/Table 2--3 and contiguous workbook block order; source table/figure row IDs are not available in the XML export
3624,MCB,MCB,isotherm_pattern,Q_e_at_24_h_equilibrium,raw_label_retained,1440,nonnegative_capacity,2.4_isotherm,source_order_candidate_pending_table_or_figure_confirmation,source methods/Table 2--3 and contiguous workbook block order; source table/figure row IDs are not available in the XML export
3625,MCB,MCB,isotherm_pattern,Q_e_at_24_h_equilibrium,raw_label_retained,1440,nonnegative_capacity,2.4_isotherm,source_order_candidate_pending_table_or_figure_confirmation,source methods/Table 2--3 and contiguous workbook block order; source table/figure row IDs are not available in the XML export
3626,MCB,MCB,isotherm_pattern,Q_e_at_24_h_equilibrium,raw_label_retained,1440,nonnegative_capacity,2.4_isotherm,source_order_candidate_pending_table_or_figure_confirmation,source methods/Table 2--3 and contiguous workbook block order; source table/figure row IDs are not available in the XML export
3627,MCB,MCB,isotherm_pattern,Q_e_at_24_h_equilibrium,raw_label_retained,1440,nonnegative_capacity,2.4_isotherm,source_order_candidate_pending_table_or_figure_confirmation,source methods/Table 2--3 and contiguous workbook block order; source table/figure row IDs are not available in the XML export
3628,MCB,MCB,isotherm_pattern,Q_e_at_24_h_equilibrium,raw_label_retained,1440,nonnegative_capacity,2.4_isotherm,source_order_candidate_pending_table_or_figure_confirmation,source methods/Table 2--3 and contiguous workbook block order; source table/figure row IDs are not available in the XML export
3629,MCB,MCB,isotherm_pattern,Q_e_at_24_h_equilibrium,raw_label_retained,1440,nonnegative_capacity,2.4_isotherm,source_order_candidate_pending_table_or_figure_confirmation,source methods/Table 2--3 and contiguous workbook block order; source table/figure row IDs are not available in the XML export
3630,MCB,MCB,isotherm_pattern,Q_e_at_24_h_equilibrium,raw_label_retained,1440,nonnegative_capacity,2.4_isotherm,source_order_candidate_pending_table_or_figure_confirmation,source methods/Table 2--3 and contiguous workbook block order; source table/figure row IDs are not available in the XML export
3631,MCB,MCB,isotherm_pattern,Q_e_at_24_h_equilibrium,raw_label_retained,1440,nonnegative_capacity,2.4_isotherm,source_order_candidate_pending_table_or_figure_confirmation,source methods/Table 2--3 and contiguous workbook block order; source table/figure row IDs are not available in the XML export
3632,MCB,MCB,isotherm_pattern,Q_e_at_24_h_equilibrium,raw_label_retained,1440,nonnegative_capacity,2.4_isotherm,source_order_candidate_pending_table_or_figure_confirmation,source methods/Table 2--3 and contiguous workbook block order; source table/figure row IDs are not available in the XML export
3633,MCB,MCB,isotherm_pattern,Q_e_at_24_h_equilibrium,raw_label_retained,1440,nonnegative_capacity,2.4_isotherm,source_order_candidate_pending_table_or_figure_confirmation,source methods/Table 2--3 and contiguous workbook block order; source table/figure row IDs are not available in the XML export
3634,MCB,MCB,isotherm_pattern,Q_e_at_24_h_equilibrium,raw_label_retained,1440,nonnegative_capacity,2.4_isotherm,source_order_candidate_pending_table_or_figure_confirmation,source methods/Table 2--3 and contiguous workbook block order; source table/figure row IDs are not available in the XML export
3635,MCB,MCB,isotherm_pattern,Q_e_at_24_h_equilibrium,raw_label_retained,1440,nonnegative_capacity,2.4_isotherm,source_order_candidate_pending_table_or_figure_confirmation,source methods/Table 2--3 and contiguous workbook block order; source table/figure row IDs are not available in the XML export
3636,MCB,MCB,isotherm_pattern,Q_e_at_24_h_equilibrium,raw_label_retained,1440,nonnegative_capacity,2.4_isotherm,source_order_candidate_pending_table_or_figure_confirmation,source methods/Table 2--3 and contiguous workbook block order; source table/figure row IDs are not available in the XML export
3637,MCB,MCB,isotherm_pattern,Q_e_at_24_h_equilibrium,raw_label_retained,1440,nonnegative_capacity,2.4_isotherm,source_order_candidate_pending_table_or_figure_confirmation,source methods/Table 2--3 and contiguous workbook block order; source table/figure row IDs are not available in the XML export
3638,MCB,MCB,isotherm_pattern,Q_e_at_24_h_equilibrium,raw_label_retained,1440,nonnegative_capacity,2.4_isotherm,source_order_candidate_pending_table_or_figure_confirmation,source methods/Table 2--3 and contiguous workbook block order; source table/figure row IDs are not available in the XML export
3639,MCB,MCB,isotherm_pattern,Q_e_at_24_h_equilibrium,raw_label_retained,1440,nonnegative_capacity,2.4_isotherm,source_order_candidate_pending_table_or_figure_confirmation,source methods/Table 2--3 and contiguous workbook block order; source table/figure row IDs are not available in the XML export
3640,AMCB,MACB,isotherm_pattern,Q_e_at_24_h_equilibrium,analysis_copy_candidate_AMCB_to_MACB,1440,nonnegative_capacity,2.4_isotherm,source_order_candidate_pending_table_or_figure_confirmation,source methods/Table 2--3 and contiguous workbook block order; source table/figure row IDs are not available in the XML export
3641,AMCB,MACB,isotherm_pattern,Q_e_at_24_h_equilibrium,analysis_copy_candidate_AMCB_to_MACB,1440,nonnegative_capacity,2.4_isotherm,source_order_candidate_pending_table_or_figure_confirmation,source methods/Table 2--3 and contiguous workbook block order; source table/figure row IDs are not available in the XML export
3642,AMCB,MACB,isotherm_pattern,Q_e_at_24_h_equilibrium,analysis_copy_candidate_AMCB_to_MACB,1440,nonnegative_capacity,2.4_isotherm,source_order_candidate_pending_table_or_figure_confirmation,source methods/Table 2--3 and contiguous workbook block order; source table/figure row IDs are not available in the XML export
3643,AMCB,MACB,isotherm_pattern,Q_e_at_24_h_equilibrium,analysis_copy_candidate_AMCB_to_MACB,1440,nonnegative_capacity,2.4_isotherm,source_order_candidate_pending_table_or_figure_confirmation,source methods/Table 2--3 and contiguous workbook block order; source table/figure row IDs are not available in the XML export
3644,AMCB,MACB,isotherm_pattern,Q_e_at_24_h_equilibrium,analysis_copy_candidate_AMCB_to_MACB,1440,nonnegative_capacity,2.4_isotherm,source_order_candidate_pending_table_or_figure_confirmation,source methods/Table 2--3 and contiguous workbook block order; source table/figure row IDs are not available in the XML export
3645,AMCB,MACB,isotherm_pattern,Q_e_at_24_h_equilibrium,analysis_copy_candidate_AMCB_to_MACB,1440,nonnegative_capacity,2.4_isotherm,source_order_candidate_pending_table_or_figure_confirmation,source methods/Table 2--3 and contiguous workbook block order; source table/figure row IDs are not available in the XML export
3646,AMCB,MACB,isotherm_pattern,Q_e_at_24_h_equilibrium,analysis_copy_candidate_AMCB_to_MACB,1440,nonnegative_capacity,2.4_isotherm,source_order_candidate_pending_table_or_figure_confirmation,source methods/Table 2--3 and contiguous workbook block order; source table/figure row IDs are not available in the XML export
3647,AMCB,MACB,isotherm_pattern,Q_e_at_24_h_equilibrium,analysis_copy_candidate_AMCB_to_MACB,1440,nonnegative_capacity,2.4_isotherm,source_order_candidate_pending_table_or_figure_confirmation,source methods/Table 2--3 and contiguous workbook block order; source table/figure row IDs are not available in the XML export
3648,AMCB,MACB,isotherm_pattern,Q_e_at_24_h_equilibrium,analysis_copy_candidate_AMCB_to_MACB,1440,nonnegative_capacity,2.4_isotherm,source_order_candidate_pending_table_or_figure_confirmation,source methods/Table 2--3 and contiguous workbook block order; source table/figure row IDs are not available in the XML export
3649,AMCB,MACB,isotherm_pattern,Q_e_at_24_h_equilibrium,analysis_copy_candidate_AMCB_to_MACB,1440,nonnegative_capacity,2.4_isotherm,source_order_candidate_pending_table_or_figure_confirmation,source methods/Table 2--3 and contiguous workbook block order; source table/figure row IDs are not available in the XML export
3650,AMCB,MACB,isotherm_pattern,Q_e_at_24_h_equilibrium,analysis_copy_candidate_AMCB_to_MACB,1440,nonnegative_capacity,2.4_isotherm,source_order_candidate_pending_table_or_figure_confirmation,source methods/Table 2--3 and contiguous workbook block order; source table/figure row IDs are not available in the XML export
3651,AMCB,MACB,isotherm_pattern,Q_e_at_24_h_equilibrium,analysis_copy_candidate_AMCB_to_MACB,1440,nonnegative_capacity,2.4_isotherm,source_order_candidate_pending_table_or_figure_confirmation,source methods/Table 2--3 and contiguous workbook block order; source table/figure row IDs are not available in the XML export
3652,AMCB,MACB,isotherm_pattern,Q_e_at_24_h_equilibrium,analysis_copy_candidate_AMCB_to_MACB,1440,nonnegative_capacity,2.4_isotherm,source_order_candidate_pending_table_or_figure_confirmation,source methods/Table 2--3 and contiguous workbook block order; source table/figure row IDs are not available in the XML export
3653,AMCB,MACB,isotherm_pattern,Q_e_at_24_h_equilibrium,analysis_copy_candidate_AMCB_to_MACB,1440,nonnegative_capacity,2.4_isotherm,source_order_candidate_pending_table_or_figure_confirmation,source methods/Table 2--3 and contiguous workbook block order; source table/figure row IDs are not available in the XML export
3654,AMCB,MACB,isotherm_pattern,Q_e_at_24_h_equilibrium,analysis_copy_candidate_AMCB_to_MACB,1440,nonnegative_capacity,2.4_isotherm,source_order_candidate_pending_table_or_figure_confirmation,source methods/Table 2--3 and contiguous workbook block order; source table/figure row IDs are not available in the XML export
3655,AMCB,MACB,isotherm_pattern,Q_e_at_24_h_equilibrium,analysis_copy_candidate_AMCB_to_MACB,1440,nonnegative_capacity,2.4_isotherm,source_order_candidate_pending_table_or_figure_confirmation,source methods/Table 2--3 and contiguous workbook block order; source table/figure row IDs are not available in the XML export
3656,AMCB,MACB,isotherm_pattern,Q_e_at_24_h_equilibrium,analysis_copy_candidate_AMCB_to_MACB,1440,nonnegative_capacity,2.4_isotherm,source_order_candidate_pending_table_or_figure_confirmation,source methods/Table 2--3 and contiguous workbook block order; source table/figure row IDs are not available in the XML export
3657,AMCB,MACB,isotherm_pattern,Q_e_at_24_h_equilibrium,analysis_copy_candidate_AMCB_to_MACB,1440,nonnegative_capacity,2.4_isotherm,source_order_candidate_pending_table_or_figure_confirmation,source methods/Table 2--3 and contiguous workbook block order; source table/figure row IDs are not available in the XML export
3658,AMCB,MACB,isotherm_pattern,Q_e_at_24_h_equilibrium,analysis_copy_candidate_AMCB_to_MACB,1440,nonnegative_capacity,2.4_isotherm,source_order_candidate_pending_table_or_figure_confirmation,source methods/Table 2--3 and contiguous workbook block order; source table/figure row IDs are not available in the XML export
3659,AMCB,MACB,isotherm_pattern,Q_e_at_24_h_equilibrium,analysis_copy_candidate_AMCB_to_MACB,1440,nonnegative_capacity,2.4_isotherm,source_order_candidate_pending_table_or_figure_confirmation,source methods/Table 2--3 and contiguous workbook block order; source table/figure row IDs are not available in the XML export
3660,AMCB,MACB,isotherm_pattern,Q_e_at_24_h_equilibrium,analysis_copy_candidate_AMCB_to_MACB,1440,nonnegative_capacity,2.4_isotherm,source_order_candidate_pending_table_or_figure_confirmation,source methods/Table 2--3 and contiguous workbook block order; source table/figure row IDs are not available in the XML export
3661,AMCB,MACB,isotherm_pattern,Q_e_at_24_h_equilibrium,analysis_copy_candidate_AMCB_to_MACB,1440,nonnegative_capacity,2.4_isotherm,source_order_candidate_pending_table_or_figure_confirmation,source methods/Table 2--3 and contiguous workbook block order; source table/figure row IDs are not available in the XML export
3662,AMCB,MACB,isotherm_pattern,Q_e_at_24_h_equilibrium,analysis_copy_candidate_AMCB_to_MACB,1440,nonnegative_capacity,2.4_isotherm,source_order_candidate_pending_table_or_figure_confirmation,source methods/Table 2--3 and contiguous workbook block order; source table/figure row IDs are not available in the XML export
3663,AMCB,MACB,isotherm_pattern,Q_e_at_24_h_equilibrium,analysis_copy_candidate_AMCB_to_MACB,1440,nonnegative_capacity,2.4_isotherm,source_order_candidate_pending_table_or_figure_confirmation,source methods/Table 2--3 and contiguous workbook block order; source table/figure row IDs are not available in the XML export
3664,AMCB,MACB,isotherm_pattern,Q_e_at_24_h_equilibrium,analysis_copy_candidate_AMCB_to_MACB,1440,nonnegative_capacity,2.4_isotherm,source_order_candidate_pending_table_or_figure_confirmation,source methods/Table 2--3 and contiguous workbook block order; source table/figure row IDs are not available in the XML export
3665,AMCB,MACB,isotherm_pattern,Q_e_at_24_h_equilibrium,analysis_copy_candidate_AMCB_to_MACB,1440,nonnegative_capacity,2.4_isotherm,source_order_candidate_pending_table_or_figure_confirmation,source methods/Table 2--3 and contiguous workbook block order; source table/figure row IDs are not available in the XML export
3666,AMCB,MACB,isotherm_pattern,Q_e_at_24_h_equilibrium,analysis_copy_candidate_AMCB_to_MACB,1440,nonnegative_capacity,2.4_isotherm,source_order_candidate_pending_table_or_figure_confirmation,source methods/Table 2--3 and contiguous workbook block order; source table/figure row IDs are not available in the XML export
3667,AMCB,MACB,isotherm_pattern,Q_e_at_24_h_equilibrium,analysis_copy_candidate_AMCB_to_MACB,1440,nonnegative_capacity,2.4_isotherm,source_order_candidate_pending_table_or_figure_confirmation,source methods/Table 2--3 and contiguous workbook block order; source table/figure row IDs are not available in the XML export
3668,AMCB,MACB,isotherm_pattern,Q_e_at_24_h_equilibrium,analysis_copy_candidate_AMCB_to_MACB,1440,nonnegative_capacity,2.4_isotherm,source_order_candidate_pending_table_or_figure_confirmation,source methods/Table 2--3 and contiguous workbook block order; source table/figure row IDs are not available in the XML export
3669,AMCB,MACB,isotherm_pattern,Q_e_at_24_h_equilibrium,analysis_copy_candidate_AMCB_to_MACB,1440,nonnegative_capacity,2.4_isotherm,source_order_candidate_pending_table_or_figure_confirmation,source methods/Table 2--3 and contiguous workbook block order; source table/figure row IDs are not available in the XML export
3670,AMCB,MACB,isotherm_pattern,Q_e_at_24_h_equilibrium,analysis_copy_candidate_AMCB_to_MACB,1440,nonnegative_capacity,2.4_isotherm,source_order_candidate_pending_table_or_figure_confirmation,source methods/Table 2--3 and contiguous workbook block order; source table/figure row IDs are not available in the XML export
3671,AMCB,MACB,isotherm_pattern,Q_e_at_24_h_equilibrium,analysis_copy_candidate_AMCB_to_MACB,1440,nonnegative_capacity,2.4_isotherm,source_order_candidate_pending_table_or_figure_confirmation,source methods/Table 2--3 and contiguous workbook block order; source table/figure row IDs are not available in the XML export
3672,AMCB,MACB,isotherm_pattern,Q_e_at_24_h_equilibrium,analysis_copy_candidate_AMCB_to_MACB,1440,nonnegative_capacity,2.4_isotherm,source_order_candidate_pending_table_or_figure_confirmation,source methods/Table 2--3 and contiguous workbook block order; source table/figure row IDs are not available in the XML export
3673,AMCB,MACB,isotherm_pattern,Q_e_at_24_h_equilibrium,analysis_copy_candidate_AMCB_to_MACB,1440,nonnegative_capacity,2.4_isotherm,source_order_candidate_pending_table_or_figure_confirmation,source methods/Table 2--3 and contiguous workbook block order; source table/figure row IDs are not available in the XML export
3674,AMCB,MACB,isotherm_pattern,Q_e_at_24_h_equilibrium,analysis_copy_candidate_AMCB_to_MACB,1440,nonnegative_capacity,2.4_isotherm,source_order_candidate_pending_table_or_figure_confirmation,source methods/Table 2--3 and contiguous workbook block order; source table/figure row IDs are not available in the XML export
3675,AMCB,MACB,isotherm_pattern,Q_e_at_24_h_equilibrium,analysis_copy_candidate_AMCB_to_MACB,1440,nonnegative_capacity,2.4_isotherm,source_order_candidate_pending_table_or_figure_confirmation,source methods/Table 2--3 and contiguous workbook block order; source table/figure row IDs are not available in the XML export
3676,AMCB,MACB,isotherm_pattern,Q_e_at_24_h_equilibrium,analysis_copy_candidate_AMCB_to_MACB,1440,nonnegative_capacity,2.4_isotherm,source_order_candidate_pending_table_or_figure_confirmation,source methods/Table 2--3 and contiguous workbook block order; source table/figure row IDs are not available in the XML export
3677,AMCB,MACB,isotherm_pattern,Q_e_at_24_h_equilibrium,analysis_copy_candidate_AMCB_to_MACB,1440,nonnegative_capacity,2.4_isotherm,source_order_candidate_pending_table_or_figure_confirmation,source methods/Table 2--3 and contiguous workbook block order; source table/figure row IDs are not available in the XML export
3678,AMCB,MACB,isotherm_pattern,Q_e_at_24_h_equilibrium,analysis_copy_candidate_AMCB_to_MACB,1440,nonnegative_capacity,2.4_isotherm,source_order_candidate_pending_table_or_figure_confirmation,source methods/Table 2--3 and contiguous workbook block order; source table/figure row IDs are not available in the XML export
3679,AMCB,MACB,isotherm_pattern,Q_e_at_24_h_equilibrium,analysis_copy_candidate_AMCB_to_MACB,1440,nonnegative_capacity,2.4_isotherm,source_order_candidate_pending_table_or_figure_confirmation,source methods/Table 2--3 and contiguous workbook block order; source table/figure row IDs are not available in the XML export
3680,AMCB,MACB,isotherm_pattern,Q_e_at_24_h_equilibrium,analysis_copy_candidate_AMCB_to_MACB,1440,nonnegative_capacity,2.4_isotherm,source_order_candidate_pending_table_or_figure_confirmation,source methods/Table 2--3 and contiguous workbook block order; source table/figure row IDs are not available in the XML export
3681,AMCB,MACB,isotherm_pattern,Q_e_at_24_h_equilibrium,analysis_copy_candidate_AMCB_to_MACB,1440,nonnegative_capacity,2.4_isotherm,source_order_candidate_pending_table_or_figure_confirmation,source methods/Table 2--3 and contiguous workbook block order; source table/figure row IDs are not available in the XML export
3682,AMCB,MACB,isotherm_pattern,Q_e_at_24_h_equilibrium,analysis_copy_candidate_AMCB_to_MACB,1440,nonnegative_capacity,2.4_isotherm,source_order_candidate_pending_table_or_figure_confirmation,source methods/Table 2--3 and contiguous workbook block order; source table/figure row IDs are not available in the XML export
3683,AMCB,MACB,isotherm_pattern,Q_e_at_24_h_equilibrium,analysis_copy_candidate_AMCB_to_MACB,1440,nonnegative_capacity,2.4_isotherm,source_order_candidate_pending_table_or_figure_confirmation,source methods/Table 2--3 and contiguous workbook block order; source table/figure row IDs are not available in the XML export
3684,AMCB,MACB,isotherm_pattern,Q_e_at_24_h_equilibrium,analysis_copy_candidate_AMCB_to_MACB,1440,nonnegative_capacity,2.4_isotherm,source_order_candidate_pending_table_or_figure_confirmation,source methods/Table 2--3 and contiguous workbook block order; source table/figure row IDs are not available in the XML export
3685,CB,CB,pH_pattern,Q_e_at_24_h_equilibrium,raw_label_retained,1440,nonnegative_capacity,2.4_pH,source_order_candidate_pending_table_or_figure_confirmation,source methods/Table 2--3 and contiguous workbook block order; source table/figure row IDs are not available in the XML export
3686,CB,CB,pH_pattern,Q_e_at_24_h_equilibrium,raw_label_retained,1440,nonnegative_capacity,2.4_pH,source_order_candidate_pending_table_or_figure_confirmation,source methods/Table 2--3 and contiguous workbook block order; source table/figure row IDs are not available in the XML export
3687,CB,CB,pH_pattern,Q_e_at_24_h_equilibrium,raw_label_retained,1440,nonnegative_capacity,2.4_pH,source_order_candidate_pending_table_or_figure_confirmation,source methods/Table 2--3 and contiguous workbook block order; source table/figure row IDs are not available in the XML export
3688,CB,CB,pH_pattern,Q_e_at_24_h_equilibrium,raw_label_retained,1440,nonnegative_capacity,2.4_pH,source_order_candidate_pending_table_or_figure_confirmation,source methods/Table 2--3 and contiguous workbook block order; source table/figure row IDs are not available in the XML export
3689,CB,CB,pH_pattern,Q_e_at_24_h_equilibrium,raw_label_retained,1440,nonnegative_capacity,2.4_pH,source_order_candidate_pending_table_or_figure_confirmation,source methods/Table 2--3 and contiguous workbook block order; source table/figure row IDs are not available in the XML export
3690,CB,CB,pH_pattern,Q_e_at_24_h_equilibrium,raw_label_retained,1440,nonnegative_capacity,2.4_pH,source_order_candidate_pending_table_or_figure_confirmation,source methods/Table 2--3 and contiguous workbook block order; source table/figure row IDs are not available in the XML export
3691,CB,CB,pH_pattern,Q_e_at_24_h_equilibrium,raw_label_retained,1440,nonnegative_capacity,2.4_pH,source_order_candidate_pending_table_or_figure_confirmation,source methods/Table 2--3 and contiguous workbook block order; source table/figure row IDs are not available in the XML export
3692,CB,CB,pH_pattern,Q_e_at_24_h_equilibrium,raw_label_retained,1440,nonnegative_capacity,2.4_pH,source_order_candidate_pending_table_or_figure_confirmation,source methods/Table 2--3 and contiguous workbook block order; source table/figure row IDs are not available in the XML export
3693,CB,CB,pH_pattern,Q_e_at_24_h_equilibrium,raw_label_retained,1440,nonnegative_capacity,2.4_pH,source_order_candidate_pending_table_or_figure_confirmation,source methods/Table 2--3 and contiguous workbook block order; source table/figure row IDs are not available in the XML export
3694,CB,CB,pH_pattern,Q_e_at_24_h_equilibrium,raw_label_retained,1440,nonnegative_capacity,2.4_pH,source_order_candidate_pending_table_or_figure_confirmation,source methods/Table 2--3 and contiguous workbook block order; source table/figure row IDs are not available in the XML export
3695,CB,CB,pH_pattern,Q_e_at_24_h_equilibrium,raw_label_retained,1440,nonnegative_capacity,2.4_pH,source_order_candidate_pending_table_or_figure_confirmation,source methods/Table 2--3 and contiguous workbook block order; source table/figure row IDs are not available in the XML export
3696,CB,CB,pH_pattern,Q_e_at_24_h_equilibrium,raw_label_retained,1440,nonnegative_capacity,2.4_pH,source_order_candidate_pending_table_or_figure_confirmation,source methods/Table 2--3 and contiguous workbook block order; source table/figure row IDs are not available in the XML export
3697,MCB,MCB,pH_pattern,Q_e_at_24_h_equilibrium,raw_label_retained,1440,nonnegative_capacity,2.4_pH,source_order_candidate_pending_table_or_figure_confirmation,source methods/Table 2--3 and contiguous workbook block order; source table/figure row IDs are not available in the XML export
3698,MCB,MCB,pH_pattern,Q_e_at_24_h_equilibrium,raw_label_retained,1440,nonnegative_capacity,2.4_pH,source_order_candidate_pending_table_or_figure_confirmation,source methods/Table 2--3 and contiguous workbook block order; source table/figure row IDs are not available in the XML export
3699,MCB,MCB,pH_pattern,Q_e_at_24_h_equilibrium,raw_label_retained,1440,nonnegative_capacity,2.4_pH,source_order_candidate_pending_table_or_figure_confirmation,source methods/Table 2--3 and contiguous workbook block order; source table/figure row IDs are not available in the XML export
3700,MCB,MCB,pH_pattern,Q_e_at_24_h_equilibrium,raw_label_retained,1440,nonnegative_capacity,2.4_pH,source_order_candidate_pending_table_or_figure_confirmation,source methods/Table 2--3 and contiguous workbook block order; source table/figure row IDs are not available in the XML export
3701,MCB,MCB,pH_pattern,Q_e_at_24_h_equilibrium,raw_label_retained,1440,nonnegative_capacity,2.4_pH,source_order_candidate_pending_table_or_figure_confirmation,source methods/Table 2--3 and contiguous workbook block order; source table/figure row IDs are not available in the XML export
3702,MCB,MCB,pH_pattern,Q_e_at_24_h_equilibrium,raw_label_retained,1440,nonnegative_capacity,2.4_pH,source_order_candidate_pending_table_or_figure_confirmation,source methods/Table 2--3 and contiguous workbook block order; source table/figure row IDs are not available in the XML export
3703,MCB,MCB,pH_pattern,Q_e_at_24_h_equilibrium,raw_label_retained,1440,nonnegative_capacity,2.4_pH,source_order_candidate_pending_table_or_figure_confirmation,source methods/Table 2--3 and contiguous workbook block order; source table/figure row IDs are not available in the XML export
3704,MCB,MCB,pH_pattern,Q_e_at_24_h_equilibrium,raw_label_retained,1440,nonnegative_capacity,2.4_pH,source_order_candidate_pending_table_or_figure_confirmation,source methods/Table 2--3 and contiguous workbook block order; source table/figure row IDs are not available in the XML export
3705,MCB,MCB,pH_pattern,Q_e_at_24_h_equilibrium,raw_label_retained,1440,nonnegative_capacity,2.4_pH,source_order_candidate_pending_table_or_figure_confirmation,source methods/Table 2--3 and contiguous workbook block order; source table/figure row IDs are not available in the XML export
3706,MCB,MCB,pH_pattern,Q_e_at_24_h_equilibrium,raw_label_retained,1440,nonnegative_capacity,2.4_pH,source_order_candidate_pending_table_or_figure_confirmation,source methods/Table 2--3 and contiguous workbook block order; source table/figure row IDs are not available in the XML export
3707,MCB,MCB,pH_pattern,Q_e_at_24_h_equilibrium,raw_label_retained,1440,nonnegative_capacity,2.4_pH,source_order_candidate_pending_table_or_figure_confirmation,source methods/Table 2--3 and contiguous workbook block order; source table/figure row IDs are not available in the XML export
3708,MCB,MCB,pH_pattern,Q_e_at_24_h_equilibrium,raw_label_retained,1440,nonnegative_capacity,2.4_pH,source_order_candidate_pending_table_or_figure_confirmation,source methods/Table 2--3 and contiguous workbook block order; source table/figure row IDs are not available in the XML export
3709,AMCB,MACB,pH_pattern,Q_e_at_24_h_equilibrium,analysis_copy_candidate_AMCB_to_MACB,1440,nonnegative_capacity,2.4_pH,source_order_candidate_pending_table_or_figure_confirmation,source methods/Table 2--3 and contiguous workbook block order; source table/figure row IDs are not available in the XML export
3710,AMCB,MACB,pH_pattern,Q_e_at_24_h_equilibrium,analysis_copy_candidate_AMCB_to_MACB,1440,nonnegative_capacity,2.4_pH,source_order_candidate_pending_table_or_figure_confirmation,source methods/Table 2--3 and contiguous workbook block order; source table/figure row IDs are not available in the XML export
3711,AMCB,MACB,pH_pattern,Q_e_at_24_h_equilibrium,analysis_copy_candidate_AMCB_to_MACB,1440,nonnegative_capacity,2.4_pH,source_order_candidate_pending_table_or_figure_confirmation,source methods/Table 2--3 and contiguous workbook block order; source table/figure row IDs are not available in the XML export
3712,AMCB,MACB,pH_pattern,Q_e_at_24_h_equilibrium,analysis_copy_candidate_AMCB_to_MACB,1440,nonnegative_capacity,2.4_pH,source_order_candidate_pending_table_or_figure_confirmation,source methods/Table 2--3 and contiguous workbook block order; source table/figure row IDs are not available in the XML export
3713,AMCB,MACB,pH_pattern,Q_e_at_24_h_equilibrium,analysis_copy_candidate_AMCB_to_MACB,1440,nonnegative_capacity,2.4_pH,source_order_candidate_pending_table_or_figure_confirmation,source methods/Table 2--3 and contiguous workbook block order; source table/figure row IDs are not available in the XML export
3714,AMCB,MACB,pH_pattern,Q_e_at_24_h_equilibrium,analysis_copy_candidate_AMCB_to_MACB,1440,nonnegative_capacity,2.4_pH,source_order_candidate_pending_table_or_figure_confirmation,source methods/Table 2--3 and contiguous workbook block order; source table/figure row IDs are not available in the XML export
3715,AMCB,MACB,pH_pattern,Q_e_at_24_h_equilibrium,analysis_copy_candidate_AMCB_to_MACB,1440,nonnegative_capacity,2.4_pH,source_order_candidate_pending_table_or_figure_confirmation,source methods/Table 2--3 and contiguous workbook block order; source table/figure row IDs are not available in the XML export
3716,AMCB,MACB,pH_pattern,Q_e_at_24_h_equilibrium,analysis_copy_candidate_AMCB_to_MACB,1440,nonnegative_capacity,2.4_pH,source_order_candidate_pending_table_or_figure_confirmation,source methods/Table 2--3 and contiguous workbook block order; source table/figure row IDs are not available in the XML export
3717,AMCB,MACB,pH_pattern,Q_e_at_24_h_equilibrium,analysis_copy_candidate_AMCB_to_MACB,1440,nonnegative_capacity,2.4_pH,source_order_candidate_pending_table_or_figure_confirmation,source methods/Table 2--3 and contiguous workbook block order; source table/figure row IDs are not available in the XML export
3718,AMCB,MACB,pH_pattern,Q_e_at_24_h_equilibrium,analysis_copy_candidate_AMCB_to_MACB,1440,nonnegative_capacity,2.4_pH,source_order_candidate_pending_table_or_figure_confirmation,source methods/Table 2--3 and contiguous workbook block order; source table/figure row IDs are not available in the XML export
3719,AMCB,MACB,pH_pattern,Q_e_at_24_h_equilibrium,analysis_copy_candidate_AMCB_to_MACB,1440,nonnegative_capacity,2.4_pH,source_order_candidate_pending_table_or_figure_confirmation,source methods/Table 2--3 and contiguous workbook block order; source table/figure row IDs are not available in the XML export
3720,AMCB,MACB,pH_pattern,Q_e_at_24_h_equilibrium,analysis_copy_candidate_AMCB_to_MACB,1440,nonnegative_capacity,2.4_pH,source_order_candidate_pending_table_or_figure_confirmation,source methods/Table 2--3 and contiguous workbook block order; source table/figure row IDs are not available in the XML export
3721,CB,CB,pH_pattern,Q_e_at_24_h_equilibrium,raw_label_retained,1440,nonnegative_capacity,2.4_pH,source_order_candidate_pending_table_or_figure_confirmation,source methods/Table 2--3 and contiguous workbook block order; source table/figure row IDs are not available in the XML export
3722,CB,CB,pH_pattern,Q_e_at_24_h_equilibrium,raw_label_retained,1440,nonnegative_capacity,2.4_pH,source_order_candidate_pending_table_or_figure_confirmation,source methods/Table 2--3 and contiguous workbook block order; source table/figure row IDs are not available in the XML export
3723,CB,CB,pH_pattern,Q_e_at_24_h_equilibrium,raw_label_retained,1440,nonnegative_capacity,2.4_pH,source_order_candidate_pending_table_or_figure_confirmation,source methods/Table 2--3 and contiguous workbook block order; source table/figure row IDs are not available in the XML export
3724,CB,CB,pH_pattern,Q_e_at_24_h_equilibrium,raw_label_retained,1440,nonnegative_capacity,2.4_pH,source_order_candidate_pending_table_or_figure_confirmation,source methods/Table 2--3 and contiguous workbook block order; source table/figure row IDs are not available in the XML export
3725,CB,CB,pH_pattern,Q_e_at_24_h_equilibrium,raw_label_retained,1440,nonnegative_capacity,2.4_pH,source_order_candidate_pending_table_or_figure_confirmation,source methods/Table 2--3 and contiguous workbook block order; source table/figure row IDs are not available in the XML export
3726,CB,CB,pH_pattern,Q_e_at_24_h_equilibrium,raw_label_retained,1440,nonnegative_capacity,2.4_pH,source_order_candidate_pending_table_or_figure_confirmation,source methods/Table 2--3 and contiguous workbook block order; source table/figure row IDs are not available in the XML export
3727,CB,CB,pH_pattern,Q_e_at_24_h_equilibrium,raw_label_retained,1440,nonnegative_capacity,2.4_pH,source_order_candidate_pending_table_or_figure_confirmation,source methods/Table 2--3 and contiguous workbook block order; source table/figure row IDs are not available in the XML export
3728,CB,CB,pH_pattern,Q_e_at_24_h_equilibrium,raw_label_retained,1440,nonnegative_capacity,2.4_pH,source_order_candidate_pending_table_or_figure_confirmation,source methods/Table 2--3 and contiguous workbook block order; source table/figure row IDs are not available in the XML export
3729,CB,CB,pH_pattern,Q_e_at_24_h_equilibrium,raw_label_retained,1440,nonnegative_capacity,2.4_pH,source_order_candidate_pending_table_or_figure_confirmation,source methods/Table 2--3 and contiguous workbook block order; source table/figure row IDs are not available in the XML export
3730,CB,CB,pH_pattern,Q_e_at_24_h_equilibrium,raw_label_retained,1440,nonnegative_capacity,2.4_pH,source_order_candidate_pending_table_or_figure_confirmation,source methods/Table 2--3 and contiguous workbook block order; source table/figure row IDs are not available in the XML export
3731,CB,CB,pH_pattern,Q_e_at_24_h_equilibrium,raw_label_retained,1440,nonnegative_capacity,2.4_pH,source_order_candidate_pending_table_or_figure_confirmation,source methods/Table 2--3 and contiguous workbook block order; source table/figure row IDs are not available in the XML export
3732,CB,CB,pH_pattern,Q_e_at_24_h_equilibrium,raw_label_retained,1440,nonnegative_capacity,2.4_pH,source_order_candidate_pending_table_or_figure_confirmation,source methods/Table 2--3 and contiguous workbook block order; source table/figure row IDs are not available in the XML export
3733,MCB,MCB,pH_pattern,Q_e_at_24_h_equilibrium,raw_label_retained,1440,nonnegative_capacity,2.4_pH,source_order_candidate_pending_table_or_figure_confirmation,source methods/Table 2--3 and contiguous workbook block order; source table/figure row IDs are not available in the XML export
3734,MCB,MCB,pH_pattern,Q_e_at_24_h_equilibrium,raw_label_retained,1440,nonnegative_capacity,2.4_pH,source_order_candidate_pending_table_or_figure_confirmation,source methods/Table 2--3 and contiguous workbook block order; source table/figure row IDs are not available in the XML export
3735,MCB,MCB,pH_pattern,Q_e_at_24_h_equilibrium,raw_label_retained,1440,nonnegative_capacity,2.4_pH,source_order_candidate_pending_table_or_figure_confirmation,source methods/Table 2--3 and contiguous workbook block order; source table/figure row IDs are not available in the XML export
3736,MCB,MCB,pH_pattern,Q_e_at_24_h_equilibrium,raw_label_retained,1440,nonnegative_capacity,2.4_pH,source_order_candidate_pending_table_or_figure_confirmation,source methods/Table 2--3 and contiguous workbook block order; source table/figure row IDs are not available in the XML export
3737,MCB,MCB,pH_pattern,Q_e_at_24_h_equilibrium,raw_label_retained,1440,nonnegative_capacity,2.4_pH,source_order_candidate_pending_table_or_figure_confirmation,source methods/Table 2--3 and contiguous workbook block order; source table/figure row IDs are not available in the XML export
3738,MCB,MCB,pH_pattern,Q_e_at_24_h_equilibrium,raw_label_retained,1440,nonnegative_capacity,2.4_pH,source_order_candidate_pending_table_or_figure_confirmation,source methods/Table 2--3 and contiguous workbook block order; source table/figure row IDs are not available in the XML export
3739,MCB,MCB,pH_pattern,Q_e_at_24_h_equilibrium,raw_label_retained,1440,nonnegative_capacity,2.4_pH,source_order_candidate_pending_table_or_figure_confirmation,source methods/Table 2--3 and contiguous workbook block order; source table/figure row IDs are not available in the XML export
3740,MCB,MCB,pH_pattern,Q_e_at_24_h_equilibrium,raw_label_retained,1440,nonnegative_capacity,2.4_pH,source_order_candidate_pending_table_or_figure_confirmation,source methods/Table 2--3 and contiguous workbook block order; source table/figure row IDs are not available in the XML export
3741,MCB,MCB,pH_pattern,Q_e_at_24_h_equilibrium,raw_label_retained,1440,nonnegative_capacity,2.4_pH,source_order_candidate_pending_table_or_figure_confirmation,source methods/Table 2--3 and contiguous workbook block order; source table/figure row IDs are not available in the XML export
3742,MCB,MCB,pH_pattern,Q_e_at_24_h_equilibrium,raw_label_retained,1440,nonnegative_capacity,2.4_pH,source_order_candidate_pending_table_or_figure_confirmation,source methods/Table 2--3 and contiguous workbook block order; source table/figure row IDs are not available in the XML export
3743,MCB,MCB,pH_pattern,Q_e_at_24_h_equilibrium,raw_label_retained,1440,nonnegative_capacity,2.4_pH,source_order_candidate_pending_table_or_figure_confirmation,source methods/Table 2--3 and contiguous workbook block order; source table/figure row IDs are not available in the XML export
3744,MCB,MCB,pH_pattern,Q_e_at_24_h_equilibrium,raw_label_retained,1440,nonnegative_capacity,2.4_pH,source_order_candidate_pending_table_or_figure_confirmation,source methods/Table 2--3 and contiguous workbook block order; source table/figure row IDs are not available in the XML export
3745,AMCB,MACB,pH_pattern,Q_e_at_24_h_equilibrium,analysis_copy_candidate_AMCB_to_MACB,1440,nonnegative_capacity,2.4_pH,source_order_candidate_pending_table_or_figure_confirmation,source methods/Table 2--3 and contiguous workbook block order; source table/figure row IDs are not available in the XML export
3746,AMCB,MACB,pH_pattern,Q_e_at_24_h_equilibrium,analysis_copy_candidate_AMCB_to_MACB,1440,nonnegative_capacity,2.4_pH,source_order_candidate_pending_table_or_figure_confirmation,source methods/Table 2--3 and contiguous workbook block order; source table/figure row IDs are not available in the XML export
3747,AMCB,MACB,pH_pattern,Q_e_at_24_h_equilibrium,analysis_copy_candidate_AMCB_to_MACB,1440,nonnegative_capacity,2.4_pH,source_order_candidate_pending_table_or_figure_confirmation,source methods/Table 2--3 and contiguous workbook block order; source table/figure row IDs are not available in the XML export
3748,AMCB,MACB,pH_pattern,Q_e_at_24_h_equilibrium,analysis_copy_candidate_AMCB_to_MACB,1440,nonnegative_capacity,2.4_pH,source_order_candidate_pending_table_or_figure_confirmation,source methods/Table 2--3 and contiguous workbook block order; source table/figure row IDs are not available in the XML export
3749,AMCB,MACB,pH_pattern,Q_e_at_24_h_equilibrium,analysis_copy_candidate_AMCB_to_MACB,1440,nonnegative_capacity,2.4_pH,source_order_candidate_pending_table_or_figure_confirmation,source methods/Table 2--3 and contiguous workbook block order; source table/figure row IDs are not available in the XML export
3750,AMCB,MACB,pH_pattern,Q_e_at_24_h_equilibrium,analysis_copy_candidate_AMCB_to_MACB,1440,nonnegative_capacity,2.4_pH,source_order_candidate_pending_table_or_figure_confirmation,source methods/Table 2--3 and contiguous workbook block order; source table/figure row IDs are not available in the XML export
3751,AMCB,MACB,pH_pattern,Q_e_at_24_h_equilibrium,analysis_copy_candidate_AMCB_to_MACB,1440,nonnegative_capacity,2.4_pH,source_order_candidate_pending_table_or_figure_confirmation,source methods/Table 2--3 and contiguous workbook block order; source table/figure row IDs are not available in the XML export
3752,AMCB,MACB,pH_pattern,Q_e_at_24_h_equilibrium,analysis_copy_candidate_AMCB_to_MACB,1440,nonnegative_capacity,2.4_pH,source_order_candidate_pending_table_or_figure_confirmation,source methods/Table 2--3 and contiguous workbook block order; source table/figure row IDs are not available in the XML export
3753,AMCB,MACB,pH_pattern,Q_e_at_24_h_equilibrium,analysis_copy_candidate_AMCB_to_MACB,1440,nonnegative_capacity,2.4_pH,source_order_candidate_pending_table_or_figure_confirmation,source methods/Table 2--3 and contiguous workbook block order; source table/figure row IDs are not available in the XML export
3754,AMCB,MACB,pH_pattern,Q_e_at_24_h_equilibrium,analysis_copy_candidate_AMCB_to_MACB,1440,nonnegative_capacity,2.4_pH,source_order_candidate_pending_table_or_figure_confirmation,source methods/Table 2--3 and contiguous workbook block order; source table/figure row IDs are not available in the XML export
3755,AMCB,MACB,pH_pattern,Q_e_at_24_h_equilibrium,analysis_copy_candidate_AMCB_to_MACB,1440,nonnegative_capacity,2.4_pH,source_order_candidate_pending_table_or_figure_confirmation,source methods/Table 2--3 and contiguous workbook block order; source table/figure row IDs are not available in the XML export
3756,AMCB,MACB,pH_pattern,Q_e_at_24_h_equilibrium,analysis_copy_candidate_AMCB_to_MACB,1440,nonnegative_capacity,2.4_pH,source_order_candidate_pending_table_or_figure_confirmation,source methods/Table 2--3 and contiguous workbook block order; source table/figure row IDs are not available in the XML export
